open_time,open,high,low,close,volume,close_time,quote_asset_volume,trades,taker_base_vol,taker_quote_vol,ignore
2018-12-30 08:00:00,3724.93,3787.39,3718.01,3769.21,1400.513084,2018-12-30 08:59:59.999,5242376.20031050,9213,804.20144800,3012754.05131416,0
2018-12-30 09:00:00,3769.17,3825.0,3746.0,3798.69,2566.297937,2018-12-30 09:59:59.999,9729060.64108510,14192,1468.96879200,5570574.07160715,0
2018-12-30 10:00:00,3798.92,3805.67,3780.94,3804.75,1347.555842,2018-12-30 10:59:59.999,5108722.59188104,8062,744.62940300,2823312.31383909,0
2018-12-30 11:00:00,3805.67,3810.64,3776.14,3785.93,1379.041726,2018-12-30 11:59:59.999,5231062.18992441,8609,662.71380600,2513873.63849682,0
2018-12-30 12:00:00,3785.92,3903.5,3720.41,3776.77,3880.770826,2018-12-30 12:59:59.999,14688663.11998407,19274,2101.82704000,7961169.01016982,0
2018-12-30 13:00:00,3775.35,3794.0,3751.18,3762.95,1415.483202,2018-12-30 13:59:59.999,5346859.36446184,9108,747.11741000,2822998.22300094,0
2018-12-30 14:00:00,3765.19,3783.0,3742.3,3777.41,1320.812851,2018-12-30 14:59:59.999,4979943.87229750,8358,748.93668800,2823761.05940803,0
2018-12-30 15:00:00,3777.75,3807.02,3763.01,3768.0,1203.718806,2018-12-30 15:59:59.999,4556512.91403431,9167,563.15290700,2131331.82751576,0
2018-12-30 16:00:00,3768.0,3785.92,3762.04,3774.14,815.218458,2018-12-30 16:59:59.999,3076153.86102426,7283,443.55868100,1673595.92371671,0
2018-12-30 17:00:00,3773.75,3797.18,3769.0,3787.24,772.980513,2018-12-30 17:59:59.999,2925515.96085992,7583,426.59289500,1614751.69603987,0
2018-12-30 18:00:00,3787.24,3795.0,3772.0,3781.71,655.962446,2018-12-30 18:59:59.999,2481331.93988898,6735,319.35765900,1208158.90256657,0
2018-12-30 19:00:00,3781.77,3809.85,3735.57,3780.12,1582.89436,2018-12-30 19:59:59.999,5983186.85763062,11279,724.35996000,2739623.37593629,0
2018-12-30 20:00:00,3779.31,3798.99,3745.0,3784.44,1628.182558,2018-12-30 20:59:59.999,6157614.32195873,9139,910.35548200,3443662.44216781,0
2018-12-30 21:00:00,3783.92,3823.0,3764.28,3795.91,1543.980373,2018-12-30 21:59:59.999,5854247.14999576,9740,787.80756600,2987524.89018683,0
2018-12-30 22:00:00,3794.01,3800.0,3785.12,3794.93,714.123572,2018-12-30 22:59:59.999,2708047.78653479,5874,432.92846300,1641802.70964506,0
2018-12-30 23:00:00,3794.92,3812.54,3776.06,3801.91,1227.688563,2018-12-30 23:59:59.999,4659011.56044577,8505,714.06312700,2709731.00416251,0
2018-12-31 00:00:00,3803.12,3810.0,3786.02,3795.38,891.449078,2018-12-31 00:59:59.999,3383630.81245515,6931,477.76520500,1813881.38375051,0
2018-12-31 01:00:00,3795.38,3797.46,3745.59,3762.94,1516.971703,2018-12-31 01:59:59.999,5717091.17445275,10194,776.43823200,2926858.47252708,0
2018-12-31 02:00:00,3762.65,3767.6,3715.73,3727.93,2433.820706,2018-12-31 02:59:59.999,9107482.79097608,12234,1414.04736000,5291089.92197904,0
2018-12-31 03:00:00,3727.93,3751.58,3725.48,3744.58,1542.540127,2018-12-31 03:59:59.999,5768977.00711163,8283,927.82291300,3469839.66721542,0
2018-12-31 04:00:00,3744.59,3756.06,3731.76,3753.72,921.690482,2018-12-31 04:59:59.999,3455046.57383524,6443,441.28609900,1654341.31880140,0
2018-12-31 05:00:00,3753.78,3755.6,3735.0,3747.45,664.03812,2018-12-31 05:59:59.999,2487555.71995397,5970,354.54053200,1328232.03804614,0
2018-12-31 06:00:00,3747.82,3759.53,3742.48,3757.45,592.267815,2018-12-31 06:59:59.999,2221281.76662378,5244,351.88449700,1319790.94624848,0
2018-12-31 07:00:00,3757.0,3763.12,3750.76,3754.45,603.916201,2018-12-31 07:59:59.999,2268754.94075987,5624,346.21723000,1300651.20195113,0
2018-12-31 08:00:00,3755.35,3761.0,3743.15,3752.21,827.945125,2018-12-31 08:59:59.999,3106201.28079095,6060,439.68156600,1649826.73277208,0
2018-12-31 09:00:00,3751.85,3791.63,3751.04,3775.59,1341.456912,2018-12-31 09:59:59.999,5055946.39515412,8165,681.58770900,2569584.75686868,0
2018-12-31 10:00:00,3775.59,3783.44,3769.0,3771.5,895.904307,2018-12-31 10:59:59.999,3381493.47782126,5838,455.58373100,1719742.64158966,0
2018-12-31 11:00:00,3772.0,3773.53,3692.11,3725.42,2713.427219,2018-12-31 11:59:59.999,10101160.07722946,14451,1254.19815000,4671727.11470842,0
2018-12-31 12:00:00,3725.42,3737.42,3715.0,3731.58,999.042415,2018-12-31 12:59:59.999,3720628.30277093,7274,501.94750400,1869628.69197436,0
2018-12-31 13:00:00,3731.87,3739.82,3725.85,3732.23,770.741769,2018-12-31 13:59:59.999,2877979.36533088,6231,385.94784300,1441326.05277150,0
2018-12-31 14:00:00,3732.23,3780.83,3724.81,3769.57,1018.445257,2018-12-31 14:59:59.999,3819590.54725417,8343,569.29767400,2135424.02778592,0
2018-12-31 15:00:00,3769.42,3783.34,3721.11,3752.46,1681.823463,2018-12-31 15:59:59.999,6306912.28611279,10286,870.44951000,3263805.58855477,0
2018-12-31 16:00:00,3752.22,3776.85,3725.0,3736.17,1218.391526,2018-12-31 16:59:59.999,4561297.35487852,7956,591.46055100,2214810.79135071,0
2018-12-31 17:00:00,3737.59,3742.92,3722.0,3736.31,923.469089,2018-12-31 17:59:59.999,3447516.33307292,5409,453.51016400,1693145.67221863,0
2018-12-31 18:00:00,3736.57,3748.98,3731.64,3741.52,632.305436,2018-12-31 18:59:59.999,2364926.35234907,4772,308.58081700,1154289.12814961,0
2018-12-31 19:00:00,3741.27,3742.22,3630.33,3687.47,3405.447231,2018-12-31 19:59:59.999,12519541.45412557,16993,1591.86997600,5853186.68512096,0
2018-12-31 20:00:00,3687.47,3688.77,3657.7,3672.0,1786.530196,2018-12-31 20:59:59.999,6563117.46885113,9925,1005.07636300,3692632.09716734,0
2018-12-31 21:00:00,3672.0,3678.0,3665.0,3671.72,743.25843,2018-12-31 21:59:59.999,2728975.36742529,5419,364.23740300,1337667.91897614,0
2018-12-31 22:00:00,3671.71,3687.02,3662.02,3686.43,770.550662,2018-12-31 22:59:59.999,2830596.62025846,5869,388.85320800,1428305.77286141,0
2018-12-31 23:00:00,3685.54,3707.5,3684.22,3702.9,1096.345081,2018-12-31 23:59:59.999,4051512.64748809,6394,571.51189700,2112470.13947577,0
2019-01-01 00:00:00,3701.23,3713.0,3689.88,3700.31,686.36742,2019-01-01 00:59:59.999,2539069.22918493,5534,370.85531400,1371962.40437473,0
2019-01-01 01:00:00,3700.2,3702.73,3684.22,3689.69,613.539115,2019-01-01 01:59:59.999,2266699.82001748,5086,320.64444800,1184518.68168707,0
2019-01-01 02:00:00,3689.67,3695.95,3675.04,3690.0,895.302181,2019-01-01 02:59:59.999,3302044.30002383,6391,471.85711800,1740469.33850571,0
2019-01-01 03:00:00,3690.0,3699.77,3685.78,3693.13,796.714818,2019-01-01 03:59:59.999,2942421.71944333,5709,459.94838100,1698856.96609518,0
2019-01-01 04:00:00,3692.32,3720.0,3685.94,3692.71,1317.452909,2019-01-01 04:59:59.999,4872936.74721534,7908,770.99553300,2852106.12513687,0
2019-01-01 05:00:00,3693.98,3704.44,3692.73,3699.94,572.402228,2019-01-01 05:59:59.999,2117704.50427743,3886,326.52097500,1208150.46692599,0
2019-01-01 06:00:00,3699.95,3713.93,3697.0,3703.56,660.279771,2019-01-01 06:59:59.999,2446400.84113162,4839,384.50991500,1424666.66528094,0
2019-01-01 07:00:00,3703.63,3726.64,3703.34,3713.83,823.625491,2019-01-01 07:59:59.999,3057514.26530647,5335,424.73922000,1577036.53083196,0
2019-01-01 08:00:00,3714.19,3731.19,3707.0,3716.7,887.101362,2019-01-01 08:59:59.999,3300499.52741762,6190,468.47321100,1742964.48848143,0
2019-01-01 09:00:00,3716.98,3732.0,3696.14,3699.95,955.879034,2019-01-01 09:59:59.999,3545473.52265626,5670,510.88539100,1895818.29520150,0
2019-01-01 10:00:00,3699.96,3717.11,3698.0,3713.07,534.113945,2019-01-01 10:59:59.999,1981238.27916797,4008,290.43443700,1077294.14824291,0
2019-01-01 11:00:00,3713.07,3722.22,3706.88,3707.54,600.664642,2019-01-01 11:59:59.999,2231596.68743807,4838,305.09857900,1133571.72219358,0
2019-01-01 12:00:00,3707.56,3725.0,3698.25,3717.0,654.27771,2019-01-01 12:59:59.999,2428995.46108550,4802,352.18218700,1307746.37403250,0
2019-01-01 13:00:00,3717.0,3756.94,3708.41,3715.93,941.785695,2019-01-01 13:59:59.999,3506657.91049441,5975,568.85731000,2119100.47755112,0
2019-01-01 14:00:00,3715.23,3717.0,3684.21,3698.53,1127.366632,2019-01-01 14:59:59.999,4174145.84090643,6899,546.53742500,2024161.84251370,0
2019-01-01 15:00:00,3698.28,3698.87,3666.01,3682.61,996.688532,2019-01-01 15:59:59.999,3670749.82060275,6788,500.26513500,1842402.08770963,0
2019-01-01 16:00:00,3683.0,3696.23,3677.48,3693.54,629.18028,2019-01-01 16:59:59.999,2320803.15908220,4600,327.56283400,1208303.20928010,0
2019-01-01 17:00:00,3693.5,3701.68,3675.01,3686.32,380.215487,2019-01-01 17:59:59.999,1403206.21528002,4207,199.42991400,736085.61871057,0
2019-01-01 18:00:00,3686.34,3686.35,3642.0,3659.41,1083.207096,2019-01-01 18:59:59.999,3966667.50518730,7211,524.27778500,1920151.86707730,0
2019-01-01 19:00:00,3659.56,3699.99,3659.56,3696.73,1155.513112,2019-01-01 19:59:59.999,4247300.53490663,6923,738.86259200,2715296.97606765,0
2019-01-01 20:00:00,3696.71,3726.93,3675.67,3719.0,2021.170948,2019-01-01 20:59:59.999,7499086.50823139,11604,1132.45274100,4202782.04233233,0
2019-01-01 21:00:00,3719.0,3730.01,3700.0,3708.21,1105.501735,2019-01-01 21:59:59.999,4107122.15187526,7130,589.37281300,2190145.11147162,0
2019-01-01 22:00:00,3707.98,3717.07,3692.42,3711.2,624.620136,2019-01-01 22:59:59.999,2316083.74706079,5721,320.42610700,1188213.35746098,0
2019-01-01 23:00:00,3712.85,3810.16,3706.43,3797.14,3678.716754,2019-01-01 23:59:59.999,13904830.79431158,16973,2013.96653400,7611631.06969263,0
2019-01-02 00:00:00,3796.45,3810.0,3763.75,3778.02,2094.025159,2019-01-02 00:59:59.999,7927726.29243582,10665,1108.37840800,4197072.30757583,0
2019-01-02 01:00:00,3778.62,3792.0,3765.75,3770.0,912.811113,2019-01-02 01:59:59.999,3450021.65237429,6210,402.31872400,1520610.20983331,0
2019-01-02 02:00:00,3769.98,3785.1,3768.0,3783.28,719.302757,2019-01-02 02:59:59.999,2716784.18945001,5401,277.57313600,1048522.23925004,0
2019-01-02 03:00:00,3783.28,3796.22,3773.79,3779.98,770.368067,2019-01-02 03:59:59.999,2915832.26662619,5710,365.28072600,1382915.97534947,0
2019-01-02 04:00:00,3780.0,3788.31,3765.0,3776.41,748.260209,2019-01-02 04:59:59.999,2825638.32453794,5835,337.31286900,1273981.86081663,0
2019-01-02 05:00:00,3776.16,3778.42,3768.0,3773.04,415.849513,2019-01-02 05:59:59.999,1568711.69816698,5001,212.92124200,803255.65810620,0
2019-01-02 06:00:00,3773.04,3775.0,3750.45,3758.53,916.986058,2019-01-02 06:59:59.999,3451865.14919885,6808,395.50801500,1489120.92170061,0
2019-01-02 07:00:00,3758.53,3778.54,3755.4,3771.08,1338.79474,2019-01-02 07:59:59.999,5042810.17473033,9727,626.51429200,2359937.38271640,0
2019-01-02 08:00:00,3772.64,3800.0,3770.09,3781.35,2216.579225,2019-01-02 08:59:59.999,8383935.08618102,14534,1175.17183600,4445758.72918608,0
2019-01-02 09:00:00,3780.81,3786.24,3770.0,3775.0,1483.627847,2019-01-02 09:59:59.999,5604426.27267310,8460,604.81438300,2284447.67571202,0
2019-01-02 10:00:00,3773.84,3794.4,3770.03,3788.0,1117.136593,2019-01-02 10:59:59.999,4222018.60595823,8212,563.39239400,2129647.16109906,0
2019-01-02 11:00:00,3788.22,3803.68,3777.82,3787.97,1395.941655,2019-01-02 11:59:59.999,5290195.28982266,8936,690.93358000,2618716.37328915,0
2019-01-02 12:00:00,3788.81,3793.72,3778.23,3792.51,1179.766158,2019-01-02 12:59:59.999,4466590.69756798,7319,611.28814300,2314400.25390575,0
2019-01-02 13:00:00,3793.12,3839.63,3790.82,3825.65,2589.868431,2019-01-02 13:59:59.999,9886282.49161121,13833,1432.80043900,5469358.30056609,0
2019-01-02 14:00:00,3825.19,3834.26,3796.51,3811.24,2325.654093,2019-01-02 14:59:59.999,8859641.42035417,10957,1165.27333400,4439077.25415464,0
2019-01-02 15:00:00,3812.17,3815.0,3785.75,3801.28,1359.581327,2019-01-02 15:59:59.999,5170975.93382723,8568,700.15752200,2663491.12841313,0
2019-01-02 16:00:00,3802.61,3865.72,3795.0,3824.89,2696.187308,2019-01-02 16:59:59.999,10324509.06309087,13610,1576.66149900,6038538.84885541,0
2019-01-02 17:00:00,3824.89,3845.78,3811.01,3822.6,2166.328561,2019-01-02 17:59:59.999,8284002.96057881,10875,1114.39972700,4260118.01715832,0
2019-01-02 18:00:00,3822.62,3833.0,3807.0,3828.87,1203.590309,2019-01-02 18:59:59.999,4595777.15865987,7991,564.72109400,2156936.97746690,0
2019-01-02 19:00:00,3827.22,3830.19,3801.14,3824.98,921.475994,2019-01-02 19:59:59.999,3517565.67730115,7408,510.20239000,1947658.35967627,0
2019-01-02 20:00:00,3824.98,3854.35,3812.34,3849.0,1189.427606,2019-01-02 20:59:59.999,4555593.14001521,8878,602.06629800,2305805.18161358,0
2019-01-02 21:00:00,3849.27,3876.0,3830.06,3856.68,1770.790639,2019-01-02 21:59:59.999,6822259.70728579,10829,857.57518100,3304565.54222944,0
2019-01-02 22:00:00,3857.36,3876.0,3842.46,3862.12,1464.303496,2019-01-02 22:59:59.999,5640543.49109950,9604,879.25854600,3386773.52685807,0
2019-01-02 23:00:00,3861.62,3882.14,3851.0,3858.56,2159.806511,2019-01-02 23:59:59.999,8352920.50296339,13167,1147.07633600,4437187.77552548,0
2019-01-03 00:00:00,3857.57,3862.74,3828.7,3830.78,1754.761595,2019-01-03 00:59:59.999,6757363.67184099,10950,863.87292400,3327419.06852998,0
2019-01-03 01:00:00,3830.76,3843.24,3821.14,3835.96,1334.960909,2019-01-03 01:59:59.999,5116097.16088266,8772,722.62922500,2769590.26635586,0
2019-01-03 02:00:00,3835.96,3844.99,3825.85,3833.47,651.947136,2019-01-03 02:59:59.999,2501621.61583933,6739,323.95513900,1243070.80173433,0
2019-01-03 03:00:00,3833.69,3847.05,3832.0,3841.83,732.021603,2019-01-03 03:59:59.999,2811851.08481109,5844,441.65788400,1696482.96088320,0
2019-01-03 04:00:00,3841.83,3850.0,3833.7,3834.59,649.628917,2019-01-03 04:59:59.999,2497026.73657564,6780,296.98601100,1141641.84143701,0
2019-01-03 05:00:00,3834.7,3840.31,3805.0,3824.38,1094.336108,2019-01-03 05:59:59.999,4180970.57166567,8434,506.09540900,1933753.31576301,0
2019-01-03 06:00:00,3824.38,3829.89,3813.62,3820.53,774.978958,2019-01-03 06:59:59.999,2963174.05673056,5998,409.60252200,1566257.49628189,0
2019-01-03 07:00:00,3821.81,3837.52,3820.39,3828.88,706.28305,2019-01-03 07:59:59.999,2703950.60944770,6167,380.77311200,1457899.83029368,0
2019-01-03 08:00:00,3828.88,3832.83,3796.0,3805.0,1539.518737,2019-01-03 08:59:59.999,5873692.90820210,9444,654.48148100,2497360.79132649,0
2019-01-03 09:00:00,3805.85,3814.96,3783.0,3805.81,1663.638855,2019-01-03 09:59:59.999,6326423.09635584,9241,824.37931500,3135872.49675302,0
2019-01-03 10:00:00,3806.13,3819.0,3804.07,3811.52,1319.359017,2019-01-03 10:59:59.999,5029915.52328733,7503,596.16800200,2273019.41539413,0
2019-01-03 11:00:00,3810.61,3813.51,3787.29,3804.0,1649.230215,2019-01-03 11:59:59.999,6265894.93372763,9476,854.97487700,3248479.96062115,0
2019-01-03 12:00:00,3803.31,3823.0,3795.33,3818.02,1243.81332,2019-01-03 12:59:59.999,4734821.15317736,8013,674.38081400,2567055.83557138,0
2019-01-03 13:00:00,3817.17,3822.0,3809.35,3817.36,1097.353713,2019-01-03 13:59:59.999,4186558.33954056,7143,558.10735800,2129562.03431051,0
2019-01-03 14:00:00,3816.64,3817.37,3790.04,3796.7,1187.831704,2019-01-03 14:59:59.999,4517805.10098045,8096,569.93219500,2168031.33228303,0
2019-01-03 15:00:00,3796.79,3811.89,3785.32,3806.7,1340.266726,2019-01-03 15:59:59.999,5096398.40950028,8750,711.42384700,2705569.25730511,0
2019-01-03 16:00:00,3807.37,3807.75,3730.0,3738.0,3271.17214,2019-01-03 16:59:59.999,12286752.42263509,17730,1445.38094900,5430504.14869026,0
2019-01-03 17:00:00,3738.71,3762.04,3732.19,3748.46,2025.998359,2019-01-03 17:59:59.999,7598461.41005425,10742,1148.62627900,4307656.96503762,0
2019-01-03 18:00:00,3748.46,3759.33,3738.0,3757.89,1021.63925,2019-01-03 18:59:59.999,3829599.24326709,7826,574.00868900,2152037.05769319,0
2019-01-03 19:00:00,3757.58,3763.71,3740.11,3756.0,771.584632,2019-01-03 19:59:59.999,2895619.63634719,7287,405.65849400,1522377.45147022,0
2019-01-03 20:00:00,3756.0,3782.25,3752.37,3780.03,760.416581,2019-01-03 20:59:59.999,2865206.78984789,7727,410.30764300,1546081.53602751,0
2019-01-03 21:00:00,3779.99,3782.69,3768.23,3771.26,1333.486625,2019-01-03 21:59:59.999,5034916.54159955,8162,634.99222600,2397860.18964530,0
2019-01-03 22:00:00,3771.27,3781.4,3757.14,3773.79,959.792717,2019-01-03 22:59:59.999,3614343.21087912,7005,504.81213300,1901081.37613934,0
2019-01-03 23:00:00,3773.42,3775.53,3757.87,3766.78,522.927492,2019-01-03 23:59:59.999,1968908.46806931,5983,279.87673900,1053829.99738262,0
2019-01-04 00:00:00,3767.2,3767.21,3730.0,3750.3,1249.546728,2019-01-04 00:59:59.999,4680245.63987982,8434,643.20310800,2409081.17183943,0
2019-01-04 01:00:00,3750.53,3776.89,3749.67,3766.23,793.94147,2019-01-04 01:59:59.999,2987767.94481273,6626,456.10778600,1716681.99297840,0
2019-01-04 02:00:00,3765.67,3766.48,3750.41,3758.65,583.328094,2019-01-04 02:59:59.999,2193116.86411497,5558,285.15437800,1072225.25826165,0
2019-01-04 03:00:00,3759.33,3787.65,3752.41,3780.04,981.911562,2019-01-04 03:59:59.999,3699743.94859886,6996,591.46843100,2228600.43195531,0
2019-01-04 04:00:00,3780.04,3793.0,3761.94,3775.33,1290.111753,2019-01-04 04:59:59.999,4868331.59358347,7862,635.78163600,2399656.56612640,0
2019-01-04 05:00:00,3776.18,3788.53,3764.37,3779.9,982.013535,2019-01-04 05:59:59.999,3709295.97685172,7572,540.61762400,2042122.21814910,0
2019-01-04 06:00:00,3779.9,3797.52,3775.92,3783.02,1406.840685,2019-01-04 06:59:59.999,5327344.76125690,8777,769.13664000,2912516.69431134,0
2019-01-04 07:00:00,3783.34,3800.0,3779.54,3783.28,1150.958402,2019-01-04 07:59:59.999,4359725.64860008,7955,619.17371600,2346020.80788169,0
2019-01-04 08:00:00,3783.28,3800.0,3766.75,3771.34,1487.042166,2019-01-04 08:59:59.999,5630862.06065192,8513,791.35102300,2997190.82714674,0
2019-01-04 09:00:00,3771.35,3789.9,3757.0,3764.35,1358.102238,2019-01-04 09:59:59.999,5117261.84599902,8151,718.29455400,2707520.36013131,0
2019-01-04 10:00:00,3764.03,3777.16,3756.48,3775.48,849.648521,2019-01-04 10:59:59.999,3199529.76286042,6519,411.29005400,1548926.36082006,0
2019-01-04 11:00:00,3775.46,3777.77,3752.0,3757.55,926.726488,2019-01-04 11:59:59.999,3491922.09842655,6642,384.37681500,1448805.96215161,0
2019-01-04 12:00:00,3754.05,3765.0,3739.0,3755.52,1467.234732,2019-01-04 12:59:59.999,5507563.66359560,8272,730.80598900,2743702.88285689,0
2019-01-04 13:00:00,3755.95,3757.52,3742.08,3744.0,1476.93285,2019-01-04 13:59:59.999,5537107.05055095,7654,724.01917600,2714530.82017855,0
2019-01-04 14:00:00,3744.62,3751.94,3703.62,3717.14,2731.97833,2019-01-04 14:59:59.999,10182870.59428578,13205,1341.21575700,5000637.47557880,0
2019-01-04 15:00:00,3715.58,3728.59,3703.57,3725.28,1424.786802,2019-01-04 15:59:59.999,5300519.26754784,10016,773.44932400,2877652.27531036,0
2019-01-04 16:00:00,3725.3,3754.0,3717.3,3747.5,1245.430684,2019-01-04 16:59:59.999,4651379.52549958,8787,640.70894000,2394054.85610934,0
2019-01-04 17:00:00,3747.5,3749.5,3735.03,3745.22,929.209102,2019-01-04 17:59:59.999,3477660.21575642,7335,508.63738500,1903737.23038709,0
2019-01-04 18:00:00,3745.43,3745.96,3726.99,3730.0,828.895917,2019-01-04 18:59:59.999,3097653.61352021,6447,452.89307300,1692745.36513239,0
2019-01-04 19:00:00,3730.41,3746.59,3729.02,3739.53,822.286715,2019-01-04 19:59:59.999,3074676.42624519,7213,410.98205000,1537047.15014712,0
2019-01-04 20:00:00,3739.74,3786.0,3733.46,3764.24,1359.295482,2019-01-04 20:59:59.999,5106732.69089076,8595,826.85089000,3106033.39708939,0
2019-01-04 21:00:00,3762.36,3823.64,3760.21,3802.36,2242.107164,2019-01-04 21:59:59.999,8505338.51917004,11981,1302.13860700,4939751.86088525,0
2019-01-04 22:00:00,3802.59,3816.18,3778.51,3790.98,1203.466166,2019-01-04 22:59:59.999,4565628.75516869,7604,625.77168900,2374207.21711502,0
2019-01-04 23:00:00,3792.35,3800.98,3787.57,3792.01,727.759085,2019-01-04 23:59:59.999,2762272.17279444,5518,395.87461300,1502754.79535323,0
2019-01-05 00:00:00,3790.09,3838.7,3788.97,3811.76,2440.690197,2019-01-05 00:59:59.999,9304134.41956976,11929,1429.05090000,5448472.10669940,0
2019-01-05 01:00:00,3811.79,3827.41,3783.25,3803.58,2262.749078,2019-01-05 01:59:59.999,8607312.63622155,9651,1303.59403400,4959125.20585423,0
2019-01-05 02:00:00,3803.56,3820.13,3802.43,3811.88,1318.638944,2019-01-05 02:59:59.999,5028710.87794217,8757,586.21201000,2235267.32572744,0
2019-01-05 03:00:00,3813.16,3822.27,3803.25,3815.0,1107.479271,2019-01-05 03:59:59.999,4221316.84811596,6751,498.45522100,1899819.67347493,0
2019-01-05 04:00:00,3815.35,3826.39,3812.09,3815.72,1224.004168,2019-01-05 04:59:59.999,4675048.31035406,8236,430.87004200,1645907.38530671,0
2019-01-05 05:00:00,3815.72,3840.99,3815.72,3834.01,1477.733328,2019-01-05 05:59:59.999,5658632.40966202,9064,678.65426200,2599522.09572147,0
2019-01-05 06:00:00,3834.01,3835.08,3792.0,3799.45,2015.473573,2019-01-05 06:59:59.999,7679627.54829064,10439,874.49608800,3330523.23835466,0
2019-01-05 07:00:00,3799.71,3804.99,3780.13,3785.15,956.110214,2019-01-05 07:59:59.999,3627499.37274720,6994,451.74592200,1714330.92654321,0
2019-01-05 08:00:00,3784.37,3798.84,3783.76,3793.56,614.93263,2019-01-05 08:59:59.999,2332514.71801113,6614,332.68172400,1261990.91770578,0
2019-01-05 09:00:00,3793.01,3796.94,3787.03,3790.36,658.552407,2019-01-05 09:59:59.999,2497160.45919282,6218,354.90095400,1345924.71726204,0
2019-01-05 10:00:00,3789.72,3793.81,3770.0,3787.94,955.933711,2019-01-05 10:59:59.999,3616155.06629203,8611,417.97447300,1581485.04363630,0
2019-01-05 11:00:00,3788.79,3812.63,3787.53,3801.26,859.398176,2019-01-05 11:59:59.999,3265223.81250224,7419,493.86048600,1876334.57229646,0
2019-01-05 12:00:00,3801.03,3811.98,3796.35,3802.47,964.382953,2019-01-05 12:59:59.999,3667429.27092362,8052,480.06984700,1825788.28196390,0
2019-01-05 13:00:00,3801.79,3802.74,3782.0,3793.84,1386.14167,2019-01-05 13:59:59.999,5256494.19243053,9486,695.27659100,2636835.04530327,0
2019-01-05 14:00:00,3793.83,3794.89,3778.01,3787.45,1333.232982,2019-01-05 14:59:59.999,5049864.22440182,8245,651.24568600,2466820.25318344,0
2019-01-05 15:00:00,3787.55,3814.0,3785.02,3785.58,1807.063707,2019-01-05 15:59:59.999,6867361.22492203,11614,914.14965200,3474225.61418294,0
2019-01-05 16:00:00,3785.58,3805.0,3775.0,3797.19,1663.60144,2019-01-05 16:59:59.999,6309362.14659221,10590,802.72818500,3044834.81985887,0
2019-01-05 17:00:00,3797.0,3807.99,3795.82,3801.36,1004.571073,2019-01-05 17:59:59.999,3817960.44578148,7395,445.80252100,1694553.28091728,0
2019-01-05 18:00:00,3801.52,3818.51,3798.26,3809.02,1159.90149,2019-01-05 18:59:59.999,4416918.41525745,7846,554.76681300,2112389.19860099,0
2019-01-05 19:00:00,3810.0,3820.0,3798.19,3810.98,868.144392,2019-01-05 19:59:59.999,3308122.73742501,7098,427.57486400,1629644.67530440,0
2019-01-05 20:00:00,3810.89,3812.36,3800.0,3803.68,514.185341,2019-01-05 20:59:59.999,1956849.58837612,5603,251.85416600,958644.71905557,0
2019-01-05 21:00:00,3804.95,3812.5,3799.0,3806.57,493.090412,2019-01-05 21:59:59.999,1876913.25619641,5755,245.97957000,936296.31333557,0
2019-01-05 22:00:00,3806.33,3810.2,3751.0,3786.62,2574.917606,2019-01-05 22:59:59.999,9719761.27558975,14250,1165.73036700,4397905.65840670,0
2019-01-05 23:00:00,3786.62,3786.63,3766.14,3770.96,829.738988,2019-01-05 23:59:59.999,3133128.01836077,7056,421.23979700,1590814.31746379,0
2019-01-06 00:00:00,3771.12,3792.12,3761.6,3786.76,964.564428,2019-01-06 00:59:59.999,3644873.17857191,7432,521.27464400,1969608.56277787,0
2019-01-06 01:00:00,3786.86,3791.98,3761.15,3765.65,1065.356514,2019-01-06 01:59:59.999,4025310.12733864,7556,471.67006800,1782515.67846927,0
2019-01-06 02:00:00,3765.65,3775.01,3740.0,3771.82,1629.662522,2019-01-06 02:59:59.999,6131888.44224554,9536,767.00773000,2887316.93607771,0
2019-01-06 03:00:00,3771.57,3778.13,3765.49,3771.15,575.947111,2019-01-06 03:59:59.999,2172058.37626408,5462,288.79776500,1089233.30878393,0
2019-01-06 04:00:00,3771.7,3776.86,3760.58,3767.9,648.534626,2019-01-06 04:59:59.999,2443786.99600975,5306,319.51900800,1204177.74195765,0
2019-01-06 05:00:00,3768.13,3783.55,3764.43,3777.75,586.813576,2019-01-06 05:59:59.999,2216258.98880602,5747,351.23927300,1326727.88688984,0
2019-01-06 06:00:00,3778.38,3779.76,3772.14,3772.22,330.386704,2019-01-06 06:59:59.999,1247811.44442055,4439,171.31710000,647108.94373172,0
2019-01-06 07:00:00,3772.34,3775.11,3760.0,3767.94,656.498524,2019-01-06 07:59:59.999,2473333.49964731,6437,339.61540400,1279727.51398983,0
2019-01-06 08:00:00,3768.11,3773.32,3761.81,3772.88,569.315529,2019-01-06 08:59:59.999,2144190.95990055,5108,312.09390300,1175529.20257793,0
2019-01-06 09:00:00,3772.77,3782.56,3770.93,3771.3,821.586998,2019-01-06 09:59:59.999,3102560.19513711,5939,499.80022700,1887585.11757886,0
2019-01-06 10:00:00,3771.3,3812.02,3770.93,3796.99,1745.968805,2019-01-06 10:59:59.999,6621091.76679531,8965,991.05848500,3758689.88162748,0
2019-01-06 11:00:00,3796.42,3820.82,3796.42,3814.24,1851.631122,2019-01-06 11:59:59.999,7052968.08732675,9592,1058.32565300,4031540.37179141,0
2019-01-06 12:00:00,3814.23,3820.41,3787.07,3790.81,1358.359908,2019-01-06 12:59:59.999,5163031.86782104,8532,725.76694200,2759260.79865632,0
2019-01-06 13:00:00,3791.12,3808.31,3785.0,3798.61,839.147623,2019-01-06 13:59:59.999,3185982.13869034,6255,485.35812500,1842970.85907320,0
2019-01-06 14:00:00,3800.0,3805.0,3791.0,3801.35,900.376637,2019-01-06 14:59:59.999,3419726.35130722,6156,466.02246200,1770199.76796372,0
2019-01-06 15:00:00,3802.0,3824.99,3800.24,3806.82,1551.907518,2019-01-06 15:59:59.999,5916543.96974447,10033,870.87523500,3320512.14236441,0
2019-01-06 16:00:00,3806.91,3814.99,3800.31,3813.39,916.842816,2019-01-06 16:59:59.999,3491818.63622191,7232,476.21096100,1813929.45287343,0
2019-01-06 17:00:00,3813.39,4025.0,3813.39,4007.11,8255.228309,2019-01-06 17:59:59.999,32701822.74647729,44797,4669.52247700,18466954.33872897,0
2019-01-06 18:00:00,4007.13,4027.71,3972.71,3989.09,3032.692339,2019-01-06 18:59:59.999,12132591.64091840,19612,1575.62445400,6302969.69631701,0
2019-01-06 19:00:00,3990.0,4013.0,3989.12,4002.46,2004.541875,2019-01-06 19:59:59.999,8022877.34753979,12730,918.08681300,3674037.57648183,0
2019-01-06 20:00:00,4001.41,4015.0,3967.01,3977.16,1848.30919,2019-01-06 20:59:59.999,7385992.42820509,11913,942.12082200,3766233.33294209,0
2019-01-06 21:00:00,3980.57,3985.69,3953.53,3967.49,2190.129871,2019-01-06 21:59:59.999,8688592.86825885,13209,1361.89866900,5402114.31510021,0
2019-01-06 22:00:00,3967.49,3988.0,3965.42,3970.36,977.128225,2019-01-06 22:59:59.999,3887798.12483857,9036,532.40061900,2118318.40404557,0
2019-01-06 23:00:00,3970.99,4009.63,3970.79,3987.6,1232.875939,2019-01-06 23:59:59.999,4925902.00666060,9472,657.28016900,2626444.09927093,0
2019-01-07 00:00:00,3987.62,4017.9,3986.41,4008.05,1506.176402,2019-01-07 00:59:59.999,6035399.71717911,10271,840.99695300,3369924.98404494,0
2019-01-07 01:00:00,4008.88,4009.84,3972.06,3984.28,1753.09007,2019-01-07 01:59:59.999,6988690.55476843,10628,899.08167600,3584015.18596881,0
2019-01-07 02:00:00,3984.02,3987.2,3970.03,3987.2,1289.863277,2019-01-07 02:59:59.999,5132623.17045088,8614,582.11450400,2316639.26788434,0
2019-01-07 03:00:00,3987.04,3996.97,3983.03,3992.26,815.622544,2019-01-07 03:59:59.999,3254751.07731596,7321,386.25389900,1541460.46792779,0
2019-01-07 04:00:00,3991.69,3996.06,3986.4,3988.72,648.232107,2019-01-07 04:59:59.999,2587752.34287779,6443,286.89983800,1145352.22019935,0
2019-01-07 05:00:00,3987.89,3996.08,3980.08,3994.96,732.657805,2019-01-07 05:59:59.999,2923203.11465154,6484,360.49541000,1438464.98195532,0
2019-01-07 06:00:00,3993.82,4001.77,3982.61,3990.78,1105.659213,2019-01-07 06:59:59.999,4414136.79488088,7383,623.32536900,2488786.83526225,0
2019-01-07 07:00:00,3990.76,4001.21,3988.0,4001.0,1113.761223,2019-01-07 07:59:59.999,4448357.74492572,7863,535.50317000,2138862.10716046,0
2019-01-07 08:00:00,4001.02,4015.0,3990.0,4007.7,2023.90655,2019-01-07 08:59:59.999,8099668.14508647,10398,994.75260100,3981570.86930363,0
2019-01-07 09:00:00,4007.68,4010.67,3921.53,3957.01,4055.909859,2019-01-07 09:59:59.999,16072562.36193083,19703,2005.61924500,7947052.22420558,0
2019-01-07 10:00:00,3957.01,3997.0,3955.5,3959.35,2001.424162,2019-01-07 10:59:59.999,7952765.89534079,12297,1164.86866900,4628477.71292542,0
2019-01-07 11:00:00,3959.35,3976.9,3952.07,3976.76,975.349508,2019-01-07 11:59:59.999,3867116.65236122,7692,539.46417500,2139116.52319480,0
2019-01-07 12:00:00,3976.78,3978.0,3955.02,3956.87,881.119979,2019-01-07 12:59:59.999,3499065.88885061,8453,374.72691100,1488389.48130098,0
2019-01-07 13:00:00,3956.87,3982.96,3955.02,3980.26,849.436031,2019-01-07 13:59:59.999,3372610.29195181,8071,473.90649300,1881743.45258044,0
2019-01-07 14:00:00,3980.98,4000.0,3975.8,3985.46,1168.983601,2019-01-07 14:59:59.999,4660659.30757944,9416,619.49343700,2470381.93285649,0
2019-01-07 15:00:00,3985.48,3990.0,3964.49,3969.91,1269.785993,2019-01-07 15:59:59.999,5048909.11353388,9238,558.88052900,2222694.91789188,0
2019-01-07 16:00:00,3969.91,3985.98,3965.0,3978.96,1225.540906,2019-01-07 16:59:59.999,4872742.92938484,9127,693.46379300,2757200.28060718,0
2019-01-07 17:00:00,3978.96,3989.18,3941.0,3979.34,2244.208569,2019-01-07 17:59:59.999,8913570.55908698,12430,1098.80067700,4364592.22836327,0
2019-01-07 18:00:00,3979.34,3994.98,3976.0,3977.89,1326.024328,2019-01-07 18:59:59.999,5282719.14575152,9216,751.80758100,2995428.60528491,0
2019-01-07 19:00:00,3977.0,3989.35,3974.31,3988.52,906.537352,2019-01-07 19:59:59.999,3610063.71833509,7383,511.66883000,2037784.81317321,0
2019-01-07 20:00:00,3987.71,3988.74,3961.0,3970.96,1272.856043,2019-01-07 20:59:59.999,5061051.39328129,9232,664.80634900,2643327.90534142,0
2019-01-07 21:00:00,3969.88,3981.25,3967.0,3971.98,776.604485,2019-01-07 21:59:59.999,3087541.07040205,6775,445.25684400,1770251.38765738,0
2019-01-07 22:00:00,3971.99,3975.35,3951.55,3964.81,1130.427113,2019-01-07 22:59:59.999,4482979.34293251,9750,585.84495300,2323595.14116368,0
2019-01-07 23:00:00,3965.61,3978.97,3954.19,3975.45,796.669144,2019-01-07 23:59:59.999,3161440.16001275,7031,406.32033500,1612498.12430786,0
2019-01-08 00:00:00,3976.76,3989.0,3973.79,3981.12,930.173886,2019-01-08 00:59:59.999,3703205.01115012,7707,466.43834700,1857097.30162857,0
2019-01-08 01:00:00,3981.12,3982.1,3960.0,3961.03,965.357437,2019-01-08 01:59:59.999,3830122.30509952,6936,487.97218500,1936111.03501196,0
2019-01-08 02:00:00,3961.53,3966.39,3922.0,3949.16,2296.01163,2019-01-08 02:59:59.999,9051478.66712040,12229,1106.50131900,4362012.70047629,0
2019-01-08 03:00:00,3949.0,3957.49,3942.0,3945.61,1034.499947,2019-01-08 03:59:59.999,4085109.80356869,7703,554.17029300,2188463.42064433,0
2019-01-08 04:00:00,3944.94,3947.62,3936.26,3944.88,1460.014763,2019-01-08 04:59:59.999,5755045.71703581,7986,786.76279800,3101436.28058678,0
2019-01-08 05:00:00,3943.86,3952.54,3939.81,3950.49,1002.696468,2019-01-08 05:59:59.999,3957065.98697191,6631,488.06809300,1926257.04596657,0
2019-01-08 06:00:00,3950.49,3965.66,3940.0,3958.56,1044.670249,2019-01-08 06:59:59.999,4127405.26632324,7439,533.15615800,2107066.13406210,0
2019-01-08 07:00:00,3959.59,3968.42,3946.09,3953.6,1038.145484,2019-01-08 07:59:59.999,4110609.55947461,7134,496.41721100,1965703.37909572,0
2019-01-08 08:00:00,3953.14,3974.2,3948.75,3960.64,1238.26706,2019-01-08 08:59:59.999,4903701.40030705,8649,633.72191200,2509370.08302739,0
2019-01-08 09:00:00,3960.67,3982.0,3958.48,3973.62,1716.901261,2019-01-08 09:59:59.999,6812603.63645437,12239,821.12833300,3258627.74337820,0
2019-01-08 10:00:00,3972.12,3982.25,3964.0,3980.69,1303.373959,2019-01-08 10:59:59.999,5176651.93340527,9123,813.00113800,3228747.02554419,0
2019-01-08 11:00:00,3981.81,4018.0,3967.93,4001.59,2222.315967,2019-01-08 11:59:59.999,8874956.80300894,12727,1204.52842600,4812458.64250576,0
2019-01-08 12:00:00,4002.32,4007.0,3988.64,3988.83,1582.579228,2019-01-08 12:59:59.999,6324672.33490804,9735,823.76884400,3292148.94117559,0
2019-01-08 13:00:00,3989.16,4039.0,3988.83,4026.72,2585.67229,2019-01-08 13:59:59.999,10380813.57005678,15447,1425.43437700,5722111.29409633,0
2019-01-08 14:00:00,4027.3,4028.19,4002.76,4008.81,2165.90347,2019-01-08 14:59:59.999,8696010.30718926,13184,1167.32753800,4686320.32293037,0
2019-01-08 15:00:00,4008.81,4069.8,3981.0,4000.48,4677.308972,2019-01-08 15:59:59.999,18827171.89000393,20635,2298.29717400,9255597.37467491,0
2019-01-08 16:00:00,4002.04,4007.84,3938.82,3968.77,3645.257845,2019-01-08 16:59:59.999,14497855.81235102,17807,1735.80836300,6905229.71109166,0
2019-01-08 17:00:00,3970.76,3984.4,3956.0,3962.0,1615.968972,2019-01-08 17:59:59.999,6419165.90393716,9662,854.46466400,3395200.81184961,0
2019-01-08 18:00:00,3962.0,3977.06,3954.0,3968.46,892.064159,2019-01-08 18:59:59.999,3537767.99046852,7840,543.16165400,2153742.15993009,0
2019-01-08 19:00:00,3969.42,3983.0,3957.93,3976.12,906.055119,2019-01-08 19:59:59.999,3598745.40171415,7803,553.11570000,2197161.83416576,0
2019-01-08 20:00:00,3976.11,3985.8,3965.4,3965.4,771.559473,2019-01-08 20:59:59.999,3065726.19632006,7311,382.30613500,1519374.53008696,0
2019-01-08 21:00:00,3965.4,3976.46,3960.9,3963.23,682.332459,2019-01-08 21:59:59.999,2708073.03450476,7048,314.40837500,1247925.69907548,0
2019-01-08 22:00:00,3963.34,3968.47,3952.3,3967.83,607.332968,2019-01-08 22:59:59.999,2405352.67006470,7129,323.44419500,1280955.94223763,0
2019-01-08 23:00:00,3967.83,3971.4,3903.0,3955.13,2516.960056,2019-01-08 23:59:59.999,9929535.34092785,12794,1234.57436900,4871985.48214440,0
2019-01-09 00:00:00,3955.45,3970.47,3930.04,3955.73,1725.742603,2019-01-09 00:59:59.999,6833071.23645478,10271,864.84831500,3425140.16681579,0
2019-01-09 01:00:00,3955.76,3997.74,3936.26,3986.0,2380.545266,2019-01-09 01:59:59.999,9457363.80659639,12935,1030.02669200,4092549.37493645,0
2019-01-09 02:00:00,3985.74,3999.89,3977.3,3980.64,1439.526341,2019-01-09 02:59:59.999,5739201.97639516,9793,714.62961200,2849049.99966476,0
2019-01-09 03:00:00,3981.89,3992.75,3977.42,3981.03,986.812642,2019-01-09 03:59:59.999,3934224.28200092,8864,433.01209300,1726125.44377934,0
2019-01-09 04:00:00,3981.98,4002.0,3981.03,3994.0,928.313063,2019-01-09 04:59:59.999,3704281.20851616,8104,431.21449200,1721116.53672832,0
2019-01-09 05:00:00,3994.0,3999.2,3983.0,3987.98,802.910191,2019-01-09 05:59:59.999,3203397.82473787,7068,411.09466600,1640034.97077714,0
2019-01-09 06:00:00,3988.19,3990.0,3978.0,3986.63,801.934331,2019-01-09 06:59:59.999,3195489.20837446,6799,403.35550200,1607391.65321012,0
2019-01-09 07:00:00,3986.44,4000.0,3985.02,3987.88,797.726342,2019-01-09 07:59:59.999,3184855.29219176,7428,374.05617500,1493403.31480122,0
2019-01-09 08:00:00,3987.76,3991.78,3971.11,3982.54,1076.596718,2019-01-09 08:59:59.999,4288752.72005875,8026,628.77401300,2505016.11319217,0
2019-01-09 09:00:00,3982.85,3996.98,3976.0,3978.0,930.436261,2019-01-09 09:59:59.999,3707677.46215059,7990,559.87866000,2231126.26502493,0
2019-01-09 10:00:00,3977.7,3987.07,3971.5,3982.77,1215.609054,2019-01-09 10:59:59.999,4840254.75252479,7626,720.72726100,2869749.22616032,0
2019-01-09 11:00:00,3982.53,4006.81,3980.58,3986.44,1377.455574,2019-01-09 11:59:59.999,5501104.94040565,9033,833.48535400,3328976.96009494,0
2019-01-09 12:00:00,3985.52,3996.3,3956.0,3976.72,1947.409478,2019-01-09 12:59:59.999,7749174.23523106,11018,821.89995300,3270304.38740891,0
2019-01-09 13:00:00,3976.86,3977.71,3952.0,3968.09,1406.145935,2019-01-09 13:59:59.999,5576075.48435384,9084,760.05950000,3014015.85463901,0
2019-01-09 14:00:00,3968.07,3968.11,3941.0,3951.22,1689.845892,2019-01-09 14:59:59.999,6690201.90902774,10051,860.50227500,3407363.15197379,0
2019-01-09 15:00:00,3951.22,3971.18,3942.39,3958.28,1552.413564,2019-01-09 15:59:59.999,6145699.32104011,9381,763.07994700,3021211.06236605,0
2019-01-09 16:00:00,3957.59,3977.93,3952.44,3963.03,1328.487833,2019-01-09 16:59:59.999,5267254.28784440,9085,775.91305300,3076512.64520728,0
2019-01-09 17:00:00,3965.05,3972.0,3955.68,3968.0,888.102025,2019-01-09 17:59:59.999,3520443.32860462,7646,477.16584600,1891513.55828568,0
2019-01-09 18:00:00,3967.14,3975.0,3958.0,3971.38,815.142596,2019-01-09 18:59:59.999,3233960.91055447,7306,463.12111000,1837544.44749976,0
2019-01-09 19:00:00,3970.06,3983.66,3964.79,3978.34,920.183472,2019-01-09 19:59:59.999,3654673.57166984,7274,571.10797100,2268572.79153689,0
2019-01-09 20:00:00,3978.98,3981.0,3961.0,3967.0,881.474455,2019-01-09 20:59:59.999,3500950.53736328,7958,447.45677500,1777183.91193887,0
2019-01-09 21:00:00,3967.0,3990.0,3955.0,3966.48,1534.088939,2019-01-09 21:59:59.999,6090363.55411234,11714,814.40395000,3233195.73948110,0
2019-01-09 22:00:00,3966.23,3977.67,3962.21,3967.4,851.947204,2019-01-09 22:59:59.999,3380997.23422492,8357,485.94487000,1928400.11275070,0
2019-01-09 23:00:00,3968.59,3973.55,3961.88,3966.65,710.589732,2019-01-09 23:59:59.999,2819481.23111482,6429,338.57893500,1343513.05696046,0
2019-01-10 00:00:00,3966.06,3989.81,3963.7,3987.66,877.788054,2019-01-10 00:59:59.999,3490568.09610408,8006,532.82138100,2118998.44423395,0
2019-01-10 01:00:00,3988.76,3993.46,3974.31,3982.44,1018.105854,2019-01-10 01:59:59.999,4056020.03211264,8652,573.62325200,2285478.64952934,0
2019-01-10 02:00:00,3982.54,3985.0,3975.02,3981.0,901.010983,2019-01-10 02:59:59.999,3585736.94927445,7270,445.77596700,1774276.77224846,0
2019-01-10 03:00:00,3981.0,3990.49,3975.13,3978.94,1111.381074,2019-01-10 03:59:59.999,4427394.92744095,8830,414.11865500,1649567.45894445,0
2019-01-10 04:00:00,3978.96,3993.82,3976.14,3993.0,1075.455887,2019-01-10 04:59:59.999,4284051.38729624,9230,527.56071600,2101517.41561793,0
2019-01-10 05:00:00,3993.0,3996.01,3986.57,3989.79,1464.983995,2019-01-10 05:59:59.999,5847544.72940758,11767,707.05340600,2822453.14922290,0
2019-01-10 06:00:00,3988.57,3990.47,3731.01,3781.31,11092.600113,2019-01-10 06:59:59.999,42564747.17053469,47228,4630.16101900,17769137.68899972,0
2019-01-10 07:00:00,3779.63,3784.73,3747.61,3777.02,4132.69587,2019-01-10 07:59:59.999,15569627.76169391,23761,1933.99499600,7286950.64562357,0
2019-01-10 08:00:00,3777.54,3783.32,3752.5,3759.07,2371.377103,2019-01-10 08:59:59.999,8942625.76510951,15783,1200.94296300,4529054.51154464,0
2019-01-10 09:00:00,3757.89,3766.51,3715.65,3732.79,4205.651455,2019-01-10 09:59:59.999,15740413.53901218,27397,2097.75469300,7853150.28711710,0
2019-01-10 10:00:00,3732.77,3751.12,3725.0,3736.45,1579.290062,2019-01-10 10:59:59.999,5907698.89423815,14225,848.15663400,3173408.25850802,0
2019-01-10 11:00:00,3735.46,3744.7,3720.0,3739.99,1961.528236,2019-01-10 11:59:59.999,7324549.93219727,14060,1131.64148000,4226630.30286047,0
2019-01-10 12:00:00,3738.01,3750.0,3728.06,3732.81,1439.657104,2019-01-10 12:59:59.999,5379494.97964482,11396,753.38167200,2815653.50549679,0
2019-01-10 13:00:00,3732.81,3736.11,3707.07,3725.62,2036.145041,2019-01-10 13:59:59.999,7576371.45007949,15168,1029.07347100,3829409.18715369,0
2019-01-10 14:00:00,3725.19,3732.98,3713.3,3726.32,1921.461884,2019-01-10 14:59:59.999,7153047.81779312,12686,1180.06346100,4392860.03786529,0
2019-01-10 15:00:00,3726.32,3735.65,3713.4,3726.39,1861.669661,2019-01-10 15:59:59.999,6937004.35465387,12918,813.72136200,3031823.13051098,0
2019-01-10 16:00:00,3726.79,3726.79,3540.0,3583.21,8950.301648,2019-01-10 16:59:59.999,32160599.78313619,41193,4073.53030400,14628591.12459703,0
2019-01-10 17:00:00,3583.21,3588.78,3561.6,3574.18,1842.25247,2019-01-10 17:59:59.999,6584338.91014903,12241,987.70726700,3530112.04170970,0
2019-01-10 18:00:00,3574.15,3576.61,3557.16,3573.78,1118.035194,2019-01-10 18:59:59.999,3989932.91925526,10202,611.76895800,2183661.71879074,0
2019-01-10 19:00:00,3573.78,3606.88,3540.33,3596.12,3226.02017,2019-01-10 19:59:59.999,11555156.83195439,18616,1432.64506900,5134387.54783055,0
2019-01-10 20:00:00,3596.73,3609.21,3582.0,3585.62,1613.426758,2019-01-10 20:59:59.999,5801166.64323738,13374,799.20955400,2873796.69189728,0
2019-01-10 21:00:00,3585.07,3593.98,3574.65,3586.29,1029.946687,2019-01-10 21:59:59.999,3691427.28047397,10323,531.59084700,1905409.17724512,0
2019-01-10 22:00:00,3586.29,3590.46,3574.64,3583.43,1215.705903,2019-01-10 22:59:59.999,4355185.97013745,10078,493.01501100,1766412.11895594,0
2019-01-10 23:00:00,3583.43,3597.72,3577.05,3585.88,1355.737304,2019-01-10 23:59:59.999,4864641.90976145,10356,539.01043600,1933512.19690477,0
2019-01-11 00:00:00,3585.88,3617.04,3557.52,3607.72,2396.186279,2019-01-11 00:59:59.999,8601743.33248498,14322,1189.05610700,4269129.28343457,0
2019-01-11 01:00:00,3608.36,3609.09,3586.63,3592.95,1248.320598,2019-01-11 01:59:59.999,4490848.59331371,9714,651.56680900,2344239.53623114,0
2019-01-11 02:00:00,3591.17,3596.74,3572.76,3579.76,1203.732473,2019-01-11 02:59:59.999,4314031.78148667,10129,637.06450900,2283548.03316720,0
2019-01-11 03:00:00,3579.78,3589.79,3576.76,3583.09,1151.795595,2019-01-11 03:59:59.999,4127006.42586744,9329,650.72058400,2331738.42032855,0
2019-01-11 04:00:00,3583.05,3583.12,3546.36,3562.0,2425.338605,2019-01-11 04:59:59.999,8632449.34149671,13220,1135.31917300,4041057.60773613,0
2019-01-11 05:00:00,3562.0,3575.78,3560.0,3573.49,1339.354444,2019-01-11 05:59:59.999,4777819.87540181,9010,729.18782100,2601164.54726294,0
2019-01-11 06:00:00,3573.47,3590.0,3570.55,3584.48,883.608776,2019-01-11 06:59:59.999,3162791.01227552,8398,463.50090200,1659119.01307733,0
2019-01-11 07:00:00,3584.76,3597.0,3578.95,3595.47,1112.017007,2019-01-11 07:59:59.999,3990040.62503440,8923,597.96759700,2145761.46243377,0
2019-01-11 08:00:00,3595.47,3635.0,3590.82,3605.61,2203.902177,2019-01-11 08:59:59.999,7951440.23519463,15365,1073.86083300,3874959.48000708,0
2019-01-11 09:00:00,3606.49,3612.0,3587.43,3591.3,1532.501414,2019-01-11 09:59:59.999,5520389.35304924,11325,785.67113000,2830867.00870563,0
2019-01-11 10:00:00,3589.98,3597.64,3562.0,3586.06,1755.507344,2019-01-11 10:59:59.999,6293050.22275780,12365,957.44735200,3433151.25153694,0
2019-01-11 11:00:00,3586.45,3596.99,3580.02,3594.0,1249.106564,2019-01-11 11:59:59.999,4483309.30989762,9329,710.96022300,2551787.64514360,0
2019-01-11 12:00:00,3593.57,3594.18,3571.18,3585.4,1311.359197,2019-01-11 12:59:59.999,4700379.07593519,9326,734.26929000,2631868.15813911,0
2019-01-11 13:00:00,3584.97,3590.94,3569.16,3569.67,1214.857829,2019-01-11 13:59:59.999,4353272.60362096,9365,595.46063500,2134213.86017790,0
2019-01-11 14:00:00,3570.12,3612.0,3569.17,3598.72,1940.375892,2019-01-11 14:59:59.999,6982160.10430675,13338,1043.21718600,3753671.09891917,0
2019-01-11 15:00:00,3599.79,3616.13,3585.5,3585.51,1337.323926,2019-01-11 15:59:59.999,4814689.86565829,11469,618.67655600,2227357.73412332,0
2019-01-11 16:00:00,3586.49,3620.24,3582.5,3601.05,1439.993298,2019-01-11 16:59:59.999,5186891.82506990,11260,815.39977200,2936875.39708137,0
2019-01-11 17:00:00,3601.22,3615.82,3599.85,3608.9,1101.792551,2019-01-11 17:59:59.999,3975453.02793286,9544,557.63204500,2012092.66983357,0
2019-01-11 18:00:00,3608.93,3612.67,3594.0,3605.88,1092.006884,2019-01-11 18:59:59.999,3933622.45660962,7870,548.43191000,1975532.54503721,0
2019-01-11 19:00:00,3605.88,3613.0,3602.0,3606.15,866.679655,2019-01-11 19:59:59.999,3126803.22271326,6975,435.24021400,1570389.93478860,0
2019-01-11 20:00:00,3606.36,3624.82,3601.58,3610.7,1123.724109,2019-01-11 20:59:59.999,4057509.16218311,8776,558.97019300,2018242.89225725,0
2019-01-11 21:00:00,3611.51,3658.0,3594.06,3602.52,2024.504846,2019-01-11 21:59:59.999,7326089.67740944,12178,998.77733100,3615559.93918121,0
2019-01-11 22:00:00,3602.52,3606.88,3571.43,3578.85,1307.059206,2019-01-11 22:59:59.999,4694484.52130152,9143,636.47129300,2286632.26855361,0
2019-01-11 23:00:00,3578.85,3615.0,3465.0,3601.31,5077.606064,2019-01-11 23:59:59.999,18064467.97385839,24323,2782.48112100,9901055.85806425,0
2019-01-12 00:00:00,3601.31,3618.19,3588.01,3601.46,1929.34205,2019-01-12 00:59:59.999,6954996.06885581,11482,1049.97365000,3785309.81906591,0
2019-01-12 01:00:00,3601.01,3601.53,3533.0,3590.17,1787.064551,2019-01-12 01:59:59.999,6409249.61669326,10871,947.37242600,3400486.42071198,0
2019-01-12 02:00:00,3590.17,3596.55,3579.0,3594.88,785.189702,2019-01-12 02:59:59.999,2816488.32967691,7760,433.63310000,1555443.21745790,0
2019-01-12 03:00:00,3594.0,3603.19,3589.33,3601.15,741.299788,2019-01-12 03:59:59.999,2666034.23406896,8002,385.51555600,1386546.40536052,0
2019-01-12 04:00:00,3600.64,3601.14,3589.47,3590.35,555.013774,2019-01-12 04:59:59.999,1994764.38949814,5695,275.15679400,988976.87361769,0
2019-01-12 05:00:00,3591.52,3598.77,3586.42,3587.72,433.6271,2019-01-12 05:59:59.999,1557105.30258727,5744,232.23802100,833960.07012926,0
2019-01-12 06:00:00,3588.21,3592.46,3567.31,3571.74,898.063944,2019-01-12 06:59:59.999,3215985.68265107,8199,423.58811100,1516919.80440158,0
2019-01-12 07:00:00,3572.74,3583.0,3571.37,3582.38,721.767199,2019-01-12 07:59:59.999,2580969.16445686,6713,443.32143200,1585331.28718085,0
2019-01-12 08:00:00,3582.09,3582.81,3571.2,3574.06,565.230882,2019-01-12 08:59:59.999,2022228.99324690,5848,283.02633900,1012710.00277462,0
2019-01-12 09:00:00,3574.8,3579.78,3559.5,3578.3,883.056768,2019-01-12 09:59:59.999,3154311.76324369,7269,444.84401100,1589178.70029935,0
2019-01-12 10:00:00,3578.0,3585.71,3572.93,3575.89,610.818668,2019-01-12 10:59:59.999,2186951.19341137,6404,331.56655000,1187066.63594548,0
2019-01-12 11:00:00,3575.91,3578.79,3569.32,3571.16,518.629268,2019-01-12 11:59:59.999,1853420.92876640,5907,275.58986200,984921.01981997,0
2019-01-12 12:00:00,3571.89,3605.0,3530.0,3590.36,2214.429136,2019-01-12 12:59:59.999,7913248.43824523,12700,1095.38357600,3915881.53675243,0
2019-01-12 13:00:00,3590.38,3593.18,3574.0,3587.73,1194.251472,2019-01-12 13:59:59.999,4281875.16186258,7736,637.96403700,2287310.13038967,0
2019-01-12 14:00:00,3588.0,3594.82,3582.61,3592.5,840.431086,2019-01-12 14:59:59.999,3016923.71253198,6752,499.85401100,1794418.80937312,0
2019-01-12 15:00:00,3592.25,3594.0,3584.0,3591.11,730.155121,2019-01-12 15:59:59.999,2620306.00650350,6198,387.05763700,1388942.65236018,0
2019-01-12 16:00:00,3591.11,3599.0,3587.01,3589.9,992.706557,2019-01-12 16:59:59.999,3566357.64062849,7606,502.61682900,1805739.48151687,0
2019-01-12 17:00:00,3590.0,3600.0,3572.19,3592.0,1163.453707,2019-01-12 17:59:59.999,4175100.63595246,7794,708.18882900,2541538.47268541,0
2019-01-12 18:00:00,3592.02,3599.86,3588.7,3591.92,568.264349,2019-01-12 18:59:59.999,2042700.10054841,5631,280.26540600,1007577.07517613,0
2019-01-12 19:00:00,3591.92,3596.0,3587.0,3593.74,437.944824,2019-01-12 19:59:59.999,1573237.78061444,4741,217.40077500,780996.98053670,0
2019-01-12 20:00:00,3592.79,3600.62,3585.0,3594.62,606.483465,2019-01-12 20:59:59.999,2179699.42712924,5509,349.61219700,1256845.72860933,0
2019-01-12 21:00:00,3594.6,3603.55,3588.43,3591.3,573.886906,2019-01-12 21:59:59.999,2063212.96579357,5212,324.31803700,1166160.86593055,0
2019-01-12 22:00:00,3590.72,3612.39,3571.14,3580.01,1067.24493,2019-01-12 22:59:59.999,3832839.33059266,8647,511.61812000,1838050.73162440,0
2019-01-12 23:00:00,3580.43,3590.71,3563.01,3583.13,1181.573107,2019-01-12 23:59:59.999,4230763.80902117,7259,605.49354000,2168522.78508988,0
2019-01-13 00:00:00,3584.1,3587.01,3566.19,3570.47,885.225956,2019-01-13 00:59:59.999,3168184.69913113,6178,449.98124000,1610567.03249030,0
2019-01-13 01:00:00,3570.67,3583.58,3564.41,3569.04,862.431207,2019-01-13 01:59:59.999,3080391.55919877,6205,492.60995100,1759746.63800380,0
2019-01-13 02:00:00,3568.48,3588.24,3568.0,3588.24,578.587992,2019-01-13 02:59:59.999,2069618.66926877,5482,319.23139400,1141627.70936852,0
2019-01-13 03:00:00,3588.24,3595.0,3585.12,3593.24,486.308453,2019-01-13 03:59:59.999,1745953.29922901,4930,286.80631200,1029805.08054959,0
2019-01-13 04:00:00,3593.27,3598.88,3585.07,3586.49,510.48798,2019-01-13 04:59:59.999,1833298.01309259,4922,322.38850500,1157898.33923138,0
2019-01-13 05:00:00,3587.21,3591.56,3581.62,3582.26,341.071476,2019-01-13 05:59:59.999,1223305.57601519,4057,182.57616000,654905.42019272,0
2019-01-13 06:00:00,3582.28,3592.71,3575.84,3580.94,570.494181,2019-01-13 06:59:59.999,2043488.37352162,5061,350.29360800,1255095.19673391,0
2019-01-13 07:00:00,3581.93,3586.22,3579.47,3583.68,336.028279,2019-01-13 07:59:59.999,1203708.33303340,3937,186.12383800,666758.38752158,0
2019-01-13 08:00:00,3583.68,3587.85,3574.0,3575.1,303.638042,2019-01-13 08:59:59.999,1087660.40320541,3990,151.51939900,542838.31367423,0
2019-01-13 09:00:00,3576.32,3586.97,3571.7,3586.0,395.895963,2019-01-13 09:59:59.999,1417234.24720356,4268,244.50134500,875330.05781213,0
2019-01-13 10:00:00,3586.0,3588.36,3580.05,3584.09,483.44536,2019-01-13 10:59:59.999,1732911.64844405,4433,270.39769200,969286.25499271,0
2019-01-13 11:00:00,3584.91,3590.02,3583.88,3589.38,576.042209,2019-01-13 11:59:59.999,2066296.13417093,4746,300.06249000,1076381.69908033,0
2019-01-13 12:00:00,3589.28,3611.1,3560.26,3583.36,1503.317532,2019-01-13 12:59:59.999,5391785.56968699,9330,842.57758900,3023459.09825695,0
2019-01-13 13:00:00,3583.74,3593.08,3583.36,3590.48,576.846502,2019-01-13 13:59:59.999,2070072.20879496,4552,315.98373700,1133967.17037996,0
2019-01-13 14:00:00,3588.6,3590.47,3570.0,3572.18,761.637302,2019-01-13 14:59:59.999,2726901.02823787,5939,374.29784700,1340317.09447488,0
2019-01-13 15:00:00,3570.55,3577.01,3566.12,3575.53,730.582892,2019-01-13 15:59:59.999,2610717.94599626,5669,412.13966400,1472861.33299877,0
2019-01-13 16:00:00,3576.32,3576.33,3441.3,3462.18,7490.318082,2019-01-13 16:59:59.999,26195024.58036576,36639,3433.92346500,12005058.48861195,0
2019-01-13 17:00:00,3464.91,3490.81,3444.28,3479.01,2170.826603,2019-01-13 17:59:59.999,7540664.14774852,13420,1149.49461100,3992362.84726743,0
2019-01-13 18:00:00,3478.56,3486.13,3449.2,3462.75,1671.060564,2019-01-13 18:59:59.999,5800107.80386582,10772,849.17292300,2948614.65161698,0
2019-01-13 19:00:00,3463.0,3474.91,3457.18,3465.82,1406.087608,2019-01-13 19:59:59.999,4875185.99899058,10067,785.02899900,2722250.45627686,0
2019-01-13 20:00:00,3465.03,3475.61,3457.63,3462.32,1083.886426,2019-01-13 20:59:59.999,3757871.08030560,6900,597.98333500,2073029.22937769,0
2019-01-13 21:00:00,3462.85,3497.98,3454.0,3479.63,1330.696549,2019-01-13 21:59:59.999,4622651.83972668,9280,700.95507800,2436216.96472382,0
2019-01-13 22:00:00,3480.14,3482.48,3465.0,3470.51,614.856849,2019-01-13 22:59:59.999,2136243.90646009,5722,322.94910700,1122139.85081693,0
2019-01-13 23:00:00,3469.83,3477.56,3457.2,3476.81,715.983447,2019-01-13 23:59:59.999,2482972.40168546,6614,351.42235100,1218985.70087378,0
2019-01-14 00:00:00,3477.56,3483.07,3467.02,3483.05,707.905444,2019-01-14 00:59:59.999,2459557.49410545,6456,395.33800600,1373538.83206085,0
2019-01-14 01:00:00,3482.47,3493.78,3479.75,3487.98,1033.687887,2019-01-14 01:59:59.999,3604249.08780353,8143,574.25691300,2002234.95343001,0
2019-01-14 02:00:00,3488.62,3499.9,3486.05,3496.0,1075.489977,2019-01-14 02:59:59.999,3759123.58038971,8038,449.03061300,1569662.31762128,0
2019-01-14 03:00:00,3497.41,3497.41,3487.51,3489.45,594.679479,2019-01-14 03:59:59.999,2076416.87806611,5357,359.86335300,1256570.50204335,0
2019-01-14 04:00:00,3489.43,3499.65,3487.52,3498.31,589.75883,2019-01-14 04:59:59.999,2061311.03538878,5351,296.00761700,1034617.21627549,0
2019-01-14 05:00:00,3498.31,3514.8,3495.41,3504.72,1139.395352,2019-01-14 05:59:59.999,3994214.83274513,8252,574.81443000,2014829.19340080,0
2019-01-14 06:00:00,3503.22,3522.15,3500.08,3518.18,1076.665498,2019-01-14 06:59:59.999,3781953.79291284,7521,500.59737700,1757952.35570811,0
2019-01-14 07:00:00,3518.82,3527.83,3509.0,3511.83,1085.856926,2019-01-14 07:59:59.999,3820781.65936739,8039,593.04916000,2087018.85803994,0
2019-01-14 08:00:00,3511.73,3511.89,3496.0,3501.85,1082.261649,2019-01-14 08:59:59.999,3794121.20506859,6713,604.47460000,2119276.03047256,0
2019-01-14 09:00:00,3501.91,3511.21,3495.01,3505.02,881.120897,2019-01-14 09:59:59.999,3087352.58674711,7074,456.18090700,1598634.33740808,0
2019-01-14 10:00:00,3505.3,3540.0,3498.55,3502.75,1489.478154,2019-01-14 10:59:59.999,5230296.35683769,8780,824.69404300,2896539.46592893,0
2019-01-14 11:00:00,3503.8,3505.38,3485.02,3488.28,1148.399636,2019-01-14 11:59:59.999,4013925.89409530,7817,561.12980300,1961467.79469895,0
2019-01-14 12:00:00,3488.8,3509.0,3487.0,3506.25,1434.914743,2019-01-14 12:59:59.999,5016591.61024350,8529,781.88760800,2733409.85451656,0
2019-01-14 13:00:00,3505.78,3514.19,3495.63,3496.8,1094.605957,2019-01-14 13:59:59.999,3836954.54835844,7696,551.37549200,1932901.39209354,0
2019-01-14 14:00:00,3496.36,3500.0,3487.0,3497.0,949.617001,2019-01-14 14:59:59.999,3318105.01926138,6359,503.03820100,1757763.17266444,0
2019-01-14 15:00:00,3497.0,3647.0,3495.0,3630.98,6878.355908,2019-01-14 15:59:59.999,24696526.68434215,28767,3682.54701000,13224090.95134367,0
2019-01-14 16:00:00,3630.98,3671.87,3611.0,3616.65,3464.957219,2019-01-14 16:59:59.999,12578185.33642965,19532,1716.43014000,6232767.56469770,0
2019-01-14 17:00:00,3616.67,3634.99,3616.67,3627.71,1963.059255,2019-01-14 17:59:59.999,7111782.21311933,11763,1220.15295400,4420197.47808817,0
2019-01-14 18:00:00,3627.45,3647.97,3623.21,3628.01,1726.870117,2019-01-14 18:59:59.999,6279712.36236618,12670,898.85886400,3268641.61048836,0
2019-01-14 19:00:00,3629.32,3644.22,3623.15,3638.08,1107.160541,2019-01-14 19:59:59.999,4021986.71892043,9360,554.90296500,2015883.31988825,0
2019-01-14 20:00:00,3638.74,3665.0,3623.45,3629.45,1507.930859,2019-01-14 20:59:59.999,5486946.18114445,11543,785.91970400,2860532.50531782,0
2019-01-14 21:00:00,3629.46,3629.46,3590.0,3623.7,1446.165233,2019-01-14 21:59:59.999,5230193.51129925,10002,683.68893400,2474187.73499653,0
2019-01-14 22:00:00,3623.02,3633.13,3614.36,3622.86,852.109899,2019-01-14 22:59:59.999,3088875.69686055,7578,384.70172600,1394413.97043337,0
2019-01-14 23:00:00,3623.0,3635.99,3620.0,3626.09,904.764754,2019-01-14 23:59:59.999,3282655.78117763,8112,463.47648200,1681699.69239309,0
2019-01-15 00:00:00,3626.08,3643.27,3624.22,3633.22,886.705047,2019-01-15 00:59:59.999,3220955.47652960,8953,451.24375700,1639093.40681395,0
2019-01-15 01:00:00,3632.88,3648.42,3631.93,3633.44,901.142694,2019-01-15 01:59:59.999,3279406.40109052,8755,468.25795500,1704279.70236987,0
2019-01-15 02:00:00,3633.46,3636.97,3623.14,3624.98,833.865584,2019-01-15 02:59:59.999,3026491.55343201,7129,436.49951100,1584422.63122593,0
2019-01-15 03:00:00,3624.89,3632.07,3623.0,3629.38,637.583367,2019-01-15 03:59:59.999,2312677.06612029,6758,338.81167700,1229029.83834607,0
2019-01-15 04:00:00,3629.38,3631.86,3624.83,3627.19,785.077054,2019-01-15 04:59:59.999,2848744.61795908,6569,375.97625200,1364309.86484902,0
2019-01-15 05:00:00,3627.4,3630.06,3612.48,3619.43,889.939896,2019-01-15 05:59:59.999,3224303.78996216,6624,434.62025100,1574984.73409947,0
2019-01-15 06:00:00,3619.14,3621.92,3610.12,3616.81,1309.362526,2019-01-15 06:59:59.999,4735717.89531982,8104,711.76097000,2574410.39780884,0
2019-01-15 07:00:00,3616.03,3629.45,3616.03,3629.09,1118.748268,2019-01-15 07:59:59.999,4055196.53338462,8685,569.78562100,2065537.04407689,0
2019-01-15 08:00:00,3629.09,3630.43,3616.0,3624.34,1091.327945,2019-01-15 08:59:59.999,3955120.55708898,6602,533.58574000,1933896.38308015,0
2019-01-15 09:00:00,3623.64,3625.04,3578.07,3604.06,2603.260356,2019-01-15 09:59:59.999,9372517.00140755,14245,1106.91741700,3986272.17149516,0
2019-01-15 10:00:00,3604.51,3618.0,3591.02,3610.64,1608.014451,2019-01-15 10:59:59.999,5792679.20396513,9044,972.83609900,3504489.04747906,0
2019-01-15 11:00:00,3610.56,3617.59,3606.37,3611.39,1017.478956,2019-01-15 11:59:59.999,3674475.71784311,7345,482.86419000,1743871.46023629,0
2019-01-15 12:00:00,3612.1,3618.0,3591.0,3602.6,1149.622173,2019-01-15 12:59:59.999,4145852.08117579,8541,596.32114900,2150566.36408448,0
2019-01-15 13:00:00,3602.06,3634.75,3600.0,3624.78,1675.951607,2019-01-15 13:59:59.999,6061756.49777037,10758,1002.15812100,3624785.43131437,0
2019-01-15 14:00:00,3624.96,3626.31,3612.91,3625.09,1501.964222,2019-01-15 14:59:59.999,5437800.14341315,9715,753.22372500,2726989.61678794,0
2019-01-15 15:00:00,3625.09,3640.77,3580.0,3596.98,3168.354473,2019-01-15 15:59:59.999,11404163.66961119,17796,1493.99928600,5378947.56499073,0
2019-01-15 16:00:00,3597.31,3610.73,3583.5,3599.01,1557.843901,2019-01-15 16:59:59.999,5609235.88078914,10306,854.83322400,3078101.23651163,0
2019-01-15 17:00:00,3599.01,3604.5,3592.05,3602.37,1000.566765,2019-01-15 17:59:59.999,3600716.45558981,7934,532.65413400,1916874.41626854,0
2019-01-15 18:00:00,3602.25,3607.62,3590.5,3596.98,1022.589069,2019-01-15 18:59:59.999,3678235.34850167,7933,519.57094900,1868904.66170043,0
2019-01-15 19:00:00,3596.96,3605.0,3589.01,3604.14,811.118759,2019-01-15 19:59:59.999,2917727.12544227,7206,427.13154700,1536726.49284515,0
2019-01-15 20:00:00,3604.14,3605.0,3516.62,3532.59,4462.085756,2019-01-15 20:59:59.999,15875334.01458987,23706,1983.44096900,7058261.95315632,0
2019-01-15 21:00:00,3534.42,3550.0,3524.42,3539.33,1930.763014,2019-01-15 21:59:59.999,6834008.85939379,11917,1044.23960000,3696887.35203406,0
2019-01-15 22:00:00,3539.57,3557.5,3536.05,3543.97,1109.863839,2019-01-15 22:59:59.999,3937906.50375120,8564,590.92784700,2096532.38004891,0
2019-01-15 23:00:00,3543.97,3565.1,3542.43,3553.06,1064.767737,2019-01-15 23:59:59.999,3784417.83474427,8495,543.96244300,1933622.76094664,0
2019-01-16 00:00:00,3553.06,3565.47,3543.51,3561.05,1070.838554,2019-01-16 00:59:59.999,3807636.42686283,8123,545.64885500,1939937.68705271,0
2019-01-16 01:00:00,3561.05,3569.89,3558.34,3568.74,674.116413,2019-01-16 01:59:59.999,2402590.58930364,6155,365.18685400,1301707.37128714,0
2019-01-16 02:00:00,3567.83,3568.79,3555.38,3564.83,762.129933,2019-01-16 02:59:59.999,2714630.47051462,6518,383.38302100,1365425.45659840,0
2019-01-16 03:00:00,3564.85,3575.37,3560.0,3572.5,703.880532,2019-01-16 03:59:59.999,2510976.46031726,6735,417.79208400,1490457.98310641,0
2019-01-16 04:00:00,3572.55,3583.71,3570.57,3572.95,1437.677955,2019-01-16 04:59:59.999,5143076.33727081,8220,815.20739700,2916529.18042175,0
2019-01-16 05:00:00,3572.63,3582.53,3570.0,3578.81,910.571205,2019-01-16 05:59:59.999,3255776.03198465,7026,466.22127700,1666936.48836187,0
2019-01-16 06:00:00,3578.97,3580.89,3565.5,3569.93,801.808254,2019-01-16 06:59:59.999,2864034.92613895,6478,428.49262800,1530623.79280831,0
2019-01-16 07:00:00,3570.12,3572.0,3552.25,3555.07,920.516591,2019-01-16 07:59:59.999,3278380.38006686,8078,453.80533600,1616299.28565290,0
2019-01-16 08:00:00,3556.04,3599.99,3553.96,3585.0,1375.809092,2019-01-16 08:59:59.999,4917429.24468990,10353,686.68342200,2453169.13201988,0
2019-01-16 09:00:00,3585.71,3603.96,3580.0,3580.63,1719.166766,2019-01-16 09:59:59.999,6171495.05103288,10708,957.97555200,3439501.11413303,0
2019-01-16 10:00:00,3580.64,3597.62,3580.55,3585.46,712.24549,2019-01-16 10:59:59.999,2557336.36066878,6289,367.61931100,1319975.67286522,0
2019-01-16 11:00:00,3587.06,3593.85,3583.08,3589.02,510.838845,2019-01-16 11:59:59.999,1833494.45246590,4520,268.57940500,963965.81404517,0
2019-01-16 12:00:00,3589.08,3645.0,3589.0,3611.94,2079.265153,2019-01-16 12:59:59.999,7517699.76595095,13524,1129.86854700,4084959.58264199,0
2019-01-16 13:00:00,3611.11,3619.4,3574.93,3592.1,2109.110302,2019-01-16 13:59:59.999,7597794.24742277,13446,919.62178100,3313017.99279180,0
2019-01-16 14:00:00,3592.11,3609.14,3587.11,3598.21,1271.276094,2019-01-16 14:59:59.999,4572236.93663046,9302,630.86473600,2269368.60066710,0
2019-01-16 15:00:00,3598.23,3612.24,3579.0,3590.22,1568.32532,2019-01-16 15:59:59.999,5635478.11985312,10343,825.73005300,2967332.23742339,0
2019-01-16 16:00:00,3591.16,3594.51,3560.2,3581.57,1726.814007,2019-01-16 16:59:59.999,6182141.42018093,11912,805.60493800,2884640.66214635,0
2019-01-16 17:00:00,3582.01,3592.0,3581.59,3590.5,1005.381069,2019-01-16 17:59:59.999,3606975.78156932,8038,486.64964400,1745917.26105656,0
2019-01-16 18:00:00,3590.51,3610.0,3576.81,3588.75,1479.794814,2019-01-16 18:59:59.999,5318465.15681288,10177,740.26780400,2660701.81771039,0
2019-01-16 19:00:00,3588.46,3592.16,3561.53,3576.4,1264.132377,2019-01-16 19:59:59.999,4520444.99115763,9813,629.51641500,2251237.81452161,0
2019-01-16 20:00:00,3576.6,3582.81,3561.81,3577.91,897.59865,2019-01-16 20:59:59.999,3206568.17603962,7973,443.47902400,1584770.16952783,0
2019-01-16 21:00:00,3577.91,3609.0,3575.31,3584.29,1259.127036,2019-01-16 21:59:59.999,4517126.93488905,9050,752.96104700,2701441.68501504,0
2019-01-16 22:00:00,3584.29,3586.29,3576.05,3579.89,626.97428,2019-01-16 22:59:59.999,2245497.47962732,6091,325.40494000,1165438.30539826,0
2019-01-16 23:00:00,3580.18,3598.98,3578.0,3591.84,592.781245,2019-01-16 23:59:59.999,2127169.46521422,6287,337.13580900,1209781.70798032,0
2019-01-17 00:00:00,3591.84,3597.29,3582.08,3587.73,968.626011,2019-01-17 00:59:59.999,3478544.93133671,7362,561.76667500,2017622.32318507,0
2019-01-17 01:00:00,3587.53,3600.51,3582.99,3593.46,778.057422,2019-01-17 01:59:59.999,2794657.68210479,6717,340.03556500,1221649.89059311,0
2019-01-17 02:00:00,3593.46,3600.0,3551.16,3557.4,1102.69794,2019-01-17 02:59:59.999,3950062.81936130,8378,513.64709500,1840802.12123802,0
2019-01-17 03:00:00,3558.57,3576.64,3556.82,3574.59,1455.80137,2019-01-17 03:59:59.999,5192279.17904125,10109,810.42372500,2890548.11096344,0
2019-01-17 04:00:00,3574.57,3584.7,3568.17,3574.78,729.026598,2019-01-17 04:59:59.999,2606424.86270472,6065,399.21070700,1427460.57566527,0
2019-01-17 05:00:00,3573.75,3580.84,3568.16,3571.56,634.092423,2019-01-17 05:59:59.999,2267122.91081223,5655,354.27764000,1266848.61851821,0
2019-01-17 06:00:00,3571.58,3587.95,3568.19,3577.22,787.333087,2019-01-17 06:59:59.999,2816318.15490514,7537,431.23447600,1542667.25002278,0
2019-01-17 07:00:00,3576.64,3584.36,3570.0,3584.0,699.825101,2019-01-17 07:59:59.999,2504161.60576191,6994,412.99602600,1477954.62358486,0
2019-01-17 08:00:00,3583.73,3585.0,3574.0,3581.69,727.963239,2019-01-17 08:59:59.999,2605852.55669868,7058,424.28058800,1518773.17388497,0
2019-01-17 09:00:00,3580.76,3582.47,3567.0,3570.18,980.439212,2019-01-17 09:59:59.999,3505161.64475492,7654,535.66081200,1915275.93325609,0
2019-01-17 10:00:00,3570.56,3588.9,3530.39,3572.71,3209.878767,2019-01-17 10:59:59.999,11436931.03348043,17412,1604.24680900,5716253.59724012,0
2019-01-17 11:00:00,3572.71,3583.37,3569.75,3579.56,1199.338241,2019-01-17 11:59:59.999,4289575.16267249,8346,722.03152800,2582538.31210381,0
2019-01-17 12:00:00,3580.3,3581.51,3560.84,3570.0,911.865943,2019-01-17 12:59:59.999,3257835.83561552,8011,457.15512400,1633515.07415382,0
2019-01-17 13:00:00,3569.34,3575.65,3563.02,3568.2,909.283051,2019-01-17 13:59:59.999,3246059.58288194,7725,500.70680700,1787568.17083957,0
2019-01-17 14:00:00,3568.2,3579.57,3558.87,3575.83,1096.288328,2019-01-17 14:59:59.999,3914901.58410945,8543,544.08513300,1943142.69622597,0
2019-01-17 15:00:00,3575.83,3605.0,3570.0,3597.62,2046.588773,2019-01-17 15:59:59.999,7341862.26920587,13463,1027.76817300,3688022.21471173,0
2019-01-17 16:00:00,3597.17,3633.0,3576.12,3581.98,2791.456293,2019-01-17 16:59:59.999,10049452.49247309,16242,1467.50101000,5284008.01901871,0
2019-01-17 17:00:00,3581.98,3600.98,3573.0,3594.27,1597.202835,2019-01-17 17:59:59.999,5726639.65916604,10059,907.61293500,3253836.11163125,0
2019-01-17 18:00:00,3594.02,3618.78,3593.75,3605.69,1757.906618,2019-01-17 18:59:59.999,6336019.93620386,11756,949.53751800,3422467.67909808,0
2019-01-17 19:00:00,3605.97,3613.91,3600.72,3604.95,1122.245956,2019-01-17 19:59:59.999,4047611.41071469,8261,619.62764800,2235169.93351389,0
2019-01-17 20:00:00,3604.15,3610.59,3598.0,3605.46,680.811553,2019-01-17 20:59:59.999,2453930.58862120,7239,360.08730200,1298088.64807847,0
2019-01-17 21:00:00,3606.05,3634.7,3597.5,3603.02,1440.514939,2019-01-17 21:59:59.999,5204751.99791531,10516,830.03899800,2999459.88596890,0
2019-01-17 22:00:00,3603.02,3611.73,3590.0,3606.82,704.291117,2019-01-17 22:59:59.999,2536595.32272796,7106,437.92371100,1577413.89648813,0
2019-01-17 23:00:00,3606.83,3626.79,3604.88,3616.21,1423.906021,2019-01-17 23:59:59.999,5146383.74997392,9589,798.64739000,2886109.07768954,0
2019-01-18 00:00:00,3613.32,3620.0,3601.64,3607.42,636.158723,2019-01-18 00:59:59.999,2296234.31354554,6500,366.97229600,1324734.89869260,0
2019-01-18 01:00:00,3608.18,3613.94,3594.35,3598.52,786.609808,2019-01-18 01:59:59.999,2834437.80286384,6458,469.52365300,1691750.35648733,0
2019-01-18 02:00:00,3598.52,3610.0,3598.5,3603.2,561.75177,2019-01-18 02:59:59.999,2024673.34008690,5337,363.57392600,1310362.11479527,0
2019-01-18 03:00:00,3603.53,3606.08,3597.78,3600.87,498.414073,2019-01-18 03:59:59.999,1795699.41014517,6183,291.38504800,1049815.49250806,0
2019-01-18 04:00:00,3600.87,3604.8,3585.7,3591.2,610.764723,2019-01-18 04:59:59.999,2196224.09696876,6401,316.93868200,1139880.57467437,0
2019-01-18 05:00:00,3590.65,3600.0,3588.98,3598.43,808.205233,2019-01-18 05:59:59.999,2905923.22344097,6025,397.04016900,1427491.82703197,0
2019-01-18 06:00:00,3598.34,3611.3,3596.3,3607.85,499.401591,2019-01-18 06:59:59.999,1799604.01026536,5305,268.99355100,969343.67744136,0
2019-01-18 07:00:00,3608.85,3611.99,3597.0,3604.01,928.654706,2019-01-18 07:59:59.999,3345366.10915361,8019,599.70593100,2160318.79768479,0
2019-01-18 08:00:00,3604.01,3619.8,3600.0,3604.07,1139.14914,2019-01-18 08:59:59.999,4107937.18539067,8640,634.39743100,2288141.71065456,0
2019-01-18 09:00:00,3604.33,3613.0,3601.5,3611.15,1062.679271,2019-01-18 09:59:59.999,3834001.11088076,7895,487.82284900,1759836.59684440,0
2019-01-18 10:00:00,3611.15,3616.12,3590.0,3594.97,2424.37805,2019-01-18 10:59:59.999,8736878.84327057,11247,1446.23483600,5211978.87681232,0
2019-01-18 11:00:00,3594.97,3600.67,3590.0,3599.01,985.938077,2019-01-18 11:59:59.999,3545476.51056485,6802,525.44162700,1889650.25786534,0
2019-01-18 12:00:00,3599.08,3599.83,3576.68,3589.3,1316.517853,2019-01-18 12:59:59.999,4725467.80568812,8784,676.96153600,2430250.38798550,0
2019-01-18 13:00:00,3589.53,3595.9,3583.4,3587.05,760.464549,2019-01-18 13:59:59.999,2730390.36945255,6906,450.61657500,1617945.70779170,0
2019-01-18 14:00:00,3587.51,3593.56,3577.41,3590.63,1091.584195,2019-01-18 14:59:59.999,3915135.31923750,8151,625.71178400,2244385.47713630,0
2019-01-18 15:00:00,3591.91,3611.95,3590.0,3610.68,1601.614423,2019-01-18 15:59:59.999,5769774.01935510,9696,817.92459700,2946434.19793757,0
2019-01-18 16:00:00,3611.09,3612.07,3583.43,3590.75,1804.569351,2019-01-18 16:59:59.999,6479874.46799442,9810,1139.80621100,4092357.65403184,0
2019-01-18 17:00:00,3590.23,3597.61,3565.75,3577.44,1216.437877,2019-01-18 17:59:59.999,4362066.89146477,8768,598.51151900,2146790.63784693,0
2019-01-18 18:00:00,3577.44,3587.49,3575.23,3582.23,794.687627,2019-01-18 18:59:59.999,2846277.93099473,7193,484.29980300,1734581.78963765,0
2019-01-18 19:00:00,3582.56,3589.0,3566.1,3587.91,678.589643,2019-01-18 19:59:59.999,2428725.00945666,6830,355.72828300,1273297.03063589,0
2019-01-18 20:00:00,3588.0,3599.25,3585.98,3593.95,675.615327,2019-01-18 20:59:59.999,2427961.43860573,6893,372.94744600,1340196.19944370,0
2019-01-18 21:00:00,3593.89,3605.0,3590.16,3600.5,616.576351,2019-01-18 21:59:59.999,2218331.46125316,5445,371.59475300,1336962.89513042,0
2019-01-18 22:00:00,3600.65,3609.19,3596.65,3598.68,686.528596,2019-01-18 22:59:59.999,2472726.74889180,5395,272.43685200,981363.48769027,0
2019-01-18 23:00:00,3598.29,3605.92,3588.5,3594.87,528.155798,2019-01-18 23:59:59.999,1900536.12581990,8884,276.51439900,995104.58992089,0
2019-01-19 00:00:00,3594.87,3610.0,3594.23,3597.85,633.784846,2019-01-19 00:59:59.999,2282015.57198253,8298,368.34185600,1326296.66659185,0
2019-01-19 01:00:00,3598.19,3603.0,3596.12,3602.5,610.91317,2019-01-19 01:59:59.999,2198718.14714971,5540,381.53580900,1373232.29041597,0
2019-01-19 02:00:00,3602.52,3614.79,3600.72,3605.07,772.514552,2019-01-19 02:59:59.999,2787135.14670550,6301,438.57441200,1582536.83154891,0
2019-01-19 03:00:00,3604.26,3609.5,3602.95,3606.13,512.210852,2019-01-19 03:59:59.999,1847259.55218527,4658,263.54188200,950498.77454515,0
2019-01-19 04:00:00,3605.04,3608.73,3604.0,3606.9,347.668227,2019-01-19 04:59:59.999,1254011.08544499,3934,194.65058400,702116.28365259,0
2019-01-19 05:00:00,3606.66,3615.0,3602.0,3608.0,454.491742,2019-01-19 05:59:59.999,1640265.50026870,5046,246.47032800,889635.66325721,0
2019-01-19 06:00:00,3608.0,3610.89,3600.72,3602.11,458.984666,2019-01-19 06:59:59.999,1655387.49614997,4599,249.54122200,900092.81219575,0
2019-01-19 07:00:00,3602.11,3606.02,3600.72,3604.4,402.464988,2019-01-19 07:59:59.999,1450644.41393791,4234,228.87830500,824999.13623632,0
2019-01-19 08:00:00,3604.42,3614.98,3604.01,3613.2,625.458339,2019-01-19 08:59:59.999,2258812.49706690,5847,314.36182000,1135386.10047867,0
2019-01-19 09:00:00,3613.81,3616.4,3611.01,3614.53,514.531792,2019-01-19 09:59:59.999,1859399.43185669,5328,287.36589100,1038515.12603916,0
2019-01-19 10:00:00,3614.48,3720.0,3613.4,3698.1,6346.451492,2019-01-19 10:59:59.999,23441830.54023618,30592,3475.26521500,12836654.48697606,0
2019-01-19 11:00:00,3698.1,3702.5,3687.91,3695.38,1574.908223,2019-01-19 11:59:59.999,5820187.00701930,10349,864.49118400,3195108.27774463,0
2019-01-19 12:00:00,3695.78,3697.6,3689.07,3692.77,988.399126,2019-01-19 12:59:59.999,3650198.81188818,6843,512.32591700,1892031.94226740,0
2019-01-19 13:00:00,3692.63,3692.95,3681.84,3686.36,880.044841,2019-01-19 13:59:59.999,3244051.91184571,7038,439.90550700,1621660.31456273,0
2019-01-19 14:00:00,3686.34,3689.64,3681.94,3685.28,723.033374,2019-01-19 14:59:59.999,2665157.83082641,6236,338.83954700,1249150.67099379,0
2019-01-19 15:00:00,3685.28,3692.8,3684.45,3685.74,708.966261,2019-01-19 15:59:59.999,2615054.37870301,6922,329.56459200,1215630.94940197,0
2019-01-19 16:00:00,3685.64,3692.74,3684.5,3691.17,584.334454,2019-01-19 16:59:59.999,2156246.68791464,6694,279.30227100,1030622.88120201,0
2019-01-19 17:00:00,3691.81,3694.47,3688.68,3691.57,575.87141,2019-01-19 17:59:59.999,2125860.55290194,6834,291.88746700,1077556.62764389,0
2019-01-19 18:00:00,3691.6,3695.98,3662.2,3682.35,1689.437957,2019-01-19 18:59:59.999,6215495.51707557,11675,819.52693600,3015502.40209858,0
2019-01-19 19:00:00,3682.33,3689.76,3677.59,3686.53,873.034319,2019-01-19 19:59:59.999,3216537.51194391,7478,383.42235000,1412660.66752531,0
2019-01-19 20:00:00,3686.56,3688.0,3670.64,3683.4,677.120653,2019-01-19 20:59:59.999,2493396.63832446,6286,343.98451800,1266767.04256954,0
2019-01-19 21:00:00,3684.13,3689.23,3676.42,3681.71,405.180112,2019-01-19 21:59:59.999,1492138.99346118,4654,193.81610500,713800.70415648,0
2019-01-19 22:00:00,3682.47,3687.0,3673.42,3678.14,373.636007,2019-01-19 22:59:59.999,1375696.57028058,4635,181.97995400,670080.06308810,0
2019-01-19 23:00:00,3678.16,3679.39,3665.3,3665.3,438.13672,2019-01-19 23:59:59.999,1608684.10809068,5033,209.68449900,770003.59266018,0
2019-01-20 00:00:00,3665.75,3673.86,3655.0,3673.86,724.873105,2019-01-20 00:59:59.999,2656908.65430698,6681,371.59680600,1362276.81527110,0
2019-01-20 01:00:00,3673.81,3686.0,3673.72,3680.01,780.193444,2019-01-20 01:59:59.999,2872525.43002433,5887,437.98907800,1612712.77167539,0
2019-01-20 02:00:00,3680.0,3684.63,3676.39,3680.19,473.149312,2019-01-20 02:59:59.999,1741925.71992338,5071,251.45706400,925768.37819260,0
2019-01-20 03:00:00,3680.59,3686.0,3679.16,3680.72,405.491774,2019-01-20 03:59:59.999,1493021.57349927,4620,223.87527500,824337.96236879,0
2019-01-20 04:00:00,3681.31,3686.0,3679.02,3679.93,441.779542,2019-01-20 04:59:59.999,1626777.95484899,5117,261.97064800,964719.80963272,0
2019-01-20 05:00:00,3679.61,3681.25,3673.42,3673.87,369.52028,2019-01-20 05:59:59.999,1358929.65070595,4324,183.05805100,673212.53800129,0
2019-01-20 06:00:00,3673.87,3679.43,3668.3,3675.42,730.058125,2019-01-20 06:59:59.999,2682431.97473654,6032,395.18042300,1452066.71885510,0
2019-01-20 07:00:00,3675.42,3682.73,3671.82,3678.87,548.701174,2019-01-20 07:59:59.999,2018182.54161442,4744,294.72965800,1084058.15589088,0
2019-01-20 08:00:00,3678.2,3683.84,3674.76,3682.19,482.667619,2019-01-20 08:59:59.999,1775879.25727468,5353,242.15858300,890960.80780534,0
2019-01-20 09:00:00,3682.26,3693.73,3672.8,3682.07,812.428652,2019-01-20 09:59:59.999,2993061.00093558,6643,380.67487700,1402586.34568036,0
2019-01-20 10:00:00,3681.24,3683.03,3674.01,3680.0,806.547695,2019-01-20 10:59:59.999,2967328.91934833,5803,495.47052100,1822668.29728767,0
2019-01-20 11:00:00,3679.98,3682.47,3572.0,3580.0,5165.152967,2019-01-20 11:59:59.999,18628796.81217881,27062,2351.79845900,8478389.54732161,0
2019-01-20 12:00:00,3580.0,3589.66,3475.0,3516.01,6069.771977,2019-01-20 12:59:59.999,21358732.59773517,31444,2854.01608900,10043272.56290542,0
2019-01-20 13:00:00,3515.99,3535.46,3510.12,3526.38,2267.514123,2019-01-20 13:59:59.999,7977995.78349130,13096,1306.02962200,4594741.31883877,0
2019-01-20 14:00:00,3526.31,3539.0,3522.51,3529.38,1165.820449,2019-01-20 14:59:59.999,4115995.48145878,8671,551.47114500,1946974.52637112,0
2019-01-20 15:00:00,3529.39,3532.84,3508.0,3524.63,971.388219,2019-01-20 15:59:59.999,3423863.33593125,8086,456.16689300,1608059.54840143,0
2019-01-20 16:00:00,3524.57,3537.6,3511.2,3527.63,968.19939,2019-01-20 16:59:59.999,3416058.19397174,8749,424.74288000,1498656.97103376,0
2019-01-20 17:00:00,3527.64,3529.5,3513.99,3524.11,826.244554,2019-01-20 17:59:59.999,2910973.90514423,6878,329.91163000,1162279.70367254,0
2019-01-20 18:00:00,3523.96,3529.68,3516.89,3523.0,487.312178,2019-01-20 18:59:59.999,1717014.26049558,6675,265.05631000,933927.58921857,0
2019-01-20 19:00:00,3523.02,3525.08,3513.44,3518.0,568.79021,2019-01-20 19:59:59.999,2001485.60413598,6261,313.75061200,1104126.69564985,0
2019-01-20 20:00:00,3517.99,3544.51,3510.28,3534.0,993.747954,2019-01-20 20:59:59.999,3503923.37712352,8448,506.70447600,1786651.76641041,0
2019-01-20 21:00:00,3533.58,3547.09,3530.68,3541.05,753.491656,2019-01-20 21:59:59.999,2666969.72140406,7632,412.14002800,1458754.59773196,0
2019-01-20 22:00:00,3541.39,3554.29,3538.29,3546.2,513.941439,2019-01-20 22:59:59.999,1822547.97843246,5848,272.04121000,964712.02125135,0
2019-01-20 23:00:00,3546.2,3547.77,3524.0,3539.28,575.15276,2019-01-20 23:59:59.999,2035910.22509321,5816,293.12104300,1037615.18861225,0
2019-01-21 00:00:00,3539.26,3549.07,3537.94,3539.0,700.116019,2019-01-21 00:59:59.999,2480964.85587654,6394,332.35652100,1177859.43623759,0
2019-01-21 01:00:00,3539.0,3544.77,3531.9,3539.61,499.241032,2019-01-21 01:59:59.999,1766363.94114345,5547,270.16688000,955954.27158659,0
2019-01-21 02:00:00,3537.19,3547.0,3535.01,3535.81,689.470484,2019-01-21 02:59:59.999,2440221.83063878,5426,416.97054600,1475858.42575333,0
2019-01-21 03:00:00,3535.81,3536.68,3520.0,3530.95,773.444269,2019-01-21 03:59:59.999,2729676.77324701,5616,391.62997500,1382257.84908122,0
2019-01-21 04:00:00,3530.85,3534.94,3501.0,3523.86,1064.101921,2019-01-21 04:59:59.999,3746663.27437648,8285,538.13684200,1895453.76463140,0
2019-01-21 05:00:00,3523.01,3527.29,3516.0,3525.88,626.945857,2019-01-21 05:59:59.999,2207606.57113288,5567,308.56983200,1086508.16685020,0
2019-01-21 06:00:00,3525.65,3537.0,3520.0,3527.0,728.337501,2019-01-21 06:59:59.999,2569146.15081976,6404,433.25338900,1528304.11995515,0
2019-01-21 07:00:00,3527.0,3530.0,3511.47,3526.83,714.063511,2019-01-21 07:59:59.999,2515753.18980116,6287,393.09021700,1384977.94990694,0
2019-01-21 08:00:00,3526.82,3527.98,3516.35,3523.65,564.853495,2019-01-21 08:59:59.999,1990108.33998140,5400,312.70056100,1101808.90788062,0
2019-01-21 09:00:00,3524.28,3539.04,3520.21,3525.29,771.688189,2019-01-21 09:59:59.999,2722019.69395731,6710,408.18116000,1439722.89125153,0
2019-01-21 10:00:00,3524.61,3547.26,3522.9,3532.01,1117.19679,2019-01-21 10:59:59.999,3945056.15682871,8747,563.03643500,1988095.66497725,0
2019-01-21 11:00:00,3532.0,3550.0,3527.19,3545.05,1094.194544,2019-01-21 11:59:59.999,3871890.72860657,8525,556.52435700,1969612.83662366,0
2019-01-21 12:00:00,3545.07,3546.98,3534.03,3538.95,708.57123,2019-01-21 12:59:59.999,2507721.76207473,6041,361.85950700,1280657.47315378,0
2019-01-21 13:00:00,3538.5,3559.51,3530.0,3536.41,1169.800011,2019-01-21 13:59:59.999,4144098.19315527,7871,651.81171900,2309026.73192667,0
2019-01-21 14:00:00,3536.29,3539.95,3525.1,3526.14,845.897427,2019-01-21 14:59:59.999,2987947.37553823,7513,438.80755000,1549988.45743323,0
2019-01-21 15:00:00,3526.84,3535.72,3518.32,3528.17,1032.248576,2019-01-21 15:59:59.999,3639547.63850571,8089,585.01627900,2062577.65882495,0
2019-01-21 16:00:00,3528.16,3540.81,3527.31,3536.75,767.711438,2019-01-21 16:59:59.999,2713033.11454403,7017,450.24327600,1591220.59047354,0
2019-01-21 17:00:00,3536.75,3539.48,3530.0,3533.76,647.951469,2019-01-21 17:59:59.999,2290566.50093258,6097,333.85288400,1180302.03650948,0
2019-01-21 18:00:00,3533.71,3535.35,3520.9,3534.98,749.491602,2019-01-21 18:59:59.999,2644968.37599483,5457,390.04928800,1376667.07489003,0
2019-01-21 19:00:00,3534.3,3540.22,3526.0,3528.82,506.213469,2019-01-21 19:59:59.999,1788933.48146191,4874,268.78418100,950009.79627760,0
2019-01-21 20:00:00,3528.78,3531.72,3524.62,3530.4,431.727041,2019-01-21 20:59:59.999,1523216.41580699,4213,228.27383100,805416.80273523,0
2019-01-21 21:00:00,3530.42,3533.07,3501.0,3513.0,967.768086,2019-01-21 21:59:59.999,3405212.29606471,7700,483.68025800,1702276.54262026,0
2019-01-21 22:00:00,3512.48,3527.98,3475.5,3522.14,1693.7603,2019-01-21 22:59:59.999,5934551.50253409,11372,925.12579400,3241885.80901882,0
2019-01-21 23:00:00,3522.14,3534.34,3521.81,3526.9,779.642578,2019-01-21 23:59:59.999,2751280.60383241,5673,419.89899600,1481734.37641924,0
2019-01-22 00:00:00,3526.88,3537.87,3523.0,3534.39,846.67851,2019-01-22 00:59:59.999,2990835.76086259,6113,528.02724500,1864934.83116506,0
2019-01-22 01:00:00,3534.99,3540.0,3532.0,3535.52,583.613351,2019-01-22 01:59:59.999,2063771.90553301,5212,318.20671400,1125273.49375409,0
2019-01-22 02:00:00,3535.44,3550.0,3529.0,3529.23,588.845625,2019-01-22 02:59:59.999,2083528.04291146,5280,315.60403200,1116888.77941796,0
2019-01-22 03:00:00,3530.75,3547.33,3514.43,3523.0,1042.082432,2019-01-22 03:59:59.999,3671670.16381980,7387,596.26745200,2101435.74858668,0
2019-01-22 04:00:00,3523.66,3590.51,3500.04,3523.86,2294.868401,2019-01-22 04:59:59.999,8105515.92722574,7634,1238.65336200,4383551.50404645,0
2019-01-22 05:00:00,3523.86,3534.8,3515.0,3520.62,711.148213,2019-01-22 05:59:59.999,2503673.13499237,4775,468.12125700,1648435.96420556,0
2019-01-22 06:00:00,3520.64,3521.9,3511.94,3514.95,579.667455,2019-01-22 06:59:59.999,2038725.13184498,5304,313.57850800,1102895.93981531,0
2019-01-22 07:00:00,3514.95,3518.0,3510.0,3515.7,579.094857,2019-01-22 07:59:59.999,2035208.00545562,4709,230.53324100,810352.25827601,0
2019-01-22 08:00:00,3516.58,3530.9,3515.07,3530.41,694.986904,2019-01-22 08:59:59.999,2449323.73994120,5940,430.68714500,1517976.50014173,0
2019-01-22 09:00:00,3530.41,3532.0,3510.0,3511.29,697.078964,2019-01-22 09:59:59.999,2453934.59583346,5788,368.47304300,1297353.24513888,0
2019-01-22 10:00:00,3510.13,3524.11,3495.5,3514.85,1279.423443,2019-01-22 10:59:59.999,4496853.98613318,7420,641.09671000,2254417.40209830,0
2019-01-22 11:00:00,3514.85,3540.0,3434.85,3535.15,4870.586855,2019-01-22 11:59:59.999,16964337.82948065,21507,2268.69524500,7912235.47721990,0
2019-01-22 12:00:00,3535.15,3570.32,3520.0,3551.02,3005.12971,2019-01-22 12:59:59.999,10647042.82264346,15618,1615.98060300,5725152.60131476,0
2019-01-22 13:00:00,3551.02,3560.0,3535.94,3550.51,1469.600031,2019-01-22 13:59:59.999,5213374.43441664,8880,765.82423400,2716205.16929643,0
2019-01-22 14:00:00,3550.51,3578.0,3543.47,3562.02,1223.765137,2019-01-22 14:59:59.999,4359635.95014555,11004,696.44603300,2481479.41301297,0
2019-01-22 15:00:00,3562.0,3585.0,3555.45,3577.32,1437.813701,2019-01-22 15:59:59.999,5132391.00251495,10055,830.44920500,2964127.00353465,0
2019-01-22 16:00:00,3577.33,3590.36,3560.0,3571.76,1368.9655,2019-01-22 16:59:59.999,4890687.66265572,9838,766.92582400,2740534.51337882,0
2019-01-22 17:00:00,3571.74,3586.91,3561.82,3580.08,803.981082,2019-01-22 17:59:59.999,2873624.63423612,7943,485.01383800,1733597.92340411,0
2019-01-22 18:00:00,3580.08,3590.8,3567.01,3588.0,1142.770971,2019-01-22 18:59:59.999,4091035.02414904,9062,576.14346400,2062105.58989138,0
2019-01-22 19:00:00,3589.71,3608.5,3575.0,3578.46,1542.884736,2019-01-22 19:59:59.999,5537345.27800405,10714,860.64626200,3089503.35326226,0
2019-01-22 20:00:00,3578.89,3596.01,3578.15,3584.28,609.127763,2019-01-22 20:59:59.999,2183656.08659104,6258,317.36507900,1137791.04130605,0
2019-01-22 21:00:00,3584.28,3590.19,3564.51,3565.26,843.797805,2019-01-22 21:59:59.999,3015104.77673409,7283,420.02203500,1500927.67627846,0
2019-01-22 22:00:00,3565.31,3579.67,3561.94,3577.99,575.222259,2019-01-22 22:59:59.999,2054180.04426707,6098,363.43822600,1297819.86685222,0
2019-01-22 23:00:00,3577.74,3582.01,3564.01,3570.93,545.309262,2019-01-22 23:59:59.999,1949024.17566809,5662,245.13424400,876352.39857856,0
2019-01-23 00:00:00,3570.41,3580.86,3566.24,3574.99,502.325931,2019-01-23 00:59:59.999,1795686.77196582,5157,272.04769600,972522.13718345,0
2019-01-23 01:00:00,3574.9,3579.62,3571.29,3577.65,425.239347,2019-01-23 01:59:59.999,1520413.58644376,5192,269.06144100,961986.37890447,0
2019-01-23 02:00:00,3576.84,3589.95,3576.0,3588.52,582.108691,2019-01-23 02:59:59.999,2085328.87827745,5880,323.07899800,1157292.44142044,0
2019-01-23 03:00:00,3588.52,3599.76,3575.37,3581.31,758.761239,2019-01-23 03:59:59.999,2718594.44887844,6849,436.70642800,1565053.02183289,0
2019-01-23 04:00:00,3582.07,3583.01,3563.0,3570.24,1048.014404,2019-01-23 04:59:59.999,3743323.15800283,6958,459.33437300,1640805.12516774,0
2019-01-23 05:00:00,3570.02,3575.56,3569.52,3574.0,606.981389,2019-01-23 05:59:59.999,2168636.56912688,5681,348.29178800,1244408.78849913,0
2019-01-23 06:00:00,3573.15,3580.32,3573.15,3576.98,568.114855,2019-01-23 06:59:59.999,2032324.84101553,5216,307.67288800,1100641.18759653,0
2019-01-23 07:00:00,3576.27,3577.0,3556.62,3561.73,800.672127,2019-01-23 07:59:59.999,2855980.81041273,6594,421.05922900,1501846.85032345,0
2019-01-23 08:00:00,3561.75,3573.63,3551.92,3569.03,1067.345547,2019-01-23 08:59:59.999,3804770.97421945,7960,586.43397500,2090360.87375464,0
2019-01-23 09:00:00,3569.04,3569.45,3560.0,3561.68,832.671039,2019-01-23 09:59:59.999,2969473.02941670,7013,494.85595800,1764866.01992155,0
2019-01-23 10:00:00,3561.51,3574.64,3559.46,3573.89,848.662289,2019-01-23 10:59:59.999,3024946.52812315,6522,418.99960800,1493592.10811622,0
2019-01-23 11:00:00,3574.01,3582.96,3568.56,3577.8,965.472413,2019-01-23 11:59:59.999,3452228.51496904,7511,476.07971400,1702332.23982899,0
2019-01-23 12:00:00,3577.8,3579.02,3568.0,3568.98,805.650294,2019-01-23 12:59:59.999,2878846.68459026,6484,419.10018400,1497601.69041398,0
2019-01-23 13:00:00,3568.99,3589.0,3568.14,3586.75,1219.620464,2019-01-23 13:59:59.999,4363397.89175322,7934,677.08659800,2422527.30114902,0
2019-01-23 14:00:00,3586.71,3607.98,3543.99,3567.83,2746.492775,2019-01-23 14:59:59.999,9814744.73457927,16446,1325.19108400,4738369.71850283,0
2019-01-23 15:00:00,3568.23,3580.11,3547.44,3549.07,1291.639464,2019-01-23 15:59:59.999,4605764.09589636,8909,588.02058900,2097252.02270494,0
2019-01-23 16:00:00,3549.09,3572.19,3547.49,3570.8,974.103044,2019-01-23 16:59:59.999,3468765.79722835,7600,633.71460000,2256155.42448553,0
2019-01-23 17:00:00,3571.42,3574.21,3566.08,3569.01,585.750985,2019-01-23 17:59:59.999,2091001.29383891,5804,292.21715500,1043229.89698655,0
2019-01-23 18:00:00,3568.9,3573.0,3563.0,3571.18,528.285249,2019-01-23 18:59:59.999,1884292.46102854,5291,266.03462200,948965.76716299,0
2019-01-23 19:00:00,3571.11,3572.52,3533.39,3533.4,1824.244267,2019-01-23 19:59:59.999,6479184.04160796,12274,967.41314100,3436947.57851779,0
2019-01-23 20:00:00,3533.4,3548.4,3514.5,3534.11,3446.61774,2019-01-23 20:59:59.999,12170553.93563176,23024,1739.33712900,6142205.63371791,0
2019-01-23 21:00:00,3533.62,3544.71,3526.0,3544.5,1156.967191,2019-01-23 21:59:59.999,4086262.39498233,8886,643.57988500,2273066.97865534,0
2019-01-23 22:00:00,3544.07,3555.0,3542.87,3552.0,759.398431,2019-01-23 22:59:59.999,2695439.20219256,8085,441.94795900,1568700.02725954,0
2019-01-23 23:00:00,3551.99,3554.5,3541.13,3552.82,593.703523,2019-01-23 23:59:59.999,2106435.70165414,5622,329.42821100,1168797.79668218,0
2019-01-24 00:00:00,3552.97,3555.0,3542.0,3551.51,547.439252,2019-01-24 00:59:59.999,1942906.77762070,5145,299.47956200,1062969.31660561,0
2019-01-24 01:00:00,3551.52,3553.57,3529.22,3536.0,929.091961,2019-01-24 01:59:59.999,3289023.29546970,7751,475.04596500,1681810.75056055,0
2019-01-24 02:00:00,3536.0,3550.91,3530.04,3547.14,850.607191,2019-01-24 02:59:59.999,3012679.38216265,7323,447.83616700,1586542.86957155,0
2019-01-24 03:00:00,3547.14,3550.0,3530.45,3532.57,704.262277,2019-01-24 03:59:59.999,2493442.16710944,6610,338.13504300,1197557.55655356,0
2019-01-24 04:00:00,3532.57,3541.69,3531.76,3540.0,592.28594,2019-01-24 04:59:59.999,2096058.33043604,5735,315.24795000,1115563.16193020,0
2019-01-24 05:00:00,3539.59,3544.28,3532.0,3533.59,602.410491,2019-01-24 05:59:59.999,2130297.00432068,5625,281.02171100,993874.56229546,0
2019-01-24 06:00:00,3534.19,3539.57,3532.88,3536.81,606.927282,2019-01-24 06:59:59.999,2146463.30418179,5204,270.14518800,955472.87485616,0
2019-01-24 07:00:00,3536.81,3550.61,3535.81,3546.33,927.68291,2019-01-24 07:59:59.999,3287280.56640398,6306,426.52609100,1511478.18200412,0
2019-01-24 08:00:00,3546.47,3552.12,3541.46,3548.84,691.341956,2019-01-24 08:59:59.999,2451184.38408385,5797,342.61006200,1214864.62508166,0
2019-01-24 09:00:00,3548.84,3550.0,3540.4,3547.88,841.492865,2019-01-24 09:59:59.999,2982666.28790502,6292,487.63422700,1728333.64907288,0
2019-01-24 10:00:00,3547.99,3549.0,3538.0,3543.1,735.972651,2019-01-24 10:59:59.999,2608540.78634305,4968,403.17080700,1428971.62677995,0
2019-01-24 11:00:00,3543.1,3572.59,3532.6,3563.23,1563.979009,2019-01-24 11:59:59.999,5563707.73940798,10426,855.86353600,3044633.81374901,0
2019-01-24 12:00:00,3562.15,3569.44,3551.56,3568.95,1028.858217,2019-01-24 12:59:59.999,3664435.81328987,6361,581.44553100,2071109.40821084,0
2019-01-24 13:00:00,3569.12,3576.97,3556.01,3560.15,1133.160138,2019-01-24 13:59:59.999,4038192.28522431,9408,596.47887700,2125760.47025019,0
2019-01-24 14:00:00,3560.15,3573.99,3554.97,3562.0,1058.256802,2019-01-24 14:59:59.999,3770977.66852008,9431,569.78485800,2030571.11364970,0
2019-01-24 15:00:00,3562.85,3562.86,3547.09,3553.41,978.190098,2019-01-24 15:59:59.999,3475890.85123684,6561,466.53694000,1657528.83222532,0
2019-01-24 16:00:00,3553.44,3556.99,3547.28,3554.69,677.893533,2019-01-24 16:59:59.999,2407966.55345009,5633,353.67254800,1256421.24714868,0
2019-01-24 17:00:00,3554.23,3557.5,3543.26,3549.22,961.73845,2019-01-24 17:59:59.999,3414209.76409313,6115,560.65177800,1990356.06749005,0
2019-01-24 18:00:00,3549.15,3558.92,3549.04,3555.88,702.811025,2019-01-24 18:59:59.999,2498519.92020486,5374,366.86670800,1304048.67995792,0
2019-01-24 19:00:00,3555.86,3589.0,3555.5,3574.93,1744.840149,2019-01-24 19:59:59.999,6239336.51609327,10773,971.01218000,3471409.69448987,0
2019-01-24 20:00:00,3574.78,3587.27,3562.01,3568.05,1093.727694,2019-01-24 20:59:59.999,3911630.31090421,8744,530.34506900,1896755.56888759,0
2019-01-24 21:00:00,3568.05,3569.62,3564.1,3569.56,469.961721,2019-01-24 21:59:59.999,1676564.53549287,4993,242.11991500,863783.78997169,0
2019-01-24 22:00:00,3569.56,3576.99,3566.63,3566.65,529.679926,2019-01-24 22:59:59.999,1891830.83820125,5424,278.83934400,995961.79452406,0
2019-01-24 23:00:00,3566.5,3577.27,3553.88,3569.62,853.639642,2019-01-24 23:59:59.999,3043247.78417170,6160,515.50451300,1837812.22565746,0
2019-01-25 00:00:00,3569.07,3574.3,3566.03,3569.83,453.303136,2019-01-25 00:59:59.999,1619143.79974072,4851,216.75874000,774274.22684948,0
2019-01-25 01:00:00,3569.83,3587.15,3565.03,3578.39,574.853567,2019-01-25 01:59:59.999,2054904.32480651,4914,345.22702500,1234561.99237991,0
2019-01-25 02:00:00,3578.39,3579.68,3565.65,3566.92,458.176597,2019-01-25 02:59:59.999,1637657.51139551,4790,227.93129200,814818.77849222,0
2019-01-25 03:00:00,3566.95,3574.91,3565.0,3568.06,363.195499,2019-01-25 03:59:59.999,1296712.72888926,3935,169.61606900,605621.83496371,0
2019-01-25 04:00:00,3568.06,3571.0,3567.3,3570.66,387.512868,2019-01-25 04:59:59.999,1383325.84102518,3770,195.78936200,698949.44546602,0
2019-01-25 05:00:00,3569.92,3570.8,3551.0,3565.52,853.945572,2019-01-25 05:59:59.999,3042276.23051691,6123,472.58749300,1683844.82749372,0
2019-01-25 06:00:00,3564.8,3569.35,3555.0,3567.14,451.977059,2019-01-25 06:59:59.999,1611584.59995165,4068,207.76849700,740988.87766001,0
2019-01-25 07:00:00,3567.12,3571.99,3559.55,3568.48,588.472841,2019-01-25 07:59:59.999,2099807.61907155,5786,337.32077300,1203663.72373100,0
2019-01-25 08:00:00,3568.48,3568.56,3522.51,3549.67,1815.412448,2019-01-25 08:59:59.999,6441114.53487058,11426,867.29666200,3079389.98006079,0
2019-01-25 09:00:00,3549.7,3564.65,3543.38,3557.28,1154.415091,2019-01-25 09:59:59.999,4105168.09083470,8940,663.25649300,2358699.18284853,0
2019-01-25 10:00:00,3557.51,3557.69,3540.0,3544.53,898.157744,2019-01-25 10:59:59.999,3186141.33984926,6925,554.86995700,1968314.90704994,0
2019-01-25 11:00:00,3544.97,3562.58,3532.3,3541.97,1449.652554,2019-01-25 11:59:59.999,5141335.29485264,9712,764.42979300,2711594.29497593,0
2019-01-25 12:00:00,3541.97,3552.61,3536.95,3548.7,902.692628,2019-01-25 12:59:59.999,3198666.78164487,6896,501.13954900,1775941.11943926,0
2019-01-25 13:00:00,3548.72,3558.0,3544.0,3553.14,625.652267,2019-01-25 13:59:59.999,2222281.53550469,10283,354.34721600,1258706.76817349,0
2019-01-25 14:00:00,3553.14,3563.01,3547.01,3563.01,803.390322,2019-01-25 14:59:59.999,2855115.04337509,9202,478.86291800,1701877.61188979,0
2019-01-25 15:00:00,3563.01,3568.79,3553.97,3566.92,951.822775,2019-01-25 15:59:59.999,3390528.40505562,9207,555.89781900,1980209.20471181,0
2019-01-25 16:00:00,3566.44,3571.0,3553.78,3557.73,691.046028,2019-01-25 16:59:59.999,2459866.61098452,7956,382.72444600,1362526.63197996,0
2019-01-25 17:00:00,3557.12,3564.14,3553.54,3561.53,631.731371,2019-01-25 17:59:59.999,2249336.78757296,5094,340.06774700,1210898.47698008,0
2019-01-25 18:00:00,3561.42,3562.54,3540.4,3545.3,843.798975,2019-01-25 18:59:59.999,2996843.92771983,6297,484.24584500,1719648.25514811,0
2019-01-25 19:00:00,3545.32,3554.0,3540.35,3553.21,718.718087,2019-01-25 19:59:59.999,2549793.63039220,5538,421.61481700,1495800.33676115,0
2019-01-25 20:00:00,3553.21,3559.0,3546.89,3558.06,337.672048,2019-01-25 20:59:59.999,1199881.39012994,3980,184.50754700,655611.72764870,0
2019-01-25 21:00:00,3557.09,3570.0,3556.64,3562.77,794.867583,2019-01-25 21:59:59.999,2833459.86210345,5328,480.69585100,1713529.87631192,0
2019-01-25 22:00:00,3563.23,3574.0,3559.43,3569.03,543.347913,2019-01-25 22:59:59.999,1938037.12604396,4544,304.61793900,1086615.99167153,0
2019-01-25 23:00:00,3569.73,3571.44,3564.15,3565.29,314.531698,2019-01-25 23:59:59.999,1121943.43891368,3848,178.82430200,637901.31401962,0
2019-01-26 00:00:00,3566.69,3571.64,3561.73,3562.68,417.695486,2019-01-26 00:59:59.999,1489850.38082123,4161,254.16101900,906659.62406929,0
2019-01-26 01:00:00,3562.85,3568.49,3561.17,3566.9,359.187165,2019-01-26 01:59:59.999,1280478.94925413,3592,166.45821800,593417.30083361,0
2019-01-26 02:00:00,3567.3,3576.12,3561.18,3575.83,400.623806,2019-01-26 02:59:59.999,1429524.46313510,4119,240.79604400,859337.46295766,0
2019-01-26 03:00:00,3575.83,3583.0,3564.14,3577.0,1187.839028,2019-01-26 03:59:59.999,4250673.42263290,6439,683.63281400,2446467.32414384,0
2019-01-26 04:00:00,3578.07,3581.95,3570.7,3572.61,656.459112,2019-01-26 04:59:59.999,2347622.95532657,4424,392.02424400,1402049.72835456,0
2019-01-26 05:00:00,3572.6,3575.0,3567.6,3574.84,473.816455,2019-01-26 05:59:59.999,1692185.53527929,3761,323.27038800,1154499.06004840,0
2019-01-26 06:00:00,3574.07,3589.0,3573.93,3581.14,826.76245,2019-01-26 06:59:59.999,2959791.42161672,5297,514.96632800,1843389.48887409,0
2019-01-26 07:00:00,3581.14,3662.94,3572.02,3620.58,3083.048087,2019-01-26 07:59:59.999,11160989.33333907,15365,1588.81968100,5745498.36379392,0
2019-01-26 08:00:00,3620.37,3624.06,3599.0,3602.03,1430.850588,2019-01-26 08:59:59.999,5169948.44919007,8284,674.80006600,2438424.12013097,0
2019-01-26 09:00:00,3602.97,3607.17,3594.14,3597.27,911.629777,2019-01-26 09:59:59.999,3283831.99301568,6348,500.07588800,1801310.98247766,0
2019-01-26 10:00:00,3597.05,3604.39,3592.58,3595.94,691.661575,2019-01-26 10:59:59.999,2489534.49092352,4881,357.99575100,1288638.92072237,0
2019-01-26 11:00:00,3595.96,3597.84,3587.0,3589.93,711.079817,2019-01-26 11:59:59.999,2553176.24659297,4448,328.90419700,1181005.33069621,0
2019-01-26 12:00:00,3589.93,3589.93,3573.7,3585.57,1007.340313,2019-01-26 12:59:59.999,3609695.74334438,6146,391.81314400,1404133.86681982,0
2019-01-26 13:00:00,3586.33,3595.2,3585.31,3586.76,722.549509,2019-01-26 13:59:59.999,2594150.17331955,5901,389.39976400,1398145.48674575,0
2019-01-26 14:00:00,3586.42,3590.27,3579.29,3585.66,650.038318,2019-01-26 14:59:59.999,2330776.90577379,5353,311.97779600,1118762.00048563,0
2019-01-26 15:00:00,3585.79,3586.64,3545.0,3557.72,1855.300974,2019-01-26 15:59:59.999,6611255.22132161,9952,927.86181100,3306611.76137065,0
2019-01-26 16:00:00,3558.01,3566.0,3553.79,3562.2,795.322581,2019-01-26 16:59:59.999,2830620.73609976,6028,432.61193400,1539826.53088458,0
2019-01-26 17:00:00,3562.18,3570.69,3558.9,3568.63,823.870521,2019-01-26 17:59:59.999,2938877.52132110,6068,344.11504400,1227447.25039707,0
2019-01-26 18:00:00,3568.97,3572.74,3565.15,3569.42,460.471902,2019-01-26 18:59:59.999,1643518.17912783,4593,227.31102300,811348.27381782,0
2019-01-26 19:00:00,3569.98,3571.31,3565.2,3567.55,559.086243,2019-01-26 19:59:59.999,1994725.81614863,4402,362.40669500,1292968.28094425,0
2019-01-26 20:00:00,3567.55,3572.0,3562.01,3563.71,416.993627,2019-01-26 20:59:59.999,1487696.13456778,4361,238.18658900,849801.38035152,0
2019-01-26 21:00:00,3563.76,3569.4,3562.71,3565.59,297.446323,2019-01-26 21:59:59.999,1060658.91317330,3720,164.52125300,586670.27591099,0
2019-01-26 22:00:00,3565.59,3576.76,3564.1,3574.18,322.832106,2019-01-26 22:59:59.999,1152874.38158069,3734,186.78257800,667037.81443786,0
2019-01-26 23:00:00,3574.41,3575.0,3562.11,3565.25,414.626581,2019-01-26 23:59:59.999,1479309.28002582,3992,200.50804600,715400.88953056,0
2019-01-27 00:00:00,3565.62,3574.51,3539.16,3570.0,1131.712098,2019-01-27 00:59:59.999,4026350.01378113,8714,505.63816600,1800038.97872029,0
2019-01-27 01:00:00,3570.0,3573.95,3558.88,3568.84,645.63514,2019-01-27 01:59:59.999,2301531.82959187,4956,384.18723900,1369518.18374264,0
2019-01-27 02:00:00,3569.18,3579.0,3568.79,3577.44,498.244039,2019-01-27 02:59:59.999,1780898.23131720,4789,286.73360900,1024929.91718326,0
2019-01-27 03:00:00,3577.44,3578.92,3570.04,3578.46,381.364882,2019-01-27 03:59:59.999,1363544.58181156,4193,193.06335000,690321.77041197,0
2019-01-27 04:00:00,3578.46,3578.92,3562.58,3565.08,697.413779,2019-01-27 04:59:59.999,2489287.51172103,5652,374.91733400,1338078.64371570,0
2019-01-27 05:00:00,3565.45,3566.24,3557.65,3561.25,471.301735,2019-01-27 05:59:59.999,1678681.53637035,4455,278.52441600,992066.38973063,0
2019-01-27 06:00:00,3561.13,3567.17,3560.22,3562.08,441.599272,2019-01-27 06:59:59.999,1573784.40478397,3711,242.19486400,863135.20474954,0
2019-01-27 07:00:00,3563.6,3566.49,3554.18,3562.01,544.275109,2019-01-27 07:59:59.999,1937959.57788491,4642,308.32890900,1097822.61670508,0
2019-01-27 08:00:00,3562.77,3570.86,3562.0,3566.31,699.988999,2019-01-27 08:59:59.999,2496805.53411666,5435,341.94048000,1219713.17270571,0
2019-01-27 09:00:00,3566.29,3566.52,3544.3,3552.34,1053.436687,2019-01-27 09:59:59.999,3745495.67460704,6916,549.02558700,1952207.56072177,0
2019-01-27 10:00:00,3552.34,3556.46,3537.88,3541.99,1397.54555,2019-01-27 10:59:59.999,4957477.72195678,9672,706.47751000,2506313.36913048,0
2019-01-27 11:00:00,3541.99,3552.0,3526.41,3546.73,1602.032221,2019-01-27 11:59:59.999,5673671.16377304,9428,919.74930100,3257664.53941517,0
2019-01-27 12:00:00,3546.17,3551.76,3539.74,3544.68,826.282289,2019-01-27 12:59:59.999,2930945.72311178,10006,475.01890700,1685138.77096795,0
2019-01-27 13:00:00,3545.22,3547.77,3532.0,3543.56,1302.245521,2019-01-27 13:59:59.999,4612627.34305800,8882,763.58178800,2704930.94421451,0
2019-01-27 14:00:00,3543.52,3562.25,3486.0,3557.1,4505.202361,2019-01-27 14:59:59.999,15895146.17951377,20014,1992.01530300,7033636.00873704,0
2019-01-27 15:00:00,3557.1,3568.0,3548.47,3556.53,1311.813104,2019-01-27 15:59:59.999,4667980.52116458,7803,707.55949000,2517801.61311525,0
2019-01-27 16:00:00,3557.31,3565.01,3554.89,3562.59,693.792649,2019-01-27 16:59:59.999,2470513.85851828,6293,326.78204500,1163601.50323585,0
2019-01-27 17:00:00,3562.59,3574.57,3543.07,3563.49,1261.069046,2019-01-27 17:59:59.999,4493537.93824242,7381,569.96366500,2032813.40986524,0
2019-01-27 18:00:00,3564.28,3564.5,3555.8,3557.13,786.083483,2019-01-27 18:59:59.999,2798341.17656950,5703,489.16428000,1741285.67221773,0
2019-01-27 19:00:00,3557.13,3564.9,3557.1,3564.29,398.369745,2019-01-27 19:59:59.999,1418858.91529667,5038,209.44362100,745994.40027745,0
2019-01-27 20:00:00,3563.69,3571.09,3563.49,3568.68,462.199046,2019-01-27 20:59:59.999,1649062.07108729,4991,263.88272800,941539.27172852,0
2019-01-27 21:00:00,3568.59,3569.33,3556.0,3558.71,617.804483,2019-01-27 21:59:59.999,2201754.70289678,5151,241.73194800,861387.44012537,0
2019-01-27 22:00:00,3559.44,3562.91,3552.72,3560.72,493.09616,2019-01-27 22:59:59.999,1754585.68007557,5120,214.43095800,762993.90801658,0
2019-01-27 23:00:00,3560.72,3562.6,3546.03,3550.84,513.090764,2019-01-27 23:59:59.999,1824574.95528664,4910,224.21190100,797378.15796658,0
2019-01-28 00:00:00,3550.05,3557.75,3540.01,3548.12,796.71727,2019-01-28 00:59:59.999,2826942.02530246,6189,443.09891800,1572439.25264073,0
2019-01-28 01:00:00,3548.99,3554.98,3521.08,3523.78,1013.40363,2019-01-28 01:59:59.999,3585708.28679796,7880,512.62867800,1814282.15617175,0
2019-01-28 02:00:00,3524.74,3536.42,3510.0,3517.05,1501.513846,2019-01-28 02:59:59.999,5290315.64030768,9962,826.24086700,2912109.34335515,0
2019-01-28 03:00:00,3517.06,3521.83,3477.47,3481.64,3176.711275,2019-01-28 03:59:59.999,11113350.05089310,19921,1485.03997800,5195015.75588500,0
2019-01-28 04:00:00,3481.65,3499.51,3462.61,3479.01,2090.475046,2019-01-28 04:59:59.999,7286220.26687020,12369,1114.18486800,3884102.98995877,0
2019-01-28 05:00:00,3479.01,3480.57,3435.0,3438.22,3058.911997,2019-01-28 05:59:59.999,10572765.77617433,15226,1382.72893300,4780032.45359406,0
2019-01-28 06:00:00,3438.86,3460.64,3405.0,3451.3,3713.581071,2019-01-28 06:59:59.999,12755086.08269485,19065,1681.55839800,5777569.66227038,0
2019-01-28 07:00:00,3452.23,3471.58,3449.07,3454.4,1551.825996,2019-01-28 07:59:59.999,5369599.38986787,10332,780.77794000,2701495.55821551,0
2019-01-28 08:00:00,3453.72,3454.34,3426.0,3431.93,1307.20905,2019-01-28 08:59:59.999,4494403.79991445,9204,686.00707800,2359118.33242836,0
2019-01-28 09:00:00,3430.88,3453.0,3430.86,3452.5,1245.523318,2019-01-28 09:59:59.999,4289605.27617965,8437,693.45523500,2388327.09680761,0
2019-01-28 10:00:00,3452.1,3452.88,3435.15,3435.46,913.326992,2019-01-28 10:59:59.999,3144179.52863894,7922,508.63823900,1751108.34890182,0
2019-01-28 11:00:00,3436.43,3442.3,3410.02,3427.57,1398.371156,2019-01-28 11:59:59.999,4794628.95759907,10215,644.56295200,2210781.14331915,0
2019-01-28 12:00:00,3427.59,3434.82,3416.98,3421.15,1750.130704,2019-01-28 12:59:59.999,5994495.58887810,9933,903.93977000,3096108.54064031,0
2019-01-28 13:00:00,3421.0,3434.0,3416.28,3427.92,1240.335649,2019-01-28 13:59:59.999,4250882.43045459,8520,658.40823500,2256900.05970337,0
2019-01-28 14:00:00,3427.67,3428.69,3418.0,3426.0,1259.0211,2019-01-28 14:59:59.999,4310174.97430896,7627,735.83734000,2518978.10005987,0
2019-01-28 15:00:00,3426.5,3435.7,3380.27,3420.06,5921.65055,2019-01-28 15:59:59.999,20181756.36952604,28872,2871.57115100,9791446.10969117,0
2019-01-28 16:00:00,3420.5,3435.7,3408.9,3411.05,2338.30751,2019-01-28 16:59:59.999,7999779.69339117,13938,1170.83263800,4005501.99570236,0
2019-01-28 17:00:00,3410.95,3423.8,3408.82,3418.64,1174.438729,2019-01-28 17:59:59.999,4011444.23599975,10197,628.28354800,2146119.84768295,0
2019-01-28 18:00:00,3419.75,3430.0,3418.25,3424.01,1038.297066,2019-01-28 18:59:59.999,3556080.70188826,7812,531.41741600,1820221.66420484,0
2019-01-28 19:00:00,3424.03,3426.93,3414.28,3424.39,704.09624,2019-01-28 19:59:59.999,2408536.91943731,6810,369.78665600,1265139.37114032,0
2019-01-28 20:00:00,3424.41,3434.0,3420.07,3428.0,859.39224,2019-01-28 20:59:59.999,2946351.46319799,8338,450.26909100,1543692.47301253,0
2019-01-28 21:00:00,3427.43,3433.3,3420.97,3423.01,677.474282,2019-01-28 21:59:59.999,2321839.05984331,6811,348.05517600,1192824.13857526,0
2019-01-28 22:00:00,3423.03,3439.67,3422.87,3435.07,703.957717,2019-01-28 22:59:59.999,2416266.54065197,7021,383.10771300,1315073.52576850,0
2019-01-28 23:00:00,3437.31,3445.99,3433.01,3434.15,970.438967,2019-01-28 23:59:59.999,3338295.70549078,8198,523.84092100,1802002.89755607,0
2019-01-29 00:00:00,3434.0,3443.45,3433.0,3436.54,885.102362,2019-01-29 00:59:59.999,3043176.53257976,6771,496.71257500,1707924.10763515,0
2019-01-29 01:00:00,3436.24,3436.54,3416.04,3420.37,954.649727,2019-01-29 01:59:59.999,3269905.80906172,7260,444.27365100,1521726.37481424,0
2019-01-29 02:00:00,3419.68,3425.86,3417.42,3421.9,553.745862,2019-01-29 02:59:59.999,1895153.92521704,5760,312.52814500,1069643.98353979,0
2019-01-29 03:00:00,3420.51,3423.39,3402.83,3406.18,1240.109353,2019-01-29 03:59:59.999,4233736.88723784,7654,700.55573400,2392370.48164805,0
2019-01-29 04:00:00,3406.27,3414.68,3400.0,3402.64,951.772587,2019-01-29 04:59:59.999,3242929.71342124,6762,500.79482800,1706539.14568102,0
2019-01-29 05:00:00,3402.66,3406.83,3371.0,3385.42,2313.975431,2019-01-29 05:59:59.999,7838265.83963373,11161,1289.69404100,4367382.61643570,0
2019-01-29 06:00:00,3385.12,3400.0,3370.83,3386.96,1874.967008,2019-01-29 06:59:59.999,6350157.27342584,10155,943.86277400,3197352.36652479,0
2019-01-29 07:00:00,3386.94,3386.97,3349.92,3366.41,2409.590608,2019-01-29 07:59:59.999,8121370.06815570,11581,1117.15599300,3766798.01789196,0
2019-01-29 08:00:00,3366.63,3394.93,3364.5,3383.17,1945.703911,2019-01-29 08:59:59.999,6581021.90767436,10129,1095.32076100,3704870.51150870,0
2019-01-29 09:00:00,3383.01,3403.23,3380.0,3394.97,1456.872483,2019-01-29 09:59:59.999,4941159.85867902,8781,784.21793500,2659905.81866670,0
2019-01-29 10:00:00,3394.95,3394.95,3383.41,3392.6,924.710323,2019-01-29 10:59:59.999,3134312.76121214,7005,501.91212900,1701132.77851420,0
2019-01-29 11:00:00,3393.0,3398.13,3381.0,3385.32,918.835758,2019-01-29 11:59:59.999,3113319.70500974,6623,525.63805600,1781211.36186572,0
2019-01-29 12:00:00,3385.34,3400.0,3381.0,3394.11,1270.389151,2019-01-29 12:59:59.999,4308545.85066835,8011,702.48804000,2382625.72757435,0
2019-01-29 13:00:00,3393.78,3420.0,3393.53,3409.4,1880.600953,2019-01-29 13:59:59.999,6408926.47662968,10636,1068.14947300,3640391.35823456,0
2019-01-29 14:00:00,3409.42,3422.0,3401.12,3420.41,1429.524235,2019-01-29 14:59:59.999,4877789.93380270,8867,782.00595700,2668082.02577033,0
2019-01-29 15:00:00,3420.41,3428.27,3409.98,3426.62,1218.211152,2019-01-29 15:59:59.999,4163289.11772073,7966,642.04324000,2194234.65765434,0
2019-01-29 16:00:00,3426.15,3442.0,3418.46,3418.58,1811.32301,2019-01-29 16:59:59.999,6215163.94425850,10036,896.86880500,3077508.91186161,0
2019-01-29 17:00:00,3418.81,3431.48,3409.94,3413.97,1215.847861,2019-01-29 17:59:59.999,4155088.63593955,8338,614.28689100,2099373.55574241,0
2019-01-29 18:00:00,3413.99,3416.86,3405.61,3413.41,740.058068,2019-01-29 18:59:59.999,2524728.07274343,6384,414.15959600,1412844.49001080,0
2019-01-29 19:00:00,3413.41,3424.68,3410.97,3419.44,597.064783,2019-01-29 19:59:59.999,2040752.22955379,5787,295.31227800,1009417.58097335,0
2019-01-29 20:00:00,3419.69,3434.94,3412.0,3412.95,734.940441,2019-01-29 20:59:59.999,2515514.25498785,6176,326.51633800,1118173.34595610,0
2019-01-29 21:00:00,3412.01,3422.36,3409.33,3418.25,631.391088,2019-01-29 21:59:59.999,2157057.48331514,5412,328.64971300,1122910.66459394,0
2019-01-29 22:00:00,3417.88,3419.5,3400.0,3409.89,736.420354,2019-01-29 22:59:59.999,2513724.93843712,6603,368.42334100,1257896.99179092,0
2019-01-29 23:00:00,3409.66,3418.13,3404.01,3411.04,849.122468,2019-01-29 23:59:59.999,2897716.24543411,5792,474.74093700,1619978.30562862,0
2019-01-30 00:00:00,3410.04,3411.85,3387.1,3394.75,1099.217135,2019-01-30 00:59:59.999,3733582.74636603,8773,529.13186500,1797294.20749159,0
2019-01-30 01:00:00,3394.75,3405.84,3391.87,3403.83,603.746221,2019-01-30 01:59:59.999,2053262.94329231,5154,343.79990400,1169242.29072640,0
2019-01-30 02:00:00,3403.83,3420.0,3398.47,3414.63,662.826701,2019-01-30 02:59:59.999,2258243.97926587,5383,392.97122100,1338816.92685637,0
2019-01-30 03:00:00,3414.43,3427.67,3413.72,3420.34,855.792138,2019-01-30 03:59:59.999,2925837.21665915,6873,514.07253000,1757631.32780762,0
2019-01-30 04:00:00,3419.89,3437.49,3419.67,3426.62,1074.434231,2019-01-30 04:59:59.999,3684613.83034448,6906,582.44177300,1997488.91739111,0
2019-01-30 05:00:00,3426.62,3447.0,3425.18,3433.49,1046.466124,2019-01-30 05:59:59.999,3593797.68153603,6531,648.09123900,2225919.45415907,0
2019-01-30 06:00:00,3434.13,3436.94,3421.02,3423.22,1037.695626,2019-01-30 06:59:59.999,3556342.92957597,6136,578.59528500,1983073.14873858,0
2019-01-30 07:00:00,3423.21,3430.0,3417.44,3428.83,824.12413,2019-01-30 07:59:59.999,2821033.53363921,5856,483.25335600,1654346.81970770,0
2019-01-30 08:00:00,3429.24,3436.27,3422.99,3433.15,768.952947,2019-01-30 08:59:59.999,2637517.71159720,5748,460.65170500,1579981.22927120,0
2019-01-30 09:00:00,3432.59,3434.65,3422.5,3428.28,952.66997,2019-01-30 09:59:59.999,3267614.94732384,6069,551.90835200,1893194.97234273,0
2019-01-30 10:00:00,3427.98,3439.95,3425.0,3434.94,729.833911,2019-01-30 10:59:59.999,2505891.49291597,7721,429.06030400,1473002.20355638,0
2019-01-30 11:00:00,3434.94,3447.9,3422.54,3429.25,1041.989387,2019-01-30 11:59:59.999,3578834.62640356,9798,516.64263700,1774681.45600228,0
2019-01-30 12:00:00,3429.62,3470.0,3428.72,3457.74,2816.208139,2019-01-30 12:59:59.999,9721671.81237162,19470,1672.99953100,5776550.23753151,0
2019-01-30 13:00:00,3457.79,3476.36,3452.0,3458.82,2350.644001,2019-01-30 13:59:59.999,8138873.48653202,16214,1267.06083100,4388034.00528526,0
2019-01-30 14:00:00,3458.9,3463.89,3450.0,3462.45,1260.303697,2019-01-30 14:59:59.999,4357371.54307581,10346,654.28641200,2262328.87216949,0
2019-01-30 15:00:00,3462.64,3468.0,3450.21,3464.01,994.558197,2019-01-30 15:59:59.999,3440757.62832162,6718,508.31913800,1758934.50977420,0
2019-01-30 16:00:00,3464.03,3470.0,3454.97,3458.56,1158.854429,2019-01-30 16:59:59.999,4011717.84068056,6729,659.61993200,2283984.65913445,0
2019-01-30 17:00:00,3459.5,3469.0,3458.54,3465.6,710.46086,2019-01-30 17:59:59.999,2461379.17062896,5751,368.81052600,1277801.61331717,0
2019-01-30 18:00:00,3465.74,3478.0,3462.62,3469.7,867.683081,2019-01-30 18:59:59.999,3010857.26749166,6857,483.54945700,1677993.77449059,0
2019-01-30 19:00:00,3469.72,3470.87,3456.74,3458.77,728.274503,2019-01-30 19:59:59.999,2522316.58560131,6042,386.89896800,1340087.48060027,0
2019-01-30 20:00:00,3458.65,3460.77,3446.82,3453.7,1030.770651,2019-01-30 20:59:59.999,3560218.01371423,7148,585.96992800,2024043.26189413,0
2019-01-30 21:00:00,3453.7,3457.5,3448.04,3456.27,410.138002,2019-01-30 21:59:59.999,1416670.23435921,4680,236.99314500,818670.49201729,0
2019-01-30 22:00:00,3456.25,3468.63,3454.42,3468.37,385.756504,2019-01-30 22:59:59.999,1334923.83039851,4610,234.45907400,811337.90683245,0
2019-01-30 23:00:00,3468.49,3469.0,3452.0,3458.18,556.859658,2019-01-30 23:59:59.999,1927791.80982241,5307,234.75251500,812810.29077556,0
2019-01-31 00:00:00,3457.5,3489.2,3456.75,3480.71,1148.326231,2019-01-31 00:59:59.999,3987443.20319808,8333,674.00418500,2340780.83203300,0
2019-01-31 01:00:00,3481.18,3481.7,3468.0,3472.65,763.633559,2019-01-31 01:59:59.999,2653443.19319453,6491,426.09380900,1480730.91108879,0
2019-01-31 02:00:00,3471.36,3476.98,3462.97,3470.68,780.394866,2019-01-31 02:59:59.999,2707813.04920411,5607,414.26407700,1437369.48496585,0
2019-01-31 03:00:00,3470.63,3472.63,3463.46,3465.32,473.973271,2019-01-31 03:59:59.999,1643900.65043542,4724,236.13632300,819134.89913310,0
2019-01-31 04:00:00,3465.32,3467.77,3455.3,3466.2,794.965741,2019-01-31 04:59:59.999,2751916.56727915,5714,392.38692100,1358529.20677931,0
2019-01-31 05:00:00,3467.7,3470.81,3465.0,3466.94,802.4632,2019-01-31 05:59:59.999,2783078.08992743,4764,350.61987600,1216018.44477175,0
2019-01-31 06:00:00,3465.77,3478.0,3464.07,3473.0,532.47824,2019-01-31 06:59:59.999,1847553.40964783,4747,304.48783000,1056621.55501944,0
2019-01-31 07:00:00,3473.02,3480.0,3466.52,3476.57,744.647213,2019-01-31 07:59:59.999,2587045.91814397,5318,378.01186700,1313256.70441710,0
2019-01-31 08:00:00,3477.08,3477.08,3432.02,3442.98,2381.290685,2019-01-31 08:59:59.999,8208693.10613863,12970,1116.17611300,3847189.66683454,0
2019-01-31 09:00:00,3442.98,3449.0,3426.7,3444.56,1897.078062,2019-01-31 09:59:59.999,6525817.63724043,10348,1016.33402000,3496358.56089802,0
2019-01-31 10:00:00,3444.56,3454.23,3418.8,3425.7,5387.615012,2019-01-31 10:59:59.999,18516858.35211171,27246,2450.83986300,8423373.01875799,0
2019-01-31 11:00:00,3425.69,3434.14,3420.01,3427.81,2364.034575,2019-01-31 11:59:59.999,8099642.70041070,13557,1298.15060800,4447886.00155096,0
2019-01-31 12:00:00,3427.79,3444.88,3420.3,3437.62,1848.117485,2019-01-31 12:59:59.999,6342462.78343833,10420,1035.41555600,3553854.19810636,0
2019-01-31 13:00:00,3437.36,3444.0,3433.63,3441.62,1056.436893,2019-01-31 13:59:59.999,3632361.86318906,7208,535.43384500,1841270.71626552,0
2019-01-31 14:00:00,3441.62,3441.62,3423.06,3429.0,1206.04063,2019-01-31 14:59:59.999,4139497.21686650,9478,662.89584700,2275405.64447279,0
2019-01-31 15:00:00,3429.28,3440.7,3427.16,3436.56,762.436383,2019-01-31 15:59:59.999,2617487.30681085,6637,394.95122600,1355934.43101090,0
2019-01-31 16:00:00,3435.82,3440.81,3426.01,3427.2,899.702027,2019-01-31 16:59:59.999,3088603.68858570,7743,485.55229900,1666922.02963729,0
2019-01-31 17:00:00,3427.2,3436.04,3425.0,3428.3,854.34059,2019-01-31 17:59:59.999,2931103.44019397,6547,468.81592800,1608575.54433279,0
2019-01-31 18:00:00,3429.02,3430.47,3419.33,3424.63,854.720875,2019-01-31 18:59:59.999,2926870.83144631,7221,424.39589600,1453579.47119718,0
2019-01-31 19:00:00,3425.22,3443.0,3419.33,3434.28,951.226439,2019-01-31 19:59:59.999,3264556.12622593,7066,583.99151100,2004204.02518999,0
2019-01-31 20:00:00,3433.58,3447.52,3427.19,3447.5,726.813333,2019-01-31 20:59:59.999,2499748.64905143,6450,433.31502000,1490777.80793618,0
2019-01-31 21:00:00,3447.16,3448.0,3435.44,3441.94,633.994405,2019-01-31 21:59:59.999,2181612.35595339,5489,337.63564600,1161880.19291711,0
2019-01-31 22:00:00,3441.15,3449.58,3437.03,3445.65,633.345852,2019-01-31 22:59:59.999,2182097.30381075,6460,380.72930100,1311857.40374244,0
2019-01-31 23:00:00,3446.44,3447.0,3425.36,3434.1,1109.114686,2019-01-31 23:59:59.999,3808739.53449265,7562,525.19121600,1803113.19946024,0
2019-02-01 00:00:00,3434.1,3440.15,3425.0,3430.74,1230.459697,2019-02-01 00:59:59.999,4223078.65362582,7537,699.47364600,2400860.64973299,0
2019-02-01 01:00:00,3430.74,3432.03,3401.2,3412.75,1891.770782,2019-02-01 01:59:59.999,6468918.38918859,11315,1010.75683400,3457305.55632198,0
2019-02-01 02:00:00,3412.79,3421.49,3403.02,3416.25,1166.851772,2019-02-01 02:59:59.999,3981256.00403097,7405,580.76814400,1981941.09239339,0
2019-02-01 03:00:00,3415.97,3423.24,3410.0,3418.5,648.415115,2019-02-01 03:59:59.999,2215832.66172735,5472,348.85546700,1192073.51565904,0
2019-02-01 04:00:00,3418.84,3420.24,3411.0,3415.84,812.103226,2019-02-01 04:59:59.999,2774088.39464178,5838,403.61202200,1378712.49650448,0
2019-02-01 05:00:00,3414.76,3422.0,3414.35,3419.81,645.712132,2019-02-01 05:59:59.999,2207411.78093067,5234,306.78777900,1048811.98512264,0
2019-02-01 06:00:00,3419.03,3427.05,3412.66,3427.05,848.61184,2019-02-01 06:59:59.999,2903009.71616336,6824,375.57970300,1284798.20228702,0
2019-02-01 07:00:00,3426.26,3428.51,3412.41,3420.03,1224.817307,2019-02-01 07:59:59.999,4187582.73769501,8141,609.11700400,2082586.75324883,0
2019-02-01 08:00:00,3419.44,3452.74,3417.81,3437.98,1397.748432,2019-02-01 08:59:59.999,4795647.64481700,7280,783.43835500,2688350.64720231,0
2019-02-01 09:00:00,3437.78,3439.68,3429.09,3434.64,1022.623191,2019-02-01 09:59:59.999,3512532.34458770,5833,584.53870400,2007755.62766270,0
2019-02-01 10:00:00,3433.87,3446.0,3429.83,3444.85,917.895399,2019-02-01 10:59:59.999,3154149.12375564,5795,432.88521700,1487595.17782069,0
2019-02-01 11:00:00,3444.02,3477.0,3442.95,3459.18,2430.310235,2019-02-01 11:59:59.999,8413439.17561245,12387,1402.16596800,4855239.52985188,0
2019-02-01 12:00:00,3460.56,3479.99,3458.59,3461.12,1715.684778,2019-02-01 12:59:59.999,5950182.76642998,9006,823.32490200,2855699.75070362,0
2019-02-01 13:00:00,3461.12,3470.99,3461.12,3469.83,953.865668,2019-02-01 13:59:59.999,3306370.42073380,7077,505.13718900,1751038.31528013,0
2019-02-01 14:00:00,3469.83,3475.0,3461.21,3467.0,918.701702,2019-02-01 14:59:59.999,3185761.46051393,6579,524.21965000,1818014.17171054,0
2019-02-01 15:00:00,3467.0,3469.45,3452.2,3463.02,831.633339,2019-02-01 15:59:59.999,2877668.24677129,6721,442.91461800,1532730.53557486,0
2019-02-01 16:00:00,3463.02,3464.95,3450.0,3457.31,766.557511,2019-02-01 16:59:59.999,2649285.26016707,6296,414.53286600,1432768.45144387,0
2019-02-01 17:00:00,3458.33,3468.0,3457.05,3459.99,921.624241,2019-02-01 17:59:59.999,3190518.33061151,5990,523.76269100,1813081.39503021,0
2019-02-01 18:00:00,3459.99,3473.65,3458.05,3472.01,685.637845,2019-02-01 18:59:59.999,2375986.67314138,5398,477.51935600,1654868.77817759,0
2019-02-01 19:00:00,3472.22,3488.0,3467.95,3474.52,1475.497823,2019-02-01 19:59:59.999,5130886.18748701,8462,848.50790000,2950341.33685222,0
2019-02-01 20:00:00,3475.01,3484.0,3474.41,3476.15,925.713665,2019-02-01 20:59:59.999,3220752.07103510,6591,461.45464700,1605527.23424492,0
2019-02-01 21:00:00,3476.17,3483.56,3467.43,3482.43,695.977427,2019-02-01 21:59:59.999,2417683.18188511,5637,395.19075400,1372955.58642936,0
2019-02-01 22:00:00,3482.62,3485.0,3470.33,3475.3,499.740555,2019-02-01 22:59:59.999,1736294.87814804,4506,255.80826400,888757.71788361,0
2019-02-01 23:00:00,3474.5,3486.63,3461.29,3462.07,632.522477,2019-02-01 23:59:59.999,2197578.12896774,6196,322.99294800,1122385.44194001,0
2019-02-02 00:00:00,3462.2,3470.45,3460.43,3460.88,794.084066,2019-02-02 00:59:59.999,2751566.04476921,5415,424.30766500,1470215.58111265,0
2019-02-02 01:00:00,3461.72,3463.92,3455.36,3459.43,492.77059,2019-02-02 01:59:59.999,1705219.07943919,5065,273.99692100,948183.90032470,0
2019-02-02 02:00:00,3459.3,3469.38,3457.17,3465.43,483.980305,2019-02-02 02:59:59.999,1677107.67268495,6184,275.50432200,954691.82231176,0
2019-02-02 03:00:00,3465.75,3471.0,3461.99,3465.0,545.547534,2019-02-02 03:59:59.999,1890569.69701944,6623,318.74578900,1104654.64364287,0
2019-02-02 04:00:00,3465.64,3469.0,3458.27,3459.22,487.332118,2019-02-02 04:59:59.999,1687320.67877166,6301,285.47007000,988331.33641675,0
2019-02-02 05:00:00,3459.21,3460.25,3442.11,3452.0,829.1935,2019-02-02 05:59:59.999,2860869.61356711,8549,436.37552900,1505654.79869165,0
2019-02-02 06:00:00,3452.0,3453.28,3440.29,3447.89,936.495013,2019-02-02 06:59:59.999,3227833.64340095,7909,425.40733400,1466377.56869089,0
2019-02-02 07:00:00,3447.86,3456.52,3446.84,3453.55,662.180172,2019-02-02 07:59:59.999,2286011.50959369,7216,346.48506700,1196210.36339634,0
2019-02-02 08:00:00,3453.09,3455.5,3443.4,3452.5,657.036084,2019-02-02 08:59:59.999,2267541.38499365,6771,360.15878200,1243014.11074921,0
2019-02-02 09:00:00,3452.6,3466.49,3445.43,3464.74,804.087756,2019-02-02 09:59:59.999,2778002.01816593,6402,520.10526000,1796928.38403271,0
2019-02-02 10:00:00,3465.3,3469.99,3459.3,3465.12,679.994684,2019-02-02 10:59:59.999,2356317.60402386,5411,380.52884500,1318704.05378681,0
2019-02-02 11:00:00,3465.75,3481.59,3462.5,3477.67,1280.694555,2019-02-02 11:59:59.999,4450388.88190736,9120,555.10544100,1928698.95528968,0
2019-02-02 12:00:00,3477.83,3479.74,3468.17,3468.84,940.876467,2019-02-02 12:59:59.999,3266720.33318912,7794,521.15380800,1809432.33550087,0
2019-02-02 13:00:00,3469.36,3474.88,3464.18,3465.55,506.093066,2019-02-02 13:59:59.999,1756139.99573579,5856,275.90438400,957459.93855097,0
2019-02-02 14:00:00,3465.06,3469.85,3456.49,3465.66,796.432823,2019-02-02 14:59:59.999,2758037.45924372,6931,424.57026500,1470284.67903283,0
2019-02-02 15:00:00,3466.93,3467.96,3453.39,3457.56,709.353782,2019-02-02 15:59:59.999,2454560.08341426,5774,291.69415400,1009594.32730820,0
2019-02-02 16:00:00,3457.56,3460.0,3444.01,3459.88,886.216331,2019-02-02 16:59:59.999,3059516.22815912,5912,506.02369700,1746856.03258627,0
2019-02-02 17:00:00,3459.87,3467.39,3454.02,3464.39,500.487499,2019-02-02 17:59:59.999,1731125.81998558,4427,261.41805100,904267.68660359,0
2019-02-02 18:00:00,3465.61,3467.5,3458.01,3466.89,393.002971,2019-02-02 18:59:59.999,1360724.75531290,4011,205.11472300,710198.67030307,0
2019-02-02 19:00:00,3467.19,3479.0,3463.01,3468.19,611.181971,2019-02-02 19:59:59.999,2121007.95695427,5036,313.36379400,1087643.58690171,0
2019-02-02 20:00:00,3468.9,3472.98,3457.56,3460.0,440.254639,2019-02-02 20:59:59.999,1525818.41190529,4192,233.53681800,809495.02099242,0
2019-02-02 21:00:00,3460.32,3469.38,3457.58,3466.3,332.849845,2019-02-02 21:59:59.999,1153081.51429894,3751,178.87658300,619653.77759467,0
2019-02-02 22:00:00,3466.3,3474.0,3462.58,3467.14,471.424953,2019-02-02 22:59:59.999,1635291.29210098,4275,266.77093200,925591.66445889,0
2019-02-02 23:00:00,3466.83,3526.4,3462.55,3504.77,2679.231276,2019-02-02 23:59:59.999,9373266.29676184,14309,1556.80099600,5445820.45796603,0
2019-02-03 00:00:00,3504.06,3511.09,3482.0,3494.7,1432.44861,2019-02-03 00:59:59.999,5008082.59098069,8895,758.95685600,2653245.55647247,0
2019-02-03 01:00:00,3493.23,3495.19,3482.05,3487.84,617.349036,2019-02-03 01:59:59.999,2153401.98104644,5086,291.74368300,1017709.10405436,0
2019-02-03 02:00:00,3488.25,3494.96,3481.0,3481.63,628.755643,2019-02-03 02:59:59.999,2193280.83059998,4657,289.78545100,1010880.08412318,0
2019-02-03 03:00:00,3481.41,3484.14,3470.0,3482.58,632.25344,2019-02-03 03:59:59.999,2200123.63536992,4577,346.10848100,1204688.13880475,0
2019-02-03 04:00:00,3483.06,3486.86,3470.36,3476.87,453.662153,2019-02-03 04:59:59.999,1579484.39358067,4061,233.13008500,811799.04381488,0
2019-02-03 05:00:00,3476.04,3484.1,3473.17,3481.08,401.654326,2019-02-03 05:59:59.999,1397270.89066788,4143,199.74738900,694980.55876755,0
2019-02-03 06:00:00,3482.13,3484.71,3464.2,3470.93,639.548881,2019-02-03 06:59:59.999,2222951.18850317,5474,304.08711100,1057181.62099658,0
2019-02-03 07:00:00,3470.95,3472.0,3457.38,3462.54,863.747578,2019-02-03 07:59:59.999,2990713.35008389,5955,396.86742600,1374262.92063684,0
2019-02-03 08:00:00,3462.99,3463.83,3447.44,3458.76,1340.848524,2019-02-03 08:59:59.999,4631295.70222274,7722,660.74429100,2282438.60318850,0
2019-02-03 09:00:00,3458.78,3461.21,3453.13,3456.01,802.464211,2019-02-03 09:59:59.999,2774690.43473526,4824,381.85606500,1320341.09179883,0
2019-02-03 10:00:00,3456.95,3474.94,3454.0,3466.7,698.941435,2019-02-03 10:59:59.999,2422237.85183124,5118,409.87754600,1420399.47612411,0
2019-02-03 11:00:00,3466.68,3471.0,3457.4,3463.7,519.718941,2019-02-03 11:59:59.999,1800616.81930121,4721,233.85937100,810230.60004054,0
2019-02-03 12:00:00,3462.69,3467.17,3455.29,3465.85,643.03954,2019-02-03 12:59:59.999,2226161.67980413,4761,326.34515100,1129750.05550633,0
2019-02-03 13:00:00,3465.85,3473.44,3463.73,3469.36,1023.171833,2019-02-03 13:59:59.999,3549604.24926100,6631,467.29285500,1621101.15700930,0
2019-02-03 14:00:00,3468.46,3469.35,3457.42,3460.46,627.808205,2019-02-03 14:59:59.999,2174775.33110325,4896,329.51777200,1141533.29288399,0
2019-02-03 15:00:00,3460.41,3466.01,3448.15,3463.5,1022.689031,2019-02-03 15:59:59.999,3537137.56000443,6650,556.28471200,1924401.41284236,0
2019-02-03 16:00:00,3462.8,3468.98,3459.07,3467.91,945.499758,2019-02-03 16:59:59.999,3276218.18177765,5799,519.06849300,1798714.78735718,0
2019-02-03 17:00:00,3467.9,3467.9,3459.05,3460.0,459.889627,2019-02-03 17:59:59.999,1593171.65420091,4055,268.00221400,928469.82876636,0
2019-02-03 18:00:00,3460.0,3467.95,3459.03,3466.88,567.366037,2019-02-03 18:59:59.999,1964961.80087913,4393,335.88004100,1163284.23725583,0
2019-02-03 19:00:00,3466.88,3468.99,3431.4,3445.6,1356.669961,2019-02-03 19:59:59.999,4682665.74542757,8314,602.62846700,2081002.01879439,0
2019-02-03 20:00:00,3445.6,3445.98,3431.23,3443.0,1290.387676,2019-02-03 20:59:59.999,4438122.83953848,9424,688.17814500,2367075.45119610,0
2019-02-03 21:00:00,3443.0,3443.92,3426.0,3434.85,1151.481824,2019-02-03 21:59:59.999,3953636.42602007,6569,602.75504800,2069864.50414454,0
2019-02-03 22:00:00,3435.21,3452.0,3431.05,3450.86,728.43848,2019-02-03 22:59:59.999,2506866.53575516,5506,398.66973600,1371797.92728479,0
2019-02-03 23:00:00,3451.73,3466.55,3445.3,3458.11,1019.50164,2019-02-03 23:59:59.999,3524148.38972119,6361,525.32975400,1815732.99019242,0
2019-02-04 00:00:00,3458.11,3471.84,3455.0,3462.51,849.644064,2019-02-04 00:59:59.999,2944212.62432703,5531,506.70539500,1756147.37190637,0
2019-02-04 01:00:00,3461.98,3471.27,3457.4,3468.79,637.542257,2019-02-04 01:59:59.999,2208082.57571837,4992,337.05238900,1167407.45174451,0
2019-02-04 02:00:00,3469.62,3471.29,3452.27,3456.3,715.265873,2019-02-04 02:59:59.999,2476224.33052529,5348,343.14433200,1188080.44681392,0
2019-02-04 03:00:00,3457.71,3462.18,3452.49,3458.28,988.896218,2019-02-04 03:59:59.999,3419516.68806293,5516,571.73230500,1977043.08133549,0
2019-02-04 04:00:00,3458.28,3467.78,3456.9,3462.02,746.927303,2019-02-04 04:59:59.999,2586449.10948450,5619,315.97996000,1094169.84550289,0
2019-02-04 05:00:00,3461.06,3462.52,3453.18,3457.63,511.764886,2019-02-04 05:59:59.999,1769638.58941440,4331,284.60750500,984208.99915070,0
2019-02-04 06:00:00,3457.87,3466.73,3456.02,3460.12,548.438838,2019-02-04 06:59:59.999,1898173.74458788,4446,272.24950200,942445.91059981,0
2019-02-04 07:00:00,3460.3,3467.07,3457.59,3463.02,505.654708,2019-02-04 07:59:59.999,1750463.75409396,4536,283.40870600,981075.57484529,0
2019-02-04 08:00:00,3463.02,3484.88,3459.0,3461.48,1483.342576,2019-02-04 08:59:59.999,5146802.48726750,9334,827.65242800,2872684.75461855,0
2019-02-04 09:00:00,3462.78,3467.87,3445.49,3448.96,1933.850842,2019-02-04 09:59:59.999,6686119.97277577,10763,1012.50788800,3501060.10735604,0
2019-02-04 10:00:00,3448.98,3455.79,3444.13,3450.13,859.550618,2019-02-04 10:59:59.999,2965378.04447417,5611,515.14736400,1777404.01218902,0
2019-02-04 11:00:00,3451.15,3453.37,3434.1,3436.04,1405.470672,2019-02-04 11:59:59.999,4842513.52624915,7777,720.88389100,2483703.00425085,0
2019-02-04 12:00:00,3436.39,3452.23,3433.31,3451.83,1298.63441,2019-02-04 12:59:59.999,4472853.16109595,6940,714.72172000,2461609.25313636,0
2019-02-04 13:00:00,3451.09,3454.76,3445.0,3451.79,804.582165,2019-02-04 13:59:59.999,2776371.40613314,5360,407.88521500,1407546.85269252,0
2019-02-04 14:00:00,3451.79,3461.0,3444.55,3450.35,1054.473791,2019-02-04 14:59:59.999,3643112.04329022,6373,546.49920000,1888389.54275083,0
2019-02-04 15:00:00,3450.38,3460.0,3448.21,3459.65,709.073569,2019-02-04 15:59:59.999,2448193.16669767,4878,412.57320200,1424514.40863968,0
2019-02-04 16:00:00,3459.16,3467.0,3457.52,3458.74,1546.904808,2019-02-04 16:59:59.999,5356583.04598245,8967,775.55869200,2685834.35868645,0
2019-02-04 17:00:00,3457.94,3467.06,3457.51,3465.9,885.616097,2019-02-04 17:59:59.999,3065812.88607091,6001,491.39439700,1701126.25948629,0
2019-02-04 18:00:00,3465.58,3475.0,3460.71,3467.52,946.803252,2019-02-04 18:59:59.999,3284170.66776951,6462,531.61271800,1844151.63284985,0
2019-02-04 19:00:00,3467.99,3473.0,3461.47,3469.03,514.659641,2019-02-04 19:59:59.999,1784143.25894469,4856,269.08970800,932928.30155185,0
2019-02-04 20:00:00,3469.03,3475.0,3460.01,3462.0,879.910643,2019-02-04 20:59:59.999,3051172.97947595,8795,456.65448500,1583454.70796856,0
2019-02-04 21:00:00,3462.0,3475.79,3461.0,3468.51,978.419528,2019-02-04 21:59:59.999,3394585.32669745,7486,562.21261500,1950679.99146787,0
2019-02-04 22:00:00,3468.52,3474.0,3453.82,3460.25,1423.758037,2019-02-04 22:59:59.999,4926726.25743687,9487,723.04670000,2502254.92078599,0
2019-02-04 23:00:00,3460.25,3468.78,3455.41,3463.22,902.796312,2019-02-04 23:59:59.999,3126958.58109037,6277,504.78946400,1748630.87841104,0
2019-02-05 00:00:00,3463.22,3465.0,3455.69,3463.77,700.019542,2019-02-05 00:59:59.999,2422244.43416135,5658,358.74150000,1241471.64745165,0
2019-02-05 01:00:00,3463.29,3468.12,3452.01,3455.0,936.893093,2019-02-05 01:59:59.999,3241482.60890870,6110,491.98555200,1702344.34769940,0
2019-02-05 02:00:00,3455.24,3468.75,3448.43,3460.45,963.957479,2019-02-05 02:59:59.999,3335771.82457985,6940,560.84159200,1941377.35284072,0
2019-02-05 03:00:00,3459.84,3471.86,3451.38,3463.91,1669.687766,2019-02-05 03:59:59.999,5781837.34467473,8191,737.49237100,2553693.13959394,0
2019-02-05 04:00:00,3463.47,3471.89,3461.07,3467.63,1444.433355,2019-02-05 04:59:59.999,5007909.83836429,7987,757.91452800,2627836.77892825,0
2019-02-05 05:00:00,3468.28,3471.67,3456.95,3465.99,1339.991058,2019-02-05 05:59:59.999,4642933.46567921,8552,765.70154000,2653400.49969666,0
2019-02-05 06:00:00,3465.97,3470.0,3462.11,3465.14,1062.457244,2019-02-05 06:59:59.999,3683723.67077086,6497,602.80502300,2090241.56805551,0
2019-02-05 07:00:00,3465.65,3468.23,3457.16,3464.42,1084.384406,2019-02-05 07:59:59.999,3755963.29407415,6546,530.70075100,1838330.41170307,0
2019-02-05 08:00:00,3464.42,3470.3,3462.21,3466.34,759.105387,2019-02-05 08:59:59.999,2631194.16000491,5341,417.82545900,1448323.08535267,0
2019-02-05 09:00:00,3466.32,3477.78,3461.21,3476.41,1247.235374,2019-02-05 09:59:59.999,4326718.04591339,7344,679.17480200,2356603.53507895,0
2019-02-05 10:00:00,3476.78,3478.97,3469.4,3470.88,863.605897,2019-02-05 10:59:59.999,2999309.52030940,6094,454.85130300,1579750.54127964,0
2019-02-05 11:00:00,3471.0,3473.0,3461.21,3469.91,898.929579,2019-02-05 11:59:59.999,3116463.30383436,5748,523.91414000,1816528.24554411,0
2019-02-05 12:00:00,3469.89,3471.68,3460.0,3462.86,992.249785,2019-02-05 12:59:59.999,3438231.25804322,6062,590.62110700,2046692.56320254,0
2019-02-05 13:00:00,3462.89,3466.24,3457.96,3465.64,854.815718,2019-02-05 13:59:59.999,2958963.60652983,5852,531.41544300,1839543.85525911,0
2019-02-05 14:00:00,3465.64,3468.17,3454.0,3455.31,1210.612665,2019-02-05 14:59:59.999,4188646.19489640,7641,658.90846100,2279973.37670273,0
2019-02-05 15:00:00,3455.3,3463.81,3449.05,3460.44,1806.109308,2019-02-05 15:59:59.999,6243085.96438237,8764,1052.71146000,3638969.06259178,0
2019-02-05 16:00:00,3461.18,3461.6,3453.09,3459.94,1043.170382,2019-02-05 16:59:59.999,3606449.54340468,7255,542.55226700,1875879.76352069,0
2019-02-05 17:00:00,3460.1,3464.63,3454.0,3456.67,807.331632,2019-02-05 17:59:59.999,2792714.80988749,5983,438.96035200,1518534.33767650,0
2019-02-05 18:00:00,3456.82,3468.16,3455.67,3456.0,1077.363021,2019-02-05 18:59:59.999,3728311.24269803,6618,659.06876500,2280648.77884560,0
2019-02-05 19:00:00,3455.95,3468.17,3449.49,3463.81,1473.695317,2019-02-05 19:59:59.999,5098644.47332153,8444,798.97857400,2764450.43091128,0
2019-02-05 20:00:00,3463.81,3466.99,3455.42,3462.44,789.172498,2019-02-05 20:59:59.999,2732283.37519170,6119,374.12144600,1295398.67158229,0
2019-02-05 21:00:00,3461.74,3468.17,3458.69,3460.69,618.600196,2019-02-05 21:59:59.999,2142358.23152307,5567,333.02263900,1153393.65053716,0
2019-02-05 22:00:00,3460.69,3470.39,3460.0,3462.37,864.287056,2019-02-05 22:59:59.999,2995447.64754576,6143,390.16885900,1352165.67271615,0
2019-02-05 23:00:00,3461.86,3472.0,3458.29,3471.59,756.307272,2019-02-05 23:59:59.999,2620659.20511558,6610,390.34515000,1352853.92679999,0
2019-02-06 00:00:00,3471.57,3482.72,3451.1,3458.95,1510.6903,2019-02-06 00:59:59.999,5230777.45544827,9021,775.97170200,2687593.34844488,0
2019-02-06 01:00:00,3459.26,3463.51,3380.0,3417.02,6908.063203,2019-02-06 01:59:59.999,23591837.81255376,28654,3567.19185400,12184174.76289904,0
2019-02-06 02:00:00,3418.18,3425.01,3408.31,3420.84,1537.156001,2019-02-06 02:59:59.999,5254757.78368238,10066,806.89022400,2758221.52265165,0
2019-02-06 03:00:00,3419.78,3432.73,3416.0,3423.35,1753.241604,2019-02-06 03:59:59.999,6004256.54180985,9285,657.07464500,2249979.43669536,0
2019-02-06 04:00:00,3423.96,3423.97,3402.46,3413.05,1622.152828,2019-02-06 04:59:59.999,5533592.94183109,9024,1115.40544200,3804413.25911407,0
2019-02-06 05:00:00,3412.26,3419.95,3412.26,3418.0,629.539649,2019-02-06 05:59:59.999,2151203.37800017,5767,330.90143600,1130852.22870031,0
2019-02-06 06:00:00,3418.0,3421.24,3415.0,3416.74,543.873201,2019-02-06 06:59:59.999,1859206.53643354,5319,313.64831500,1072231.25304627,0
2019-02-06 07:00:00,3416.09,3426.83,3415.39,3424.77,819.965628,2019-02-06 07:59:59.999,2806248.71040473,6062,412.38078400,1411090.87054883,0
2019-02-06 08:00:00,3424.79,3424.79,3400.0,3409.76,1587.035122,2019-02-06 08:59:59.999,5415329.35631747,7780,812.52150300,2773681.33395974,0
2019-02-06 09:00:00,3409.99,3414.44,3403.92,3410.32,984.518093,2019-02-06 09:59:59.999,3357572.74132583,6654,503.79029600,1718222.42340359,0
2019-02-06 10:00:00,3410.67,3413.6,3396.17,3408.93,1034.007372,2019-02-06 10:59:59.999,3522745.96954746,7136,490.33185300,1670795.32230102,0
2019-02-06 11:00:00,3408.58,3409.56,3396.67,3399.82,874.190231,2019-02-06 11:59:59.999,2975154.70770410,6904,465.49094500,1584270.53550445,0
2019-02-06 12:00:00,3399.79,3410.0,3392.11,3407.93,1432.598018,2019-02-06 12:59:59.999,4874342.99071164,7069,810.62539300,2758502.02624334,0
2019-02-06 13:00:00,3408.0,3409.32,3400.08,3404.31,826.036991,2019-02-06 13:59:59.999,2812198.57634634,5333,389.73129300,1326893.02669831,0
2019-02-06 14:00:00,3404.56,3406.1,3392.84,3400.98,1251.225978,2019-02-06 14:59:59.999,4254481.80362509,6617,667.14964300,2268627.47570094,0
2019-02-06 15:00:00,3400.64,3422.02,3382.26,3422.02,1959.536483,2019-02-06 15:59:59.999,6673774.80474642,11249,1039.91876900,3542020.45318861,0
2019-02-06 16:00:00,3421.07,3434.59,3405.01,3411.7,2791.130696,2019-02-06 16:59:59.999,9537733.47247712,15126,1170.49973400,3999589.86380834,0
2019-02-06 17:00:00,3411.1,3411.95,3395.77,3402.44,1242.556419,2019-02-06 17:59:59.999,4231090.46275413,8062,602.28672000,2051160.33107461,0
2019-02-06 18:00:00,3402.09,3408.0,3385.26,3406.04,1871.458414,2019-02-06 18:59:59.999,6361388.25570619,10254,964.04836700,3277587.42478932,0
2019-02-06 19:00:00,3406.37,3406.96,3392.29,3398.39,1109.796311,2019-02-06 19:59:59.999,3771247.75579276,6223,720.34006400,2446936.01714444,0
2019-02-06 20:00:00,3398.41,3405.85,3393.54,3402.0,871.298629,2019-02-06 20:59:59.999,2962045.31070776,6358,378.61002700,1287048.06719163,0
2019-02-06 21:00:00,3402.0,3407.23,3398.87,3405.98,684.808194,2019-02-06 21:59:59.999,2330026.32797787,6251,392.84884600,1336755.43841710,0
2019-02-06 22:00:00,3405.98,3408.52,3399.43,3405.88,763.009042,2019-02-06 22:59:59.999,2597404.98781398,7355,361.12214900,1229317.39306511,0
2019-02-06 23:00:00,3405.43,3409.26,3402.16,3405.37,702.356439,2019-02-06 23:59:59.999,2392284.32143935,5455,305.22834300,1039710.68535196,0
2019-02-07 00:00:00,3407.0,3407.01,3398.02,3402.95,826.480439,2019-02-07 00:59:59.999,2811984.43538939,6368,395.82472800,1346869.49255396,0
2019-02-07 01:00:00,3403.83,3409.54,3402.94,3407.03,619.871059,2019-02-07 01:59:59.999,2111808.27130649,5765,296.06856000,1008703.17293608,0
2019-02-07 02:00:00,3407.03,3408.99,3402.39,3407.25,642.515244,2019-02-07 02:59:59.999,2188332.77384167,5954,350.60623900,1194228.81256736,0
2019-02-07 03:00:00,3406.71,3414.0,3404.77,3413.12,572.36451,2019-02-07 03:59:59.999,1951681.62928434,5283,302.58818200,1031897.19522352,0
2019-02-07 04:00:00,3413.49,3415.82,3410.18,3411.0,512.300807,2019-02-07 04:59:59.999,1748416.18814980,4954,261.05010700,891003.29763618,0
2019-02-07 05:00:00,3411.0,3416.2,3410.7,3414.69,740.670935,2019-02-07 05:59:59.999,2528183.77629152,5287,405.31135400,1383514.94296111,0
2019-02-07 06:00:00,3415.51,3420.0,3406.0,3411.25,971.894503,2019-02-07 06:59:59.999,3319616.41054385,6455,507.19501600,1732480.51980431,0
2019-02-07 07:00:00,3411.25,3414.99,3408.02,3412.15,592.510026,2019-02-07 07:59:59.999,2021401.36515792,5564,305.19677100,1041239.02500757,0
2019-02-07 08:00:00,3412.17,3417.59,3409.66,3417.26,817.066746,2019-02-07 08:59:59.999,2788953.33892328,10558,454.83307600,1552541.78517815,0
2019-02-07 09:00:00,3417.26,3419.88,3412.05,3419.5,1002.83541,2019-02-07 09:59:59.999,3425976.72181066,9593,551.16686700,1882895.33801873,0
2019-02-07 10:00:00,3419.5,3425.0,3416.08,3421.05,1040.597712,2019-02-07 10:59:59.999,3559272.91248853,8351,540.79106800,1849855.15077397,0
2019-02-07 11:00:00,3421.36,3426.45,3407.05,3408.05,1648.143194,2019-02-07 11:59:59.999,5628184.95530910,7667,988.42592100,3374764.19143237,0
2019-02-07 12:00:00,3407.81,3413.16,3400.0,3404.97,1061.193457,2019-02-07 12:59:59.999,3616002.56384965,6673,517.24534700,1762855.93533033,0
2019-02-07 13:00:00,3405.0,3413.0,3399.0,3407.04,1095.676838,2019-02-07 13:59:59.999,3732041.52509971,6350,661.33692100,2252372.62325539,0
2019-02-07 14:00:00,3407.03,3410.82,3400.0,3409.7,946.034179,2019-02-07 14:59:59.999,3221742.05103293,6198,507.26458900,1727415.76808840,0
2019-02-07 15:00:00,3409.71,3413.16,3401.0,3407.03,644.62805,2019-02-07 15:59:59.999,2195968.57205775,6057,315.79658300,1075727.77374851,0
2019-02-07 16:00:00,3407.03,3412.24,3401.11,3403.12,808.681079,2019-02-07 16:59:59.999,2754844.91305016,6276,464.54315400,1582502.07781727,0
2019-02-07 17:00:00,3402.47,3404.4,3392.0,3397.82,866.818263,2019-02-07 17:59:59.999,2946166.13948935,6826,473.67636700,1610175.22327694,0
2019-02-07 18:00:00,3397.87,3404.05,3394.0,3398.98,673.752607,2019-02-07 18:59:59.999,2290176.76211634,5746,376.91771600,1281255.48673765,0
2019-02-07 19:00:00,3398.54,3400.0,3390.0,3399.55,658.000583,2019-02-07 19:59:59.999,2235110.57105725,4790,298.74390000,1014954.89922875,0
2019-02-07 20:00:00,3399.43,3402.09,3390.11,3401.22,581.975824,2019-02-07 20:59:59.999,1977116.36746384,5205,335.85714400,1141140.54974065,0
2019-02-07 21:00:00,3401.8,3403.31,3394.12,3395.0,631.124517,2019-02-07 21:59:59.999,2145241.87947192,4152,284.12383900,965657.36920357,0
2019-02-07 22:00:00,3395.19,3401.8,3393.55,3401.01,347.646804,2019-02-07 22:59:59.999,1181236.22578806,3861,191.39684500,650336.63342057,0
2019-02-07 23:00:00,3400.57,3401.21,3391.18,3398.4,362.755852,2019-02-07 23:59:59.999,1232045.43759872,4276,185.93066600,631522.71634288,0
2019-02-08 00:00:00,3398.4,3398.71,3390.37,3393.78,644.753349,2019-02-08 00:59:59.999,2188816.54616634,5183,304.12919900,1032520.76760229,0
2019-02-08 01:00:00,3393.35,3396.0,3387.0,3389.51,643.571717,2019-02-08 01:59:59.999,2183120.32578683,4992,342.29313400,1161267.27640178,0
2019-02-08 02:00:00,3389.98,3398.45,3373.1,3394.32,1323.272424,2019-02-08 02:59:59.999,4483341.80967410,7581,702.98784200,2382691.95812784,0
2019-02-08 03:00:00,3394.0,3407.78,3393.47,3404.08,689.623435,2019-02-08 03:59:59.999,2345252.11447792,4375,389.36001400,1324112.56473286,0
2019-02-08 04:00:00,3403.77,3404.33,3397.14,3399.84,556.358418,2019-02-08 04:59:59.999,1891952.04872014,3987,278.16490200,945965.31488159,0
2019-02-08 05:00:00,3400.47,3411.0,3399.47,3408.29,723.237605,2019-02-08 05:59:59.999,2464534.46911430,5079,404.50207100,1378259.69882573,0
2019-02-08 06:00:00,3408.92,3409.94,3400.5,3407.65,658.798687,2019-02-08 06:59:59.999,2244662.83421177,4246,343.95788200,1171955.59274174,0
2019-02-08 07:00:00,3408.66,3408.66,3392.97,3394.78,627.670249,2019-02-08 07:59:59.999,2134026.46131870,5079,285.19064800,969680.00692176,0
2019-02-08 08:00:00,3395.24,3429.6,3394.89,3413.8,1305.026695,2019-02-08 08:59:59.999,4453354.87946147,9357,665.74550800,2271863.19463097,0
2019-02-08 09:00:00,3413.78,3450.5,3413.78,3426.58,2625.117788,2019-02-08 09:59:59.999,9010482.57164231,14393,1484.34749200,5095257.32514120,0
2019-02-08 10:00:00,3426.56,3439.38,3424.71,3432.85,1470.41411,2019-02-08 10:59:59.999,5044717.25531550,8186,704.87675600,2418450.29049490,0
2019-02-08 11:00:00,3433.51,3441.79,3427.96,3430.0,1675.042054,2019-02-08 11:59:59.999,5751335.82636846,7440,1043.37795700,3581301.93654845,0
2019-02-08 12:00:00,3430.0,3447.99,3429.0,3439.25,2338.927563,2019-02-08 12:59:59.999,8036348.15060186,9991,1157.99453300,3978863.88513811,0
2019-02-08 13:00:00,3439.1,3449.97,3436.66,3447.0,1101.90546,2019-02-08 13:59:59.999,3793314.64968666,7131,610.12387500,2100371.59701524,0
2019-02-08 14:00:00,3447.53,3469.89,3445.6,3457.0,1660.792103,2019-02-08 14:59:59.999,5736037.32195065,9159,853.64434200,2948734.74658388,0
2019-02-08 15:00:00,3456.21,3512.8,3452.97,3507.34,3483.529041,2019-02-08 15:59:59.999,12134001.14846744,20509,1914.05434800,6669286.00758525,0
2019-02-08 16:00:00,3506.42,3733.58,3485.24,3687.0,9099.779952,2019-02-08 16:59:59.999,32811992.34148030,43655,4737.67387000,17089220.62183943,0
2019-02-08 17:00:00,3687.15,3692.08,3632.25,3662.59,7484.714692,2019-02-08 17:59:59.999,27408971.68409384,37351,3880.26946200,14211811.78499035,0
2019-02-08 18:00:00,3662.6,3677.65,3647.45,3654.03,2807.957403,2019-02-08 18:59:59.999,10273347.13851038,16142,1509.42349500,5522686.41826383,0
2019-02-08 19:00:00,3654.76,3669.61,3648.23,3668.3,1641.706069,2019-02-08 19:59:59.999,6009405.89039261,9931,941.47704400,3446804.75528852,0
2019-02-08 20:00:00,3668.28,3669.99,3657.13,3660.53,1389.670673,2019-02-08 20:59:59.999,5093349.06589114,9761,763.10656000,2797126.09684880,0
2019-02-08 21:00:00,3660.53,3664.2,3612.0,3630.93,2070.370072,2019-02-08 21:59:59.999,7537133.79667014,15000,1028.73993800,3745946.91461435,0
2019-02-08 22:00:00,3630.94,3645.0,3625.36,3633.64,846.12221,2019-02-08 22:59:59.999,3075894.56033143,9125,498.59554600,1812613.65856929,0
2019-02-08 23:00:00,3633.64,3665.0,3630.6,3659.04,1099.696244,2019-02-08 23:59:59.999,4012819.57164457,9589,656.93392700,2396958.53687619,0
2019-02-09 00:00:00,3660.27,3667.89,3641.34,3654.84,1314.917659,2019-02-09 00:59:59.999,4804343.24449204,11299,709.86342700,2594089.48161166,0
2019-02-09 01:00:00,3654.39,3656.74,3641.45,3644.3,876.969058,2019-02-09 01:59:59.999,3198378.42523391,8423,462.80426000,1688014.10286712,0
2019-02-09 02:00:00,3644.28,3647.51,3635.0,3645.62,867.02469,2019-02-09 02:59:59.999,3158615.40377623,8505,549.63649600,2002507.52893575,0
2019-02-09 03:00:00,3645.61,3649.67,3640.0,3646.45,842.748098,2019-02-09 03:59:59.999,3072761.19307064,7169,527.82585100,1924642.22546133,0
2019-02-09 04:00:00,3647.19,3656.61,3642.19,3652.72,846.416655,2019-02-09 04:59:59.999,3089532.66663878,7653,399.28746200,1457652.71287257,0
2019-02-09 05:00:00,3652.72,3653.36,3643.78,3648.32,616.661062,2019-02-09 05:59:59.999,2250229.80141397,6144,363.49768500,1326492.70856179,0
2019-02-09 06:00:00,3647.31,3653.79,3646.24,3647.14,636.10581,2019-02-09 06:59:59.999,2321458.71994484,6399,347.98544300,1269999.48361063,0
2019-02-09 07:00:00,3647.14,3666.46,3646.3,3660.86,1168.242348,2019-02-09 07:59:59.999,4272816.46221185,9046,675.45922800,2470430.75122832,0
2019-02-09 08:00:00,3661.95,3677.32,3651.69,3660.54,2100.396701,2019-02-09 08:59:59.999,7701809.31133929,13590,1167.45201900,4281059.28550799,0
2019-02-09 09:00:00,3660.56,3670.23,3653.04,3657.54,1176.311169,2019-02-09 09:59:59.999,4305477.41752098,7549,673.59484900,2465548.22501829,0
2019-02-09 10:00:00,3657.53,3669.0,3655.02,3661.01,988.815613,2019-02-09 10:59:59.999,3620295.97498503,7779,563.52893100,2063338.34465723,0
2019-02-09 11:00:00,3660.6,3665.32,3656.39,3662.02,871.256995,2019-02-09 11:59:59.999,3189536.36392085,7253,523.49979100,1916535.52086514,0
2019-02-09 12:00:00,3662.32,3666.89,3645.0,3654.36,1109.547376,2019-02-09 12:59:59.999,4057153.28980446,9843,583.49647300,2133863.80268615,0
2019-02-09 13:00:00,3655.3,3669.25,3653.69,3664.0,1267.818672,2019-02-09 13:59:59.999,4640685.50031622,10894,643.93695700,2357195.01401505,0
2019-02-09 14:00:00,3664.0,3680.02,3651.05,3660.29,1595.553269,2019-02-09 14:59:59.999,5843641.89370666,9533,850.09161700,3114481.66284886,0
2019-02-09 15:00:00,3660.45,3662.39,3640.0,3645.02,1298.536612,2019-02-09 15:59:59.999,4738630.01693201,8952,599.25345000,2187025.28772049,0
2019-02-09 16:00:00,3645.02,3652.84,3625.13,3646.22,1353.6396,2019-02-09 16:59:59.999,4931414.25718696,9918,735.51396100,2680084.65523413,0
2019-02-09 17:00:00,3645.95,3647.85,3636.31,3642.66,967.540567,2019-02-09 17:59:59.999,3523539.26757065,7516,485.14022200,1766879.99389535,0
2019-02-09 18:00:00,3642.66,3645.0,3637.39,3640.37,668.174077,2019-02-09 18:59:59.999,2433646.11300865,6433,404.78944800,1474442.35190553,0
2019-02-09 19:00:00,3640.06,3655.0,3640.05,3652.19,996.994913,2019-02-09 19:59:59.999,3639156.28115052,6513,535.67263200,1955218.21981787,0
2019-02-09 20:00:00,3653.56,3658.41,3650.0,3656.62,1005.92485,2019-02-09 20:59:59.999,3675775.02051724,6371,406.90450200,1486836.42931351,0
2019-02-09 21:00:00,3657.42,3669.73,3655.0,3665.78,1045.751386,2019-02-09 21:59:59.999,3828759.47706226,6179,467.37201900,1711323.60341760,0
2019-02-09 22:00:00,3665.78,3667.32,3656.0,3660.37,713.021311,2019-02-09 22:59:59.999,2610316.08589650,4663,285.62030900,1045788.89665676,0
2019-02-09 23:00:00,3660.83,3673.0,3657.2,3665.18,431.465228,2019-02-09 23:59:59.999,1580527.87996186,4585,245.91571800,900927.97546295,0
