open_time,open,high,low,close,volume,close_time,quote_asset_volume,trades,taker_base_vol,taker_quote_vol,ignore
2025-09-13 13:00:00,116002.91,116002.91,115621.65,115761.05,440.12472,2025-09-13 13:59:59.999,50977920.5672038,73740,172.84029,20017322.4079773,0
2025-09-13 14:00:00,115761.06,115950.0,115603.98,115797.68,438.72685,2025-09-13 14:59:59.999,50798778.2945572,83260,216.43945,25060770.1923693,0
2025-09-13 15:00:00,115797.67,115924.6,115619.57,115768.68,290.44971,2025-09-13 15:59:59.999,33623557.3743464,60375,143.1624,16573528.1858013,0
2025-09-13 16:00:00,115768.68,115817.37,115127.27,115334.0,700.8183,2025-09-13 16:59:59.999,80918303.1739229,138544,268.83062,31036440.6995476,0
2025-09-13 17:00:00,115333.99,115587.49,115180.0,115571.78,465.25625,2025-09-13 17:59:59.999,53682019.6141108,88763,234.88719,27104303.5615096,0
2025-09-13 18:00:00,115571.79,115653.26,115433.09,115633.92,160.49564,2025-09-13 18:59:59.999,18546618.1337392,28065,72.41992,8368242.8251162,0
2025-09-13 19:00:00,115633.91,115800.88,115570.78,115797.12,263.39165,2025-09-13 19:59:59.999,30473196.5066048,36106,166.06434,19215084.9501263,0
2025-09-13 20:00:00,115797.12,115991.29,115797.11,115905.88,220.70474,2025-09-13 20:59:59.999,25582577.3877072,43768,103.15806,11956237.4495976,0
2025-09-13 21:00:00,115905.88,115972.52,115839.98,115895.39,234.38734,2025-09-13 21:59:59.999,27168898.6103978,29392,85.76254,9940766.4249343,0
2025-09-13 22:00:00,115895.4,115944.64,115809.9,115871.58,159.45156,2025-09-13 22:59:59.999,18476550.4860983,23892,56.6945,6569194.636714,0
2025-09-13 23:00:00,115871.58,115979.99,115861.39,115918.29,146.1408,2025-09-13 23:59:59.999,16938072.4569374,23538,76.68477,8888130.5665531,0
2025-09-14 00:00:00,115918.29,116000.0,115815.13,115935.6,153.28277,2025-09-14 00:59:59.999,17771986.620541,37592,80.74185,9361731.8096151,0
2025-09-14 01:00:00,115935.61,115990.2,115744.67,115962.93,185.94891,2025-09-14 01:59:59.999,21542399.3578025,50612,94.05958,10896607.4149248,0
2025-09-14 02:00:00,115962.92,116109.0,115750.0,115852.95,267.49819,2025-09-14 02:59:59.999,31014678.3103796,52822,138.83474,16097276.1866013,0
2025-09-14 03:00:00,115852.95,115869.99,115651.99,115679.98,272.91216,2025-09-14 03:59:59.999,31583466.6532052,41693,134.90651,15611379.1445693,0
2025-09-14 04:00:00,115679.99,115768.0,115449.59,115750.99,247.86689,2025-09-14 04:59:59.999,28666648.6068748,48432,128.9575,14915472.3248555,0
2025-09-14 05:00:00,115751.0,115924.69,115735.58,115860.01,258.07375,2025-09-14 05:59:59.999,29891914.0202827,27140,146.61401,16980551.3130043,0
2025-09-14 06:00:00,115860.01,115936.0,115693.95,115734.23,196.84102,2025-09-14 06:59:59.999,22787656.9130894,33146,96.17608,11134612.6367697,0
2025-09-14 07:00:00,115734.24,115838.41,115734.23,115805.39,212.00183,2025-09-14 07:59:59.999,24546306.1453666,22472,132.72475,15367432.1593157,0
2025-09-14 08:00:00,115805.39,115983.02,115759.44,115933.4,137.30583,2025-09-14 08:59:59.999,15910962.0901196,24821,68.40106,7925505.2024071,0
2025-09-14 09:00:00,115933.4,116165.19,115905.88,116052.09,271.65824,2025-09-14 09:59:59.999,31528047.8878188,34485,119.0459,13815536.9421055,0
2025-09-14 10:00:00,116052.1,116132.85,115955.57,116027.26,156.38468,2025-09-14 10:59:59.999,18147009.2448446,29295,58.54474,6792892.2646101,0
2025-09-14 11:00:00,116027.25,116100.0,115748.78,115794.91,275.05839,2025-09-14 11:59:59.999,31875387.9304259,59531,118.9274,13781806.8901736,0
2025-09-14 12:00:00,115794.92,115878.49,115662.62,115776.31,316.9787,2025-09-14 12:59:59.999,36699157.4129401,53035,180.80489,20932911.1236882,0
2025-09-14 13:00:00,115776.31,115776.32,115217.01,115348.1,617.50773,2025-09-14 13:59:59.999,71266883.5136684,104155,275.08544,31745024.5759526,0
2025-09-14 14:00:00,115348.1,115691.04,115141.8,115401.75,750.31099,2025-09-14 14:59:59.999,86533054.3831765,144812,364.60791,42056056.0855687,0
2025-09-14 15:00:00,115401.75,115419.1,115200.4,115224.01,351.71527,2025-09-14 15:59:59.999,40556202.6888592,63567,208.69595,24064613.8186643,0
2025-09-14 16:00:00,115224.01,115540.0,115193.9,115480.0,284.25459,2025-09-14 16:59:59.999,32800845.8424555,54625,199.32769,23000623.2560622,0
2025-09-14 17:00:00,115480.0,115657.5,115413.46,115557.65,290.60711,2025-09-14 17:59:59.999,33579884.4938739,51079,175.54993,20283616.1579999,0
2025-09-14 18:00:00,115557.65,115557.66,115375.05,115388.21,161.60603,2025-09-14 18:59:59.999,18661475.0350714,25663,74.21009,8569458.9968332,0
2025-09-14 19:00:00,115388.21,115635.0,115330.99,115634.99,132.66154,2025-09-14 19:59:59.999,15322903.4416336,34874,80.6018,9309231.8745539,0
2025-09-14 20:00:00,115634.99,115851.26,115634.99,115802.16,116.11592,2025-09-14 20:59:59.999,13439306.5043684,30573,56.23273,6508269.0650047,0
2025-09-14 21:00:00,115802.16,116087.35,115607.99,116058.88,349.40859,2025-09-14 21:59:59.999,40503787.9587953,52363,153.27708,17769858.2629349,0
2025-09-14 22:00:00,116059.48,116076.89,115810.22,116009.61,262.34337,2025-09-14 22:59:59.999,30420264.9352844,56593,107.6829,12485350.1831708,0
2025-09-14 23:00:00,116009.62,116009.62,115135.0,115268.01,439.25947,2025-09-14 23:59:59.999,50712134.9777217,103838,212.89724,24571241.6141567,0
2025-09-15 00:00:00,115268.01,115276.49,114972.29,115071.32,521.11024,2025-09-15 00:59:59.999,59973570.8720618,118159,254.57847,29301198.7209946,0
2025-09-15 01:00:00,115071.32,115283.5,114825.0,115231.69,362.37165,2025-09-15 01:59:59.999,41682730.357733,99868,190.8991,21963363.8857622,0
2025-09-15 02:00:00,115231.69,115443.29,115214.55,115362.35,184.52455,2025-09-15 02:59:59.999,21290036.560374,56143,88.73631,10237544.5553594,0
2025-09-15 03:00:00,115362.35,115594.9,115347.91,115445.45,223.493,2025-09-15 03:59:59.999,25808995.8015093,35549,111.66262,12894660.0837387,0
2025-09-15 04:00:00,115445.46,116168.26,115400.0,116058.01,698.45937,2025-09-15 04:59:59.999,80990475.7702838,113338,365.72892,42402658.2097071,0
2025-09-15 05:00:00,116058.01,116583.47,116019.05,116520.0,781.40763,2025-09-15 05:59:59.999,90857990.6049135,87948,464.09229,53958671.1340791,0
2025-09-15 06:00:00,116519.13,116757.99,116043.01,116129.99,559.85108,2025-09-15 06:59:59.999,65187334.0087167,110809,271.94284,31679342.4619556,0
2025-09-15 07:00:00,116130.0,116400.0,115626.96,115806.62,605.7335,2025-09-15 07:59:59.999,70266062.8290935,148824,298.65498,34649041.5676621,0
2025-09-15 08:00:00,115806.62,115806.62,114709.18,114737.27,1325.86164,2025-09-15 08:59:59.999,152822384.5609695,248062,598.842,69041838.7029546,0
2025-09-15 09:00:00,114737.28,115188.0,114625.87,114868.59,1072.97754,2025-09-15 09:59:59.999,123285309.8982788,160571,562.97219,64681981.2009028,0
2025-09-15 10:00:00,114868.6,114954.83,114720.69,114769.04,532.63649,2025-09-15 10:59:59.999,61160576.8026255,85515,197.10125,22631666.3525678,0
2025-09-15 11:00:00,114769.03,115195.86,114740.97,115070.0,565.80309,2025-09-15 11:59:59.999,65072898.9327594,103476,268.82149,30916683.3887566,0
2025-09-15 12:00:00,115070.01,115074.51,114671.75,114721.04,599.02223,2025-09-15 12:59:59.999,68825615.6823388,84396,224.06259,25746413.0526927,0
2025-09-15 13:00:00,114721.03,115099.0,114384.0,114664.08,1056.42151,2025-09-15 13:59:59.999,121246727.1218936,270586,606.5823,69629032.728349,0
2025-09-15 14:00:00,114664.07,115029.81,114450.28,114679.56,775.27929,2025-09-15 14:59:59.999,88989804.9915044,226101,447.17472,51331237.9713846,0
2025-09-15 15:00:00,114679.55,114909.4,114404.43,114842.9,564.69333,2025-09-15 15:59:59.999,64720215.7332232,189455,268.3147,30750519.258559,0
2025-09-15 16:00:00,114842.9,114922.59,114600.0,114662.57,364.30154,2025-09-15 16:59:59.999,41803563.2793591,127214,156.67557,17979653.7522345,0
2025-09-15 17:00:00,114662.58,115130.0,114600.0,115120.03,284.01648,2025-09-15 17:59:59.999,32616243.4217153,112444,171.67818,19717979.2543356,0
2025-09-15 18:00:00,115120.02,115360.54,114904.16,115307.79,538.96072,2025-09-15 18:59:59.999,62013732.3411174,123567,410.44186,47225660.3069439,0
2025-09-15 19:00:00,115307.79,115570.0,114975.66,115307.78,685.41151,2025-09-15 19:59:59.999,79012995.4052793,161541,293.35801,33816509.8441316,0
2025-09-15 20:00:00,115307.78,115515.41,115200.07,115379.99,325.59706,2025-09-15 20:59:59.999,37561005.5489394,59517,146.68399,16923417.3421128,0
2025-09-15 21:00:00,115380.0,115538.55,115283.49,115528.0,170.93694,2025-09-15 21:59:59.999,19729892.9748743,31633,57.85132,6677497.9984606,0
2025-09-15 22:00:00,115528.0,115605.07,115221.68,115288.01,235.69782,2025-09-15 22:59:59.999,27199686.1967407,55314,102.27907,11802701.9243326,0
2025-09-15 23:00:00,115288.01,115476.0,115232.58,115349.71,177.94328,2025-09-15 23:59:59.999,20530385.527211,47959,62.22883,7179311.9870474,0
2025-09-16 00:00:00,115349.71,115349.71,114945.01,115088.66,244.26086,2025-09-16 00:59:59.999,28123238.6990935,75667,97.8764,11267818.4325038,0
2025-09-16 01:00:00,115088.66,115520.0,115008.69,115024.24,232.3498,2025-09-16 01:59:59.999,26780434.9710867,73644,80.28845,9254795.5938165,0
2025-09-16 02:00:00,115024.24,115227.51,115024.23,115034.47,151.83383,2025-09-16 02:59:59.999,17477426.8101756,50800,55.50895,6389002.5880336,0
2025-09-16 03:00:00,115034.48,115426.49,115034.44,115307.25,236.03187,2025-09-16 03:59:59.999,27210571.5792693,45589,82.27263,9481239.7461367,0
2025-09-16 04:00:00,115307.26,115560.01,114930.0,115503.01,446.01382,2025-09-16 04:59:59.999,51432919.6766715,75611,207.54886,23931479.1219148,0
2025-09-16 05:00:00,115503.02,115957.23,115454.3,115936.65,685.43114,2025-09-16 05:59:59.999,79340742.5819343,95785,380.39089,44033369.8243369,0
2025-09-16 06:00:00,115936.65,116009.62,115591.57,115770.35,449.53079,2025-09-16 06:59:59.999,52084399.2862441,77423,171.94019,19921655.8223387,0
2025-09-16 07:00:00,115770.36,115886.17,115724.41,115840.0,319.02367,2025-09-16 07:59:59.999,36948547.0925883,50464,165.66476,19186392.0801642,0
2025-09-16 08:00:00,115839.99,115981.17,115526.5,115658.76,463.00777,2025-09-16 08:59:59.999,53608872.3830909,65719,210.59214,24380846.2417594,0
2025-09-16 09:00:00,115658.76,115720.0,115443.65,115477.27,286.71309,2025-09-16 09:59:59.999,33145658.765972,40383,112.80476,13040777.3842626,0
2025-09-16 10:00:00,115477.28,115590.49,115372.35,115372.46,292.6133,2025-09-16 10:59:59.999,33787624.8413011,70561,152.30386,17586548.3957054,0
2025-09-16 11:00:00,115372.47,115431.52,115206.15,115287.83,303.19825,2025-09-16 11:59:59.999,34966227.8298595,62369,166.96193,19255097.6149421,0
2025-09-16 12:00:00,115287.84,115460.2,115287.38,115439.36,296.84884,2025-09-16 12:59:59.999,34253225.7321869,71674,158.41152,18279204.5230772,0
2025-09-16 13:00:00,115439.36,115558.06,114737.11,115200.0,1064.59506,2025-09-16 13:59:59.999,122614907.6704964,210433,465.61876,53629317.088241,0
2025-09-16 14:00:00,115200.0,115306.71,114811.0,115296.86,607.41382,2025-09-16 14:59:59.999,69913882.1323022,134908,332.84762,38310618.4157458,0
2025-09-16 15:00:00,115296.86,115905.89,115010.66,115905.88,653.80057,2025-09-16 15:59:59.999,75404431.0554416,113188,299.76262,34610610.8388685,0
2025-09-16 16:00:00,115905.88,116068.92,115608.28,116068.06,691.27604,2025-09-16 16:59:59.999,80092227.3476458,137220,394.32437,45694001.2155326,0
2025-09-16 17:00:00,116068.05,116870.76,116056.99,116461.54,1252.39334,2025-09-16 17:59:59.999,145931742.1792644,195519,664.33016,77389472.0808934,0
2025-09-16 18:00:00,116461.55,116776.66,116226.12,116418.86,486.09455,2025-09-16 18:59:59.999,56648807.7126473,117209,226.77874,26429657.7972222,0
2025-09-16 19:00:00,116418.87,116820.0,116395.6,116800.12,525.61626,2025-09-16 19:59:59.999,61296010.3419136,84719,275.80494,32162443.2337088,0
2025-09-16 20:00:00,116800.13,116908.83,116722.56,116839.47,367.21592,2025-09-16 20:59:59.999,42901651.853089,61589,183.33287,21420025.9379449,0
2025-09-16 21:00:00,116839.47,116940.26,116584.45,116800.51,295.98351,2025-09-16 21:59:59.999,34558249.1532842,48796,123.71176,14446725.3633537,0
2025-09-16 22:00:00,116800.51,116964.27,116694.73,116855.58,312.66858,2025-09-16 22:59:59.999,36537269.8895105,44749,165.45607,19336927.0630197,0
2025-09-16 23:00:00,116855.58,116920.46,116632.0,116788.96,262.99472,2025-09-16 23:59:59.999,30720217.931858,43039,117.6504,13744542.588396,0
2025-09-17 00:00:00,116788.96,116832.0,116560.0,116560.01,269.7236,2025-09-17 00:59:59.999,31468748.7645549,60701,101.70973,11865956.530612,0
2025-09-17 01:00:00,116560.01,116768.0,116516.92,116662.25,267.74519,2025-09-17 01:59:59.999,31227288.7787998,64854,114.07214,13303857.197058,0
2025-09-17 02:00:00,116662.25,117077.16,116556.52,116686.43,742.4537,2025-09-17 02:59:59.999,86758738.5605836,96085,461.74914,53967973.2029318,0
2025-09-17 03:00:00,116686.43,116758.83,116371.81,116372.04,377.8305,2025-09-17 03:59:59.999,44036563.7061494,68506,138.10389,16097389.2986271,0
2025-09-17 04:00:00,116372.05,116480.01,116160.22,116313.49,262.15716,2025-09-17 04:59:59.999,30489807.6611839,48475,109.8434,12775093.4310457,0
2025-09-17 05:00:00,116313.5,117214.0,116313.49,117108.3,894.88999,2025-09-17 05:59:59.999,104514221.0172734,120175,539.18434,62973541.5814245,0
2025-09-17 06:00:00,117108.31,117286.73,116970.41,117234.27,770.01131,2025-09-17 06:59:59.999,90177549.436854,95943,387.91854,45438049.2612324,0
2025-09-17 07:00:00,117234.28,117275.0,117125.78,117162.48,557.97471,2025-09-17 07:59:59.999,65402912.2825787,67356,208.02501,24383731.5312095,0
2025-09-17 08:00:00,117162.48,117189.86,116683.99,116860.0,635.73334,2025-09-17 08:59:59.999,74308455.7904759,101367,201.8426,23590093.056835,0
2025-09-17 09:00:00,116860.01,116860.01,116548.88,116550.01,380.39506,2025-09-17 09:59:59.999,44386083.5027581,50255,150.73793,17590790.5238063,0
2025-09-17 10:00:00,116550.01,116604.26,116267.44,116359.14,356.93808,2025-09-17 10:59:59.999,41557332.6033079,59384,120.96476,14081016.6732304,0
2025-09-17 11:00:00,116359.14,116383.87,116253.27,116258.13,282.02162,2025-09-17 11:59:59.999,32800761.9572452,64620,142.85085,16614704.5683952,0
2025-09-17 12:00:00,116258.12,116516.93,116096.41,116204.94,387.04674,2025-09-17 12:59:59.999,45003609.263755,83670,200.72153,23339447.1818161,0
2025-09-17 13:00:00,116204.94,116330.75,115905.88,116107.19,664.85629,2025-09-17 13:59:59.999,77205608.6779156,194271,289.91295,33668674.9550371,0
2025-09-17 14:00:00,116107.18,116240.0,115432.0,115606.61,1214.53614,2025-09-17 14:59:59.999,140573642.1822756,204018,580.17562,67153122.2961632,0
2025-09-17 15:00:00,115606.62,115886.17,115527.48,115875.32,581.89144,2025-09-17 15:59:59.999,67327430.5980052,98799,361.01581,41767961.5154924,0
2025-09-17 16:00:00,115875.33,115875.33,115386.21,115640.77,659.4146,2025-09-17 16:59:59.999,76210618.6839004,117442,259.23125,29962649.7831192,0
2025-09-17 17:00:00,115640.76,116288.27,115500.0,115504.48,696.96558,2025-09-17 17:59:59.999,80767905.5071013,154261,386.6326,44806048.8736179,0
2025-09-17 18:00:00,115504.49,116333.33,114720.81,115226.93,3427.38872,2025-09-17 18:59:59.999,395906451.0396723,663014,1655.51511,191255010.097678,0
2025-09-17 19:00:00,115226.93,115989.2,115068.33,115652.02,955.04331,2025-09-17 19:59:59.999,110428213.9482861,336917,496.16775,57369129.0751497,0
2025-09-17 20:00:00,115652.02,116140.2,115496.68,115621.47,455.26463,2025-09-17 20:59:59.999,52732219.0553146,104944,234.03184,27108901.107418,0
2025-09-17 21:00:00,115621.47,116120.0,115307.33,116038.39,336.05085,2025-09-17 21:59:59.999,38911404.8745251,93951,144.8326,16770745.5344409,0
2025-09-17 22:00:00,116038.39,116823.72,116038.39,116559.69,741.17447,2025-09-17 22:59:59.999,86245192.1893079,133074,333.53397,38811785.3285816,0
2025-09-17 23:00:00,116559.68,116990.68,116340.07,116447.59,836.73837,2025-09-17 23:59:59.999,97642944.5399218,145336,356.22854,41586438.228157,0
2025-09-18 00:00:00,116447.6,116470.52,116092.76,116350.65,442.99009,2025-09-18 00:59:59.999,51518554.1719145,125352,217.10311,25248825.1777984,0
2025-09-18 01:00:00,116350.65,116869.46,116340.0,116634.84,440.77649,2025-09-18 01:59:59.999,51404424.7913976,108967,254.15229,29638612.8563189,0
2025-09-18 02:00:00,116634.84,116959.96,116429.55,116950.47,318.2136,2025-09-18 02:59:59.999,37137565.9656896,76982,162.36061,18954491.1823496,0
2025-09-18 03:00:00,116950.46,117896.0,116896.93,117581.66,1879.7006,2025-09-18 03:59:59.999,220901850.15296432,234233,918.49311,107892921.9817071,0
2025-09-18 04:00:00,117581.67,117750.0,117219.5,117605.16,612.3817,2025-09-18 04:59:59.999,71953719.8148844,88581,251.01331,29494857.5384018,0
2025-09-18 05:00:00,117605.16,117605.16,117176.1,117273.36,340.19852,2025-09-18 05:59:59.999,39920601.5898801,57510,111.086,13033693.2581923,0
2025-09-18 06:00:00,117273.37,117338.05,116888.02,117102.43,474.42047,2025-09-18 06:59:59.999,55533801.826744,107426,182.39949,21349889.3852172,0
2025-09-18 07:00:00,117102.43,117208.0,117048.81,117086.01,362.6272,2025-09-18 07:59:59.999,42477740.908109,82798,143.59778,16821004.6421732,0
2025-09-18 08:00:00,117086.01,117413.04,117010.59,117229.59,383.66591,2025-09-18 08:59:59.999,44972839.0687463,83080,199.41111,23376295.3594055,0
2025-09-18 09:00:00,117229.58,117350.0,117107.57,117298.81,260.44715,2025-09-18 09:59:59.999,30535599.9162776,66226,129.04063,15128529.1181132,0
2025-09-18 10:00:00,117298.82,117307.5,117078.72,117190.47,236.63641,2025-09-18 10:59:59.999,27732211.5598279,65792,115.32601,13515268.0567991,0
2025-09-18 11:00:00,117190.48,117300.0,117013.77,117063.4,285.00282,2025-09-18 11:59:59.999,33403616.622819,50221,171.32899,20082077.1564758,0
2025-09-18 12:00:00,117063.41,117279.0,116977.59,117124.69,249.62123,2025-09-18 12:59:59.999,29243079.3203573,68078,131.87004,15449395.9796852,0
2025-09-18 13:00:00,117124.69,117655.55,117004.28,117432.04,647.0176,2025-09-18 13:59:59.999,75932135.739433,169516,340.99079,40020099.7615858,0
2025-09-18 14:00:00,117432.04,117843.83,117400.54,117640.54,711.59459,2025-09-18 14:59:59.999,83729091.9579246,129862,386.67686,45494494.8763162,0
2025-09-18 15:00:00,117640.54,117705.51,117322.41,117583.56,808.09852,2025-09-18 15:59:59.999,94942160.0745494,115501,443.41059,52097684.0011244,0
2025-09-18 16:00:00,117583.56,117789.0,117500.01,117565.6,483.30991,2025-09-18 16:59:59.999,56874993.407188,97959,260.90726,30704433.9336956,0
2025-09-18 17:00:00,117565.59,117765.59,117418.45,117579.93,479.43176,2025-09-18 17:59:59.999,56371217.0310833,95614,237.39362,27911254.7520367,0
2025-09-18 18:00:00,117579.94,117900.0,117512.11,117822.97,474.53821,2025-09-18 18:59:59.999,55896624.9464854,93752,272.4501,32090987.6022783,0
2025-09-18 19:00:00,117822.98,117822.98,117196.33,117450.21,391.34362,2025-09-18 19:59:59.999,45973207.3956216,86965,210.87334,24765994.269673,0
2025-09-18 20:00:00,117450.21,117657.17,117337.95,117521.14,192.47211,2025-09-18 20:59:59.999,22620174.4585813,57206,93.11408,10941748.0676635,0
2025-09-18 21:00:00,117521.14,117521.14,117299.21,117299.21,187.11636,2025-09-18 21:59:59.999,21965787.0541691,44826,67.14775,7882781.41305,0
2025-09-18 22:00:00,117299.21,117334.8,117027.34,117061.02,345.51742,2025-09-18 22:59:59.999,40494476.8069949,46471,124.08087,14545090.7659028,0
2025-09-18 23:00:00,117061.02,117172.21,116612.03,117073.53,650.11136,2025-09-18 23:59:59.999,75977872.9048672,99736,293.11764,34260121.7987641,0
2025-09-19 00:00:00,117073.53,117427.7,117020.0,117424.2,328.86734,2025-09-19 00:59:59.999,38557334.0955841,85999,150.52387,17646832.2331321,0
2025-09-19 01:00:00,117424.21,117459.99,117118.21,117241.32,268.6749,2025-09-19 01:59:59.999,31511678.0616566,85005,101.44573,11897671.7873532,0
2025-09-19 02:00:00,117241.32,117285.99,117044.13,117112.8,395.51641,2025-09-19 02:59:59.999,46324444.2625184,66385,153.28492,17952933.5218642,0
2025-09-19 03:00:00,117112.81,117291.01,116871.61,116977.58,333.32919,2025-09-19 03:59:59.999,39008567.6131979,75592,128.36637,15020430.3235044,0
2025-09-19 04:00:00,116977.58,117100.0,116700.02,116990.65,377.41298,2025-09-19 04:59:59.999,44114269.1006579,97091,160.53357,18764095.614629,0
2025-09-19 05:00:00,116990.65,117010.0,116780.75,116894.83,306.31482,2025-09-19 05:59:59.999,35806906.18857,55901,99.3415,11611323.2122978,0
2025-09-19 06:00:00,116894.83,116894.83,116633.86,116669.75,430.54942,2025-09-19 06:59:59.999,50269840.7270178,66096,122.74531,14331226.1671472,0
2025-09-19 07:00:00,116669.76,116992.81,116665.0,116909.97,423.81384,2025-09-19 07:59:59.999,49524395.0060825,62634,194.04234,22675717.1266664,0
2025-09-19 08:00:00,116909.98,117090.36,116882.47,116915.88,283.85786,2025-09-19 08:59:59.999,33209364.9297422,43691,118.59767,13875322.3728519,0
2025-09-19 09:00:00,116915.88,116979.86,116488.0,116488.0,361.47256,2025-09-19 09:59:59.999,42186188.0280012,52612,108.33042,12644229.1279127,0
2025-09-19 10:00:00,116488.0,116551.54,116434.23,116532.68,289.26548,2025-09-19 10:59:59.999,33696959.2698548,58554,137.17125,15979462.2487309,0
2025-09-19 11:00:00,116532.68,116554.05,116300.0,116394.72,309.23241,2025-09-19 11:59:59.999,35997718.577512,55771,121.91291,14191940.8862263,0
2025-09-19 12:00:00,116394.72,116529.08,116133.66,116162.45,488.73837,2025-09-19 12:59:59.999,56822193.8421223,72641,227.92794,26499190.8352676,0
2025-09-19 13:00:00,116162.45,116465.35,116075.0,116284.64,435.12378,2025-09-19 13:59:59.999,50577860.7025559,108872,226.85468,26370935.6243339,0
2025-09-19 14:00:00,116284.63,116479.11,115800.0,115899.99,846.39402,2025-09-19 14:59:59.999,98288690.4738765,133279,382.87946,44460242.3549542,0
2025-09-19 15:00:00,115899.99,115952.95,115464.19,115884.03,887.61948,2025-09-19 15:59:59.999,102689255.2087438,151353,455.47426,52693762.0554148,0
2025-09-19 16:00:00,115884.03,116136.0,115800.0,116088.68,355.37234,2025-09-19 16:59:59.999,41210580.2956649,73338,213.38705,24745177.3164463,0
2025-09-19 17:00:00,116088.68,116093.18,115538.67,115542.73,360.56628,2025-09-19 17:59:59.999,41729512.2944102,83752,143.77975,16638698.0525423,0
2025-09-19 18:00:00,115542.73,115644.73,115382.98,115407.49,388.78402,2025-09-19 18:59:59.999,44895298.1552752,70902,165.43651,19105266.2268075,0
2025-09-19 19:00:00,115407.49,115479.45,115112.58,115125.12,308.93231,2025-09-19 19:59:59.999,35616882.5094451,62433,154.05926,17762642.3529395,0
2025-09-19 20:00:00,115125.13,115445.23,115100.0,115342.57,338.84816,2025-09-19 20:59:59.999,39071092.367803,61182,205.61619,23706464.0578343,0
2025-09-19 21:00:00,115342.56,115532.73,115306.07,115465.39,178.46294,2025-09-19 21:59:59.999,20597568.0579261,37181,103.40913,11934589.6647735,0
2025-09-19 22:00:00,115465.39,115657.28,115465.39,115613.21,139.86142,2025-09-19 22:59:59.999,16165884.3069503,37044,73.39269,8483018.8572836,0
2025-09-19 23:00:00,115613.21,115648.0,115448.01,115632.38,155.08032,2025-09-19 23:59:59.999,17919917.3780702,35163,72.30205,8354811.0577663,0
2025-09-20 00:00:00,115632.39,115730.41,115548.92,115723.73,220.87363,2025-09-20 00:59:59.999,25541621.6099609,38562,123.16956,14242420.3729234,0
2025-09-20 01:00:00,115723.72,115723.73,115610.84,115623.51,178.50409,2025-09-20 01:59:59.999,20647554.5656759,31248,84.16347,9734870.3464475,0
2025-09-20 02:00:00,115623.5,115623.51,115444.0,115606.39,154.74621,2025-09-20 02:59:59.999,17878123.4301187,28594,75.80496,8757395.8994687,0
2025-09-20 03:00:00,115606.4,115606.4,115408.47,115445.0,162.93905,2025-09-20 03:59:59.999,18821200.7757097,25892,62.98086,7273646.5311161,0
2025-09-20 04:00:00,115445.0,115582.38,115409.08,115568.41,144.02474,2025-09-20 04:59:59.999,16633922.5212489,25383,75.94381,8771431.4164968,0
2025-09-20 05:00:00,115568.41,115717.5,115512.63,115717.49,224.42562,2025-09-20 05:59:59.999,25951046.8017736,24006,173.91908,20111690.2932344,0
2025-09-20 06:00:00,115717.49,115724.34,115625.85,115700.46,159.86607,2025-09-20 06:59:59.999,18492467.3957562,19734,92.05761,10648068.4964064,0
2025-09-20 07:00:00,115700.47,115985.2,115683.47,115968.56,231.14483,2025-09-20 07:59:59.999,26777634.7349628,41483,125.55447,14543243.3404051,0
2025-09-20 08:00:00,115968.56,115968.57,115700.01,115701.43,183.70782,2025-09-20 08:59:59.999,21282598.1421463,33860,60.84528,7049543.1122343,0
2025-09-20 09:00:00,115701.43,115794.39,115664.11,115672.8,196.19831,2025-09-20 09:59:59.999,22705232.3096874,34306,72.19058,8354914.7633013,0
2025-09-20 10:00:00,115672.8,115798.16,115672.79,115747.54,170.36368,2025-09-20 10:59:59.999,19719590.9409911,32530,72.04837,8339184.2496194,0
2025-09-20 11:00:00,115747.54,115909.54,115747.54,115894.06,242.77605,2025-09-20 11:59:59.999,28120629.5180236,35307,155.24073,17981053.3413945,0
2025-09-20 12:00:00,115894.05,115950.89,115804.47,115874.49,155.45643,2025-09-20 12:59:59.999,18013025.618523,27251,53.98467,6255438.5402081,0
2025-09-20 13:00:00,115874.5,115951.96,115859.48,115915.8,123.96705,2025-09-20 13:59:59.999,14368168.2677413,22111,61.5547,7134462.8579367,0
2025-09-20 14:00:00,115915.79,116036.0,115883.3,115970.36,209.62425,2025-09-20 14:59:59.999,24305689.2122073,35600,94.02914,10902734.6634049,0
2025-09-20 15:00:00,115970.36,116121.81,115946.91,115986.69,347.86651,2025-09-20 15:59:59.999,40367689.0365746,48857,156.27958,18135156.0109933,0
2025-09-20 16:00:00,115986.7,116057.24,115882.58,116027.94,226.24762,2025-09-20 16:59:59.999,26240755.248662,35795,111.40346,12920556.5049462,0
2025-09-20 17:00:00,116027.95,116079.46,115817.28,115821.72,189.06923,2025-09-20 17:59:59.999,21917689.9130673,35167,63.96265,7415092.7476048,0
2025-09-20 18:00:00,115821.73,115821.73,115700.0,115711.51,191.99051,2025-09-20 18:59:59.999,22221824.6701967,29847,71.05481,8223341.5677362,0
2025-09-20 19:00:00,115711.51,115812.62,115698.08,115702.0,290.9007,2025-09-20 19:59:59.999,33668791.478692,20796,146.56069,16963088.5694818,0
2025-09-20 20:00:00,115702.0,115789.57,115689.91,115721.1,163.21635,2025-09-20 20:59:59.999,18891408.5089258,30505,89.93564,10408866.6641925,0
2025-09-20 21:00:00,115721.1,115944.7,115721.1,115786.31,200.3631,2025-09-20 21:59:59.999,23208180.2855888,42416,109.82938,12720706.0799383,0
2025-09-20 22:00:00,115786.3,115796.54,115742.14,115776.06,169.22355,2025-09-20 22:59:59.999,19590578.1243171,20626,79.86414,9245536.5093149,0
2025-09-20 23:00:00,115776.06,115776.06,115603.42,115685.63,137.43212,2025-09-20 23:59:59.999,15898850.1311384,20575,63.78719,7379026.9644532,0
2025-09-21 00:00:00,115685.63,115732.94,115559.97,115660.01,204.93197,2025-09-21 00:59:59.999,23699016.6774874,35085,83.75813,9685798.3988665,0
2025-09-21 01:00:00,115660.01,115660.01,115500.0,115500.0,193.04313,2025-09-21 01:59:59.999,22308946.2413404,30213,73.1167,8449727.7926592,0
2025-09-21 02:00:00,115500.01,115700.0,115441.83,115690.76,321.18986,2025-09-21 02:59:59.999,37116906.3517266,41753,125.37218,14490318.957984,0
2025-09-21 03:00:00,115690.76,115723.43,115616.38,115669.41,199.89426,2025-09-21 03:59:59.999,23119978.5977133,31581,99.96555,11561774.0467618,0
2025-09-21 04:00:00,115669.42,115669.42,115494.22,115494.23,121.47731,2025-09-21 04:59:59.999,14036679.5482784,26384,34.96635,4040581.2525523,0
2025-09-21 05:00:00,115494.23,115663.49,115487.56,115663.48,237.18676,2025-09-21 05:59:59.999,27406761.0894541,34441,131.17445,15156750.9345353,0
2025-09-21 06:00:00,115663.48,115787.39,115663.48,115687.2,201.84931,2025-09-21 06:59:59.999,23363568.3081893,39375,100.35251,11615192.9511052,0
2025-09-21 07:00:00,115687.21,115815.98,115615.0,115815.97,246.42642,2025-09-21 07:59:59.999,28510215.4129415,35418,130.27973,15072816.3120032,0
2025-09-21 08:00:00,115815.98,115819.06,115560.94,115629.6,182.84602,2025-09-21 08:59:59.999,21147484.514988,39972,67.84849,7846233.4499794,0
2025-09-21 09:00:00,115629.6,115704.53,115329.03,115683.54,335.85586,2025-09-21 09:59:59.999,38794618.6874215,65799,148.96087,17205925.3008666,0
2025-09-21 10:00:00,115683.53,115708.33,115504.13,115522.31,111.62025,2025-09-21 10:59:59.999,12904013.9600062,29804,45.25487,5231657.5089515,0
2025-09-21 11:00:00,115522.31,115694.74,115522.31,115603.45,156.53082,2025-09-21 11:59:59.999,18101484.9428118,33095,81.12031,9380764.8552869,0
2025-09-21 12:00:00,115603.45,115747.23,115603.44,115683.59,183.94971,2025-09-21 12:59:59.999,21285038.0446364,24431,64.54868,7468434.5530847,0
2025-09-21 13:00:00,115683.59,115747.06,115645.2,115661.65,136.30562,2025-09-21 13:59:59.999,15770206.6268581,27748,70.44937,8150151.575951,0
2025-09-21 14:00:00,115661.65,115691.15,115500.0,115500.01,192.82816,2025-09-21 14:59:59.999,22291872.8248005,52246,69.84267,8074143.0633348,0
2025-09-21 15:00:00,115500.0,115599.6,115473.19,115531.61,158.23691,2025-09-21 15:59:59.999,18281684.9201023,44254,81.63727,9431677.607506,0
2025-09-21 16:00:00,115531.62,115549.9,115209.02,115316.0,239.98829,2025-09-21 16:59:59.999,27685086.3516913,60423,96.5998,11143827.5889893,0
2025-09-21 17:00:00,115316.01,115629.58,115249.94,115628.18,234.56593,2025-09-21 17:59:59.999,27065997.6519555,58452,121.4841,14017968.8533564,0
2025-09-21 18:00:00,115628.19,115665.52,115513.98,115530.9,173.87321,2025-09-21 18:59:59.999,20094406.0320107,37550,98.9014,11430082.9015654,0
2025-09-21 19:00:00,115530.89,115530.9,115318.02,115480.05,132.68903,2025-09-21 19:59:59.999,15316599.8951856,36203,46.98585,5423021.7692087,0
2025-09-21 20:00:00,115480.05,115503.47,115307.51,115307.51,93.55507,2025-09-21 20:59:59.999,10797691.411067,34836,39.45296,4553412.6499934,0
2025-09-21 21:00:00,115307.52,115434.53,115250.01,115405.48,101.3744,2025-09-21 21:59:59.999,11691092.0722331,29491,47.36027,5461823.5131224,0
2025-09-21 22:00:00,115405.48,115545.43,115188.0,115538.9,154.30721,2025-09-21 22:59:59.999,17800867.5816187,44406,81.7273,9429422.3740262,0
2025-09-21 23:00:00,115538.91,115538.91,115200.0,115232.29,196.99668,2025-09-21 23:59:59.999,22709533.4058919,53005,75.56508,8710030.5353029,0
2025-09-22 00:00:00,115232.29,115379.25,114290.16,114407.28,1196.13685,2025-09-22 00:59:59.999,137282592.0699749,246163,458.80003,52654922.1859844,0
2025-09-22 01:00:00,114407.28,114750.0,114250.98,114273.45,660.65043,2025-09-22 01:59:59.999,75647190.1258146,186931,313.91016,35944146.5837384,0
2025-09-22 02:00:00,114273.44,114618.89,114150.0,114187.81,895.13507,2025-09-22 02:59:59.999,102380826.5907734,206084,471.58028,53941729.5656932,0
2025-09-22 03:00:00,114187.8,114654.36,114187.8,114649.89,326.66818,2025-09-22 03:59:59.999,37374145.3312142,97728,180.97775,20705918.5606157,0
2025-09-22 04:00:00,114649.89,114649.9,114397.32,114433.53,208.01066,2025-09-22 04:59:59.999,23816481.7496539,63999,95.77971,10966752.3245594,0
2025-09-22 05:00:00,114433.53,114551.8,113623.0,113691.19,753.79586,2025-09-22 05:59:59.999,86084230.7075343,85343,356.22159,40694636.237235,0
2025-09-22 06:00:00,113691.18,113698.38,111800.0,112800.77,5199.12797,2025-09-22 06:59:59.999,586251656.1677698,431959,2286.41559,257776855.858135,0
2025-09-22 07:00:00,112800.77,112999.0,112476.17,112519.99,1129.8684,2025-09-22 07:59:59.999,127377912.8870488,146921,514.96821,58064086.4417091,0
2025-09-22 08:00:00,112520.0,112780.0,112452.0,112629.07,810.01414,2025-09-22 08:59:59.999,91225046.9767791,134307,349.93654,39408900.3241153,0
2025-09-22 09:00:00,112629.06,112662.87,112173.52,112336.62,1219.89658,2025-09-22 09:59:59.999,137027640.3057081,130559,579.05856,65038668.4904481,0
2025-09-22 10:00:00,112336.62,112848.33,112262.22,112792.16,523.20588,2025-09-22 10:59:59.999,58875283.2744775,84101,312.06917,35114094.624034,0
2025-09-22 11:00:00,112792.16,112976.02,112683.49,112876.97,499.11385,2025-09-22 11:59:59.999,56316864.2639765,83462,288.09848,32508839.8948692,0
2025-09-22 12:00:00,112876.97,112876.97,112520.0,112738.65,504.05132,2025-09-22 12:59:59.999,56785656.3665213,102499,226.98321,25570455.767618,0
2025-09-22 13:00:00,112738.64,113148.29,112380.0,113130.63,813.72754,2025-09-22 13:59:59.999,91779187.3833876,130953,330.90356,37333327.3841139,0
2025-09-22 14:00:00,113130.63,113432.76,112754.15,112933.16,1386.14648,2025-09-22 14:59:59.999,156796730.5125574,179965,606.23788,68581553.4800751,0
2025-09-22 15:00:00,112933.16,113024.23,112576.42,112815.5,609.57711,2025-09-22 15:59:59.999,68746776.7686642,126823,298.79729,33698442.3775318,0
2025-09-22 16:00:00,112815.5,112888.0,112585.87,112600.68,359.00005,2025-09-22 16:59:59.999,40476483.1522448,96383,153.16832,17269697.1146258,0
2025-09-22 17:00:00,112600.69,112622.95,112250.89,112398.66,595.0948,2025-09-22 17:59:59.999,66896401.7167371,103925,243.64334,27386342.8697557,0
2025-09-22 18:00:00,112398.65,112816.55,112345.54,112429.13,470.04903,2025-09-22 18:59:59.999,52912790.7411297,68136,172.84053,19458190.3620684,0
2025-09-22 19:00:00,112429.12,112600.87,111936.4,112122.9,1307.37365,2025-09-22 19:59:59.999,146776753.307886,126232,438.82285,49258301.0286974,0
2025-09-22 20:00:00,112122.9,112977.41,111975.28,112781.88,596.84005,2025-09-22 20:59:59.999,67075083.9870225,93553,242.97691,27323964.9289822,0
2025-09-22 21:00:00,112781.87,112970.0,112602.79,112969.99,293.31156,2025-09-22 21:59:59.999,33074925.4786085,42931,171.13972,19299252.1366833,0
2025-09-22 22:00:00,112969.99,112970.0,112594.33,112643.25,289.60715,2025-09-22 22:59:59.999,32646911.0027458,42836,155.53003,17531400.1031926,0
2025-09-22 23:00:00,112643.25,112739.14,112592.2,112650.99,135.31095,2025-09-22 23:59:59.999,15244940.8306451,34083,63.49806,7153788.2537066,0
2025-09-23 00:00:00,112650.99,112833.09,112385.23,112395.32,400.92095,2025-09-23 00:59:59.999,45148915.2800005,73806,194.95837,21959584.2191299,0
2025-09-23 01:00:00,112395.32,112502.29,112138.88,112156.66,439.66589,2025-09-23 01:59:59.999,49386019.7553833,71680,142.79785,16043989.9431671,0
2025-09-23 02:00:00,112156.66,112487.38,111674.0,111811.88,717.47413,2025-09-23 02:59:59.999,80410237.8471528,116977,295.9932,33171390.4188913,0
2025-09-23 03:00:00,111811.88,112446.97,111478.0,112339.99,840.03485,2025-09-23 03:59:59.999,94098697.1585608,161122,396.17679,44391455.6966932,0
2025-09-23 04:00:00,112339.99,112469.21,111876.15,112442.3,530.4818,2025-09-23 04:59:59.999,59529168.1992302,99734,250.86623,28162501.7663705,0
2025-09-23 05:00:00,112442.29,112894.49,112413.01,112665.44,645.16259,2025-09-23 05:59:59.999,72693728.579132,117575,308.2871,34729386.7829488,0
2025-09-23 06:00:00,112665.44,113111.89,112616.93,112974.96,574.99132,2025-09-23 06:59:59.999,64927265.2697501,118015,251.79935,28429283.817374,0
2025-09-23 07:00:00,112974.97,113114.01,112882.48,113090.13,754.18067,2025-09-23 07:59:59.999,85218998.4135918,139764,381.52228,43113317.9685807,0
2025-09-23 08:00:00,113090.13,113177.72,112936.98,113133.84,657.66339,2025-09-23 08:59:59.999,74371534.1201129,100576,297.02201,33590430.7992554,0
2025-09-23 09:00:00,113133.84,113281.5,112888.0,112934.47,430.99222,2025-09-23 09:59:59.999,48743650.3713965,53169,210.9236,23856237.7887988,0
2025-09-23 10:00:00,112934.48,113006.56,112828.62,112969.32,382.87944,2025-09-23 10:59:59.999,43233912.7504768,63250,162.27261,18322889.0881133,0
2025-09-23 11:00:00,112969.32,113081.35,112683.33,112975.99,343.04129,2025-09-23 11:59:59.999,38719768.9438372,88738,151.15696,17062720.8978538,0
2025-09-23 12:00:00,112975.99,113049.9,112811.4,112941.02,342.98937,2025-09-23 12:59:59.999,38738873.0541251,75814,144.55615,16328178.627491,0
2025-09-23 13:00:00,112941.01,113024.31,112722.78,112952.31,426.02927,2025-09-23 13:59:59.999,48090463.1063101,116178,168.50608,19020308.7521454,0
2025-09-23 14:00:00,112952.32,113290.5,112571.81,112652.91,713.09459,2025-09-23 14:59:59.999,80499403.2208129,147691,296.45207,33477525.1055943,0
2025-09-23 15:00:00,112652.91,113072.89,112496.61,112882.19,466.71943,2025-09-23 15:59:59.999,52664498.1462936,111596,214.01681,24152113.7326739,0
2025-09-23 16:00:00,112882.2,112958.58,112486.37,112823.63,531.06975,2025-09-23 16:59:59.999,59859106.4615869,119590,234.22298,26402233.5199794,0
2025-09-23 17:00:00,112823.62,112823.62,111888.0,111957.76,587.62346,2025-09-23 17:59:59.999,65978067.9467334,154624,222.66476,24997934.2058314,0
2025-09-23 18:00:00,111957.76,112200.0,111686.9,111780.1,710.40527,2025-09-23 18:59:59.999,79512336.2631182,164332,362.5674,40593319.62021,0
2025-09-23 19:00:00,111780.09,111979.27,111540.2,111655.29,565.08344,2025-09-23 19:59:59.999,63141994.0471009,137038,254.04008,28391360.3779299,0
2025-09-23 20:00:00,111655.29,111994.99,111458.73,111985.77,495.90964,2025-09-23 20:59:59.999,55417986.1934124,97685,212.56291,23759696.2475562,0
2025-09-23 21:00:00,111985.78,112202.24,111893.44,112161.54,270.56814,2025-09-23 21:59:59.999,30314187.1071843,39198,165.41758,18533406.8445694,0
2025-09-23 22:00:00,112161.53,112213.95,112002.16,112159.23,231.71626,2025-09-23 22:59:59.999,25984150.8619434,41869,116.1934,13029882.592696,0
2025-09-23 23:00:00,112159.24,112220.54,111879.73,111998.8,242.62314,2025-09-23 23:59:59.999,27186837.176457,45708,108.38433,12146509.9061791,0
2025-09-24 00:00:00,111998.8,112380.0,111816.86,112230.72,457.37128,2025-09-24 00:59:59.999,51293186.059347,94457,224.87506,25222942.3338791,0
2025-09-24 01:00:00,112230.73,112500.0,112140.0,112451.26,263.95045,2025-09-24 01:59:59.999,29657323.7146537,52450,124.32187,13968120.3556819,0
2025-09-24 02:00:00,112451.25,112500.0,111896.43,112111.62,1045.64078,2025-09-24 02:59:59.999,117252413.6710988,181298,433.48944,48603804.316892,0
2025-09-24 03:00:00,112111.62,112223.15,111683.09,111683.09,1081.07058,2025-09-24 03:59:59.999,121028792.3379697,122208,487.26884,54540562.3275,0
2025-09-24 04:00:00,111683.1,112374.32,111042.66,112161.93,1377.98323,2025-09-24 04:59:59.999,153932910.2615616,220947,731.22477,81715122.6744127,0
2025-09-24 05:00:00,112161.94,112666.74,112133.83,112636.84,480.95742,2025-09-24 05:59:59.999,54069714.0978348,81467,278.22856,31281234.4351191,0
2025-09-24 06:00:00,112636.85,112779.37,112535.78,112596.69,508.56699,2025-09-24 06:59:59.999,57286436.1025421,60788,225.51394,25402050.0196763,0
2025-09-24 07:00:00,112596.7,112742.06,112459.44,112583.54,538.1822,2025-09-24 07:59:59.999,60589096.2365007,59784,306.73633,34529953.5779328,0
2025-09-24 08:00:00,112583.54,112636.85,112405.62,112622.8,369.32812,2025-09-24 08:59:59.999,41557041.7300714,65398,177.92271,20019871.0972498,0
2025-09-24 09:00:00,112622.81,112837.42,112501.38,112735.06,247.34844,2025-09-24 09:59:59.999,27865163.8149905,45315,137.82473,15528108.7573214,0
2025-09-24 10:00:00,112735.05,112960.0,112668.51,112941.98,402.84076,2025-09-24 10:59:59.999,45447073.8896696,64884,238.05364,26857346.865201,0
2025-09-24 11:00:00,112941.99,113162.17,112877.3,113029.46,548.21142,2025-09-24 11:59:59.999,61964402.0273983,75233,306.26019,34615958.1258432,0
2025-09-24 12:00:00,113029.45,113097.99,112944.0,113070.69,272.77737,2025-09-24 12:59:59.999,30830389.2363054,45934,98.57685,11141440.6343379,0
2025-09-24 13:00:00,113070.69,113222.69,112808.0,112823.62,578.33959,2025-09-24 13:59:59.999,65383456.3637995,132297,267.09013,30196215.526206,0
2025-09-24 14:00:00,112823.62,113890.0,112823.61,113720.64,966.18934,2025-09-24 14:59:59.999,109548745.7845445,196787,585.55655,66395873.8388092,0
2025-09-24 15:00:00,113720.64,113883.68,113257.01,113346.41,717.74437,2025-09-24 15:59:59.999,81540721.4201377,177834,367.65069,41773997.4031756,0
2025-09-24 16:00:00,113346.4,113753.0,113163.21,113732.01,447.67953,2025-09-24 16:59:59.999,50806995.5971774,112872,219.48365,24920317.2084533,0
2025-09-24 17:00:00,113732.01,113940.0,113616.0,113761.3,361.88913,2025-09-24 17:59:59.999,41184261.9172111,81221,179.49415,20428847.4661702,0
2025-09-24 18:00:00,113761.31,113830.66,113512.53,113639.8,202.61449,2025-09-24 18:59:59.999,23023393.9846779,65203,85.13084,9673463.8038826,0
2025-09-24 19:00:00,113639.8,113682.46,113292.25,113420.01,306.5127,2025-09-24 19:59:59.999,34780422.4122778,63287,119.91296,13604868.8805223,0
2025-09-24 20:00:00,113420.0,113609.25,113401.99,113501.52,233.37909,2025-09-24 20:59:59.999,26493593.1639136,46343,94.95175,10779433.8662846,0
2025-09-24 21:00:00,113501.52,113584.02,113283.99,113339.63,274.44453,2025-09-24 21:59:59.999,31142724.2539136,39886,128.37019,14566616.8657896,0
2025-09-24 22:00:00,113339.63,113647.58,113250.59,113336.33,268.57434,2025-09-24 22:59:59.999,30469844.3042884,67543,124.96745,14181432.1319543,0
2025-09-24 23:00:00,113336.34,113429.12,113204.71,113307.0,417.66352,2025-09-24 23:59:59.999,47322526.1206969,76401,157.78958,17878698.7081821,0
2025-09-25 00:00:00,113307.01,113510.23,112960.0,113062.35,567.08586,2025-09-25 00:59:59.999,64199428.4875513,116996,214.65282,24306676.9093458,0
2025-09-25 01:00:00,113062.35,113369.98,112446.15,112661.24,1139.29698,2025-09-25 01:59:59.999,128547834.1986418,225877,512.34162,57798958.1032353,0
2025-09-25 02:00:00,112661.24,113179.94,112510.06,112907.38,569.88139,2025-09-25 02:59:59.999,64278822.1501474,163668,301.19771,33974777.6568421,0
2025-09-25 03:00:00,112907.38,112907.39,112214.74,112546.21,773.34995,2025-09-25 03:59:59.999,86979490.9793409,151662,399.03532,44876752.5144622,0
2025-09-25 04:00:00,112546.22,112614.43,111584.23,111735.66,1337.55309,2025-09-25 04:59:59.999,149679822.2703881,245432,612.57878,68558635.1653603,0
2025-09-25 05:00:00,111735.67,112040.0,111597.86,111749.91,705.54263,2025-09-25 05:59:59.999,78891271.3282923,128656,335.5556,37518408.1352721,0
2025-09-25 06:00:00,111749.91,111843.3,111515.87,111533.26,371.96659,2025-09-25 06:59:59.999,41538883.1462405,111615,163.80204,18293615.8546894,0
2025-09-25 07:00:00,111533.26,111883.23,111450.42,111766.72,515.14719,2025-09-25 07:59:59.999,57553165.2619106,110408,260.63376,29122259.3186837,0
2025-09-25 08:00:00,111766.73,112031.18,111689.38,111727.21,537.9101,2025-09-25 08:59:59.999,60173434.6902335,102297,256.40509,28686450.6920497,0
2025-09-25 09:00:00,111727.2,112246.46,111571.57,111571.58,771.79377,2025-09-25 09:59:59.999,86351237.9523679,94821,318.5892,35653873.6626319,0
2025-09-25 10:00:00,111571.58,111854.12,111525.81,111648.19,434.41742,2025-09-25 10:59:59.999,48516363.96973,81989,198.55116,22174414.364984,0
2025-09-25 11:00:00,111648.19,111728.48,111283.63,111348.0,543.64106,2025-09-25 11:59:59.999,60605343.784368,127034,207.40233,23120924.7327656,0
2025-09-25 12:00:00,111347.99,111656.81,111020.0,111111.0,1058.2697,2025-09-25 12:59:59.999,117864325.8399396,234283,445.78622,49649687.3081649,0
2025-09-25 13:00:00,111111.01,111719.05,110629.99,111000.0,2220.16862,2025-09-25 13:59:59.999,246933377.5207138,404728,936.1824,104120537.0771028,0
2025-09-25 14:00:00,111000.0,111729.52,110983.03,111540.0,856.73547,2025-09-25 14:59:59.999,95507631.2741913,242164,386.17465,43043846.7697018,0
2025-09-25 15:00:00,111540.01,111587.75,110868.9,111580.77,599.58449,2025-09-25 15:59:59.999,66702992.254687,238889,284.31381,31629206.1484451,0
2025-09-25 16:00:00,111580.77,111672.58,110904.91,110957.29,585.10481,2025-09-25 16:59:59.999,65087014.3454948,189334,218.70105,24330716.0510162,0
2025-09-25 17:00:00,110957.28,110968.4,108654.0,108833.63,2899.70308,2025-09-25 17:59:59.999,318389326.9872462,438322,979.84409,107513702.2572303,0
2025-09-25 18:00:00,108833.63,109801.78,108631.51,109760.2,1427.42291,2025-09-25 18:59:59.999,155925760.2157685,306841,811.69057,88689931.8566528,0
2025-09-25 19:00:00,109760.2,109973.4,109302.54,109360.0,1217.19366,2025-09-25 19:59:59.999,133573057.7240564,126373,575.05247,63107061.1351662,0
2025-09-25 20:00:00,109360.0,109482.62,109057.06,109163.44,424.7182,2025-09-25 20:59:59.999,46414047.742173,149891,183.24276,20022483.2732077,0
2025-09-25 21:00:00,109163.45,109666.3,109074.11,109420.0,347.85454,2025-09-25 21:59:59.999,38040066.7022354,122828,200.45028,21920475.4627947,0
2025-09-25 22:00:00,109420.0,109587.99,109261.02,109419.97,280.53982,2025-09-25 22:59:59.999,30695908.7380652,96631,127.68096,13970551.1692449,0
2025-09-25 23:00:00,109419.97,109685.72,108765.0,108994.49,1046.26824,2025-09-25 23:59:59.999,114191082.3614311,199214,581.21468,63443590.1493952,0
2025-09-26 00:00:00,108994.49,109614.67,108809.24,109472.13,868.75424,2025-09-26 00:59:59.999,94872291.8281455,208999,421.07116,45987586.4768625,0
2025-09-26 01:00:00,109472.12,109762.59,109313.17,109680.4,452.15578,2025-09-26 01:59:59.999,49554078.0428668,153706,240.27096,26333597.6876039,0
2025-09-26 02:00:00,109680.39,109798.84,109487.26,109621.7,497.29551,2025-09-26 02:59:59.999,54538185.3904713,89909,197.60166,21668141.8256341,0
2025-09-26 03:00:00,109621.7,109635.8,109293.25,109580.01,504.99021,2025-09-26 03:59:59.999,55280883.4232239,81469,193.72502,21206565.1213364,0
2025-09-26 04:00:00,109580.0,109625.94,109250.87,109338.01,315.34456,2025-09-26 04:59:59.999,34506708.3104968,66762,138.66855,15171342.3616854,0
2025-09-26 05:00:00,109338.02,109579.99,109085.78,109252.79,371.75832,2025-09-26 05:59:59.999,40642935.0841142,87025,177.44072,19397031.6704505,0
2025-09-26 06:00:00,109252.79,109624.16,109016.0,109360.0,592.34105,2025-09-26 06:59:59.999,64787436.3497764,134966,306.49378,33521675.6185739,0
2025-09-26 07:00:00,109360.0,109593.49,108913.0,109320.02,1776.45411,2025-09-26 07:59:59.999,193859131.1065156,186884,1105.18477,120575174.1531469,0
2025-09-26 08:00:00,109320.02,109607.5,109304.72,109567.2,575.78415,2025-09-26 08:59:59.999,63042786.6775313,119413,223.3933,24457432.1136197,0
2025-09-26 09:00:00,109567.2,109690.98,109393.37,109568.72,441.33309,2025-09-26 09:59:59.999,48347437.4972465,110140,173.22147,18975054.8074675,0
2025-09-26 10:00:00,109568.72,109568.72,108697.42,108895.0,735.10273,2025-09-26 10:59:59.999,80128331.5113057,148897,249.85587,27236361.0795768,0
2025-09-26 11:00:00,108894.99,109200.0,108620.07,109133.5,923.24217,2025-09-26 11:59:59.999,100461566.1837135,154334,344.71501,37521087.8609217,0
2025-09-26 12:00:00,109133.5,109579.0,108824.82,109372.68,863.36244,2025-09-26 12:59:59.999,94286123.4549977,224444,436.58669,47685250.1640786,0
2025-09-26 13:00:00,109372.68,109779.73,109000.0,109669.73,991.99403,2025-09-26 13:59:59.999,108614448.3869699,250611,584.14224,63967973.8170948,0
2025-09-26 14:00:00,109669.72,109779.73,108764.76,108836.0,900.4525,2025-09-26 14:59:59.999,98239967.4308491,312487,386.12049,42136353.6479132,0
2025-09-26 15:00:00,108836.0,109358.5,108802.04,109027.78,486.11543,2025-09-26 15:59:59.999,53029215.6554773,174209,238.29885,25992542.2152201,0
2025-09-26 16:00:00,109027.79,109618.0,109027.78,109460.01,291.37899,2025-09-26 16:59:59.999,31866540.3352495,119138,160.2078,17518922.6954021,0
2025-09-26 17:00:00,109460.0,110000.0,109392.35,109899.99,627.01224,2025-09-26 17:59:59.999,68830180.5622268,137014,356.79848,39165752.8771063,0
2025-09-26 18:00:00,109900.0,110300.0,109700.0,109727.99,571.22129,2025-09-26 18:59:59.999,62842424.6565727,125229,301.02208,33118950.0161572,0
2025-09-26 19:00:00,109727.99,109727.99,109030.41,109172.2,603.81607,2025-09-26 19:59:59.999,66027425.155596,162447,272.68719,29806834.6880472,0
2025-09-26 20:00:00,109172.21,109347.59,109087.57,109288.44,245.23004,2025-09-26 20:59:59.999,26782190.036354,76085,140.76425,15373149.7376593,0
2025-09-26 21:00:00,109288.45,109530.0,109189.17,109469.07,210.90009,2025-09-26 21:59:59.999,23065101.2496663,63369,106.78789,11679436.4419022,0
2025-09-26 22:00:00,109469.07,109607.38,109348.0,109558.25,183.31873,2025-09-26 22:59:59.999,20074983.8178264,37151,92.39243,10116936.7840261,0
2025-09-26 23:00:00,109558.24,109687.69,109432.07,109643.46,213.65814,2025-09-26 23:59:59.999,23418543.7920664,32467,130.83967,14342288.8909136,0
2025-09-27 00:00:00,109643.46,109660.88,109472.23,109649.29,268.55384,2025-09-27 00:59:59.999,29425269.7233261,45635,104.71307,11472264.5929216,0
2025-09-27 01:00:00,109649.29,109657.45,109330.08,109431.92,230.21003,2025-09-27 01:59:59.999,25202561.6759499,40694,77.67415,8503131.2932277,0
2025-09-27 02:00:00,109431.92,109482.64,109324.42,109408.18,280.63961,2025-09-27 02:59:59.999,30704083.4543538,39867,186.96662,20455004.9288897,0
2025-09-27 03:00:00,109408.18,109743.91,109384.63,109553.77,262.25571,2025-09-27 03:59:59.999,28739548.3604162,44139,141.33104,15486973.2590064,0
2025-09-27 04:00:00,109553.77,109742.27,109514.63,109654.99,248.07725,2025-09-27 04:59:59.999,27191908.1587622,39017,130.85778,14341655.7562587,0
2025-09-27 05:00:00,109654.99,109684.29,109593.65,109635.72,128.97939,2025-09-27 05:59:59.999,14141068.6343024,20563,67.00712,7346345.7575722,0
2025-09-27 06:00:00,109635.73,109635.73,109481.44,109541.36,241.06138,2025-09-27 06:59:59.999,26405051.0724417,26026,105.00839,11501658.28639,0
2025-09-27 07:00:00,109541.36,109570.36,109332.02,109411.2,290.72314,2025-09-27 07:59:59.999,31823582.9354771,33291,103.21115,11297780.6873658,0
2025-09-27 08:00:00,109411.19,109411.2,109252.0,109252.01,379.23249,2025-09-27 08:59:59.999,41452720.0011159,53887,175.49522,19182454.9566118,0
2025-09-27 09:00:00,109252.01,109347.59,109064.4,109292.73,409.97831,2025-09-27 09:59:59.999,44768382.0788167,51335,155.28918,16958689.6708954,0
2025-09-27 10:00:00,109292.74,109477.69,109256.07,109431.7,322.59239,2025-09-27 10:59:59.999,35278044.4081068,56472,172.02201,18811813.1181768,0
2025-09-27 11:00:00,109431.71,109440.65,109280.0,109310.21,244.4871,2025-09-27 11:59:59.999,26730503.0737235,32789,93.4004,10211414.7548079,0
2025-09-27 12:00:00,109310.22,109477.59,109227.14,109400.05,336.07633,2025-09-27 12:59:59.999,36746257.5683361,50111,155.64029,17018184.5306601,0
2025-09-27 13:00:00,109400.06,109412.14,109299.64,109306.61,336.77227,2025-09-27 13:59:59.999,36825559.6028026,39698,166.15414,18168885.0345266,0
2025-09-27 14:00:00,109306.61,109387.51,109255.9,109287.89,273.62629,2025-09-27 14:59:59.999,29909817.5381171,32514,105.89621,11575817.5685389,0
2025-09-27 15:00:00,109287.89,109427.4,109193.0,109402.24,204.90854,2025-09-27 15:59:59.999,22394142.3558389,55689,83.3486,9108749.3987233,0
2025-09-27 16:00:00,109402.25,109427.76,109308.0,109389.04,176.55452,2025-09-27 16:59:59.999,19309853.8801178,49902,90.11815,9855618.1844926,0
2025-09-27 17:00:00,109389.05,109410.0,109243.89,109382.47,183.15972,2025-09-27 17:59:59.999,20024506.1963279,55081,71.05353,7767910.721477,0
2025-09-27 18:00:00,109382.48,109434.99,109345.11,109434.96,154.7658,2025-09-27 18:59:59.999,16931995.8067533,24575,47.67925,5215881.1304068,0
2025-09-27 19:00:00,109434.96,109440.0,109383.48,109424.2,76.33855,2025-09-27 19:59:59.999,8353088.8154334,16138,26.07042,2852488.1923367,0
2025-09-27 20:00:00,109424.21,109435.0,109362.72,109390.0,60.18528,2025-09-27 20:59:59.999,6583966.1813729,16410,22.83693,2498145.9284396,0
2025-09-27 21:00:00,109390.0,109483.55,109389.47,109474.99,119.69499,2025-09-27 21:59:59.999,13097478.1662718,14672,83.27495,9112059.2360094,0
2025-09-27 22:00:00,109474.98,109699.98,109474.98,109605.62,175.35372,2025-09-27 22:59:59.999,19218258.5752843,42503,113.94803,12487855.0820663,0
2025-09-27 23:00:00,109605.63,109683.16,109461.53,109635.85,97.55978,2025-09-27 23:59:59.999,10689940.7336281,38586,44.26223,4849718.9243941,0
2025-09-28 00:00:00,109635.85,109787.75,109548.0,109607.81,283.02575,2025-09-28 00:59:59.999,31032199.2083132,74899,138.22863,15154769.9338338,0
2025-09-28 01:00:00,109607.81,109654.85,109325.05,109353.67,221.5149,2025-09-28 01:59:59.999,24253193.576593,80879,94.38436,10333408.6900928,0
2025-09-28 02:00:00,109353.68,109535.0,109353.67,109447.55,194.54739,2025-09-28 02:59:59.999,21290082.5837857,43821,109.34294,11964837.295323,0
2025-09-28 03:00:00,109447.54,109535.0,109409.17,109436.0,123.06023,2025-09-28 03:59:59.999,13469238.5014706,24279,70.32434,7697209.5892689,0
2025-09-28 04:00:00,109436.0,109486.1,109365.88,109365.9,99.29239,2025-09-28 04:59:59.999,10863025.3974345,22153,52.35015,5727081.7739812,0
2025-09-28 05:00:00,109365.9,109398.0,109356.42,109356.43,124.07352,2025-09-28 05:59:59.999,13569821.1840847,16723,73.31173,8017840.1849976,0
2025-09-28 06:00:00,109356.44,109455.97,109260.0,109410.0,167.02015,2025-09-28 06:59:59.999,18267054.6130081,26118,82.07695,8976816.9433628,0
2025-09-28 07:00:00,109410.0,109537.8,109350.0,109513.06,178.6647,2025-09-28 07:59:59.999,19557145.1028678,27362,86.57457,9476685.3743959,0
2025-09-28 08:00:00,109513.06,109585.39,109423.21,109509.91,216.27847,2025-09-28 08:59:59.999,23686050.1800992,41374,101.91967,11160934.4645942,0
2025-09-28 09:00:00,109509.91,109559.89,109323.88,109519.42,209.63846,2025-09-28 09:59:59.999,22949444.3977455,58225,100.67594,11021387.5879629,0
2025-09-28 10:00:00,109519.43,109519.43,109368.43,109368.44,143.70537,2025-09-28 10:59:59.999,15724598.2662885,35830,68.64772,7510712.023757,0
2025-09-28 11:00:00,109368.43,109447.28,109250.0,109369.02,293.31231,2025-09-28 11:59:59.999,32060196.2022003,47997,149.75046,16368668.4402127,0
2025-09-28 12:00:00,109369.02,109451.04,109189.99,109314.99,308.15163,2025-09-28 12:59:59.999,33693656.484878,80500,133.10857,14554509.9619709,0
2025-09-28 13:00:00,109314.99,109668.98,109314.98,109639.0,332.00919,2025-09-28 13:59:59.999,36361471.2533604,67724,112.3939,12308122.5127679,0
2025-09-28 14:00:00,109639.0,109888.0,109502.56,109850.01,370.11862,2025-09-28 14:59:59.999,40598576.7884343,72120,153.63419,16856158.3244891,0
2025-09-28 15:00:00,109850.0,110037.93,109712.23,110037.93,338.92347,2025-09-28 15:59:59.999,37245236.8623911,68532,156.83075,17237688.0690531,0
2025-09-28 16:00:00,110037.92,110393.63,110008.54,110222.02,516.23853,2025-09-28 16:59:59.999,56882280.5067662,86547,248.14961,27343611.5937616,0
2025-09-28 17:00:00,110222.01,110377.05,110130.26,110203.52,374.79675,2025-09-28 17:59:59.999,41327486.5243928,85746,205.72139,22683040.5111031,0
2025-09-28 18:00:00,110203.53,110293.56,110060.88,110293.56,140.49771,2025-09-28 18:59:59.999,15479169.2588833,36167,61.84038,6813906.4263493,0
2025-09-28 19:00:00,110293.56,110388.46,110119.71,110337.6,184.24395,2025-09-28 19:59:59.999,20321288.8701972,33049,97.00522,10699907.7328884,0
2025-09-28 20:00:00,110337.61,110945.0,110294.78,110803.8,510.0654,2025-09-28 20:59:59.999,56475071.3796461,73843,301.81571,33411750.1339262,0
2025-09-28 21:00:00,110803.8,110896.33,110640.81,110833.99,275.55071,2025-09-28 21:59:59.999,30524908.887108,34606,137.08192,15185287.6294813,0
2025-09-28 22:00:00,110833.99,112014.0,110833.99,111938.51,1130.21918,2025-09-28 22:59:59.999,126085910.2830915,190927,611.56271,68195762.2356036,0
2025-09-28 23:00:00,111938.51,112350.0,111938.51,112163.95,807.38282,2025-09-28 23:59:59.999,90537838.0072953,155445,435.14425,48795659.7361727,0
2025-09-29 00:00:00,112163.96,112309.98,111985.0,112260.57,716.5866,2025-09-29 00:59:59.999,80360974.6775537,118701,370.85037,41592343.8427263,0
2025-09-29 01:00:00,112260.57,112310.0,111721.79,111855.3,649.21896,2025-09-29 01:59:59.999,72722487.5624679,127933,246.44682,27614497.2545721,0
2025-09-29 02:00:00,111855.3,112022.27,111632.72,111750.02,621.54504,2025-09-29 02:59:59.999,69488405.5887079,122847,268.32164,29999481.4806538,0
2025-09-29 03:00:00,111750.02,111857.51,111588.07,111857.51,310.12302,2025-09-29 03:59:59.999,34642670.1962474,72579,163.37077,18250320.0598889,0
2025-09-29 04:00:00,111857.51,111904.34,111750.0,111812.0,278.79762,2025-09-29 04:59:59.999,31179410.7919389,62645,121.21556,13556729.9533589,0
2025-09-29 05:00:00,111812.01,111812.01,111575.38,111753.34,348.73721,2025-09-29 05:59:59.999,38944552.5537265,65765,146.71395,16383697.5757174,0
2025-09-29 06:00:00,111753.34,111850.0,111624.0,111632.83,334.53443,2025-09-29 06:59:59.999,37381242.4628273,74770,145.97554,16310373.4419686,0
2025-09-29 07:00:00,111632.83,111865.96,111560.65,111865.95,869.2909,2025-09-29 07:59:59.999,97087252.8191468,96319,590.35903,65929655.4903252,0
2025-09-29 08:00:00,111865.96,112421.99,111865.95,112099.75,787.97678,2025-09-29 08:59:59.999,88351130.6883079,116224,492.64472,55233781.2205858,0
2025-09-29 09:00:00,112099.74,112219.0,111988.13,112110.9,460.23123,2025-09-29 09:59:59.999,51596365.9014981,73585,216.35063,24254380.3057363,0
2025-09-29 10:00:00,112110.9,112225.0,112012.73,112090.18,476.12298,2025-09-29 10:59:59.999,53371908.8562128,61031,152.58452,17107366.285231,0
2025-09-29 11:00:00,112090.19,112112.86,111923.13,112100.0,401.91096,2025-09-29 11:59:59.999,45023424.4092072,74144,215.4968,24140532.3669745,0
2025-09-29 12:00:00,112100.0,112515.0,111940.0,112022.16,744.63691,2025-09-29 12:59:59.999,83558084.8547401,104826,418.05108,46915425.3263774,0
2025-09-29 13:00:00,112022.0,113490.0,111901.26,113227.29,1670.66371,2025-09-29 13:59:59.999,188528854.8225499,287933,1029.88122,116240825.6076486,0
2025-09-29 14:00:00,113227.29,114231.56,113220.21,114033.53,1791.07159,2025-09-29 14:59:59.999,203838443.3583698,254200,851.47527,96909549.0127681,0
2025-09-29 15:00:00,114033.54,114127.13,113686.06,113815.57,858.42631,2025-09-29 15:59:59.999,97790910.146178,142381,364.36849,41508204.7664325,0
2025-09-29 16:00:00,113815.57,114053.0,113600.0,113626.15,728.01207,2025-09-29 16:59:59.999,82888407.5717341,77427,293.78552,33456840.0561164,0
2025-09-29 17:00:00,113626.15,114151.0,113449.74,114043.91,843.56729,2025-09-29 17:59:59.999,95976164.9523847,100003,381.99941,43474258.9726895,0
2025-09-29 18:00:00,114043.92,114137.73,113867.02,114008.79,396.89151,2025-09-29 18:59:59.999,45239648.5654859,67304,171.5132,19549791.9706158,0
2025-09-29 19:00:00,114008.78,114390.93,113848.63,114265.55,747.93438,2025-09-29 19:59:59.999,85379189.8591843,109783,380.63907,43453933.2428938,0
2025-09-29 20:00:00,114265.56,114400.0,114122.12,114258.29,497.44944,2025-09-29 20:59:59.999,56861616.7857482,87204,272.87024,31192263.6228193,0
2025-09-29 21:00:00,114258.29,114329.8,114095.36,114176.73,218.26557,2025-09-29 21:59:59.999,24928851.5225501,38016,84.3897,9637999.4427695,0
2025-09-29 22:00:00,114176.72,114216.41,114020.0,114189.81,443.81221,2025-09-29 22:59:59.999,50643570.2507602,49412,274.70179,31345289.7239341,0
2025-09-29 23:00:00,114189.8,114395.92,114189.8,114311.96,345.31333,2025-09-29 23:59:59.999,39464066.6736083,57621,182.68234,20877446.5459492,0
2025-09-30 00:00:00,114311.97,114758.0,114040.35,114525.97,953.85322,2025-09-30 00:59:59.999,109113615.791209,138255,486.06472,55614487.4895574,0
2025-09-30 01:00:00,114525.97,114792.0,114255.38,114500.31,766.2566,2025-09-30 01:59:59.999,87732233.7181448,148309,308.71565,35361758.5603566,0
2025-09-30 02:00:00,114500.32,114583.19,114360.0,114455.96,385.99253,2025-09-30 02:59:59.999,44185465.1278323,93132,170.55303,19524196.2930732,0
2025-09-30 03:00:00,114455.96,114514.5,114303.06,114376.39,388.27883,2025-09-30 03:59:59.999,44410900.2306327,64531,157.35764,17999277.3702328,0
2025-09-30 04:00:00,114376.39,114376.4,114091.62,114091.63,355.43204,2025-09-30 04:59:59.999,40598976.1697289,70600,128.38477,14663814.3379035,0
2025-09-30 05:00:00,114091.63,114205.17,113827.24,113904.0,698.31455,2025-09-30 05:59:59.999,79595171.300194,103429,249.32436,28425032.7664495,0
2025-09-30 06:00:00,113904.0,114084.22,113838.41,113891.64,527.62041,2025-09-30 06:59:59.999,60113645.6062512,72853,222.31428,25330466.4752238,0
2025-09-30 07:00:00,113891.64,113994.61,113585.0,113699.23,745.45417,2025-09-30 07:59:59.999,84808256.0939466,87252,347.8581,39572622.9455428,0
2025-09-30 08:00:00,113699.24,113741.37,113350.35,113451.89,653.46315,2025-09-30 08:59:59.999,74203391.9210147,105671,331.53616,37647096.4674386,0
2025-09-30 09:00:00,113451.89,113451.89,112731.41,112781.97,995.05591,2025-09-30 09:59:59.999,112534196.9641622,144116,440.69114,49827993.6799067,0
2025-09-30 10:00:00,112781.97,113085.23,112656.27,112923.49,721.99583,2025-09-30 10:59:59.999,81491748.2246925,135266,448.16923,50585364.6795625,0
2025-09-30 11:00:00,112923.5,113135.44,112810.62,113055.01,498.77683,2025-09-30 11:59:59.999,56340949.2395193,77254,313.92861,35458896.2741711,0
2025-09-30 12:00:00,113055.0,113255.99,112990.75,113002.06,347.5946,2025-09-30 12:59:59.999,39315917.1001701,83222,163.61939,18508801.6168138,0
2025-09-30 13:00:00,113002.06,113677.23,112866.11,113404.53,823.64679,2025-09-30 13:59:59.999,93302347.1626907,237538,451.91416,51190048.8438109,0
2025-09-30 14:00:00,113404.53,113630.13,112900.0,113595.05,910.17644,2025-09-30 14:59:59.999,103057049.6393775,327526,422.34852,47827711.5887813,0
2025-09-30 15:00:00,113595.04,113598.27,112919.95,113106.16,758.86878,2025-09-30 15:59:59.999,85865428.0857372,230508,262.42709,29692069.1604504,0
2025-09-30 16:00:00,113106.15,113279.92,112800.0,112841.24,386.78887,2025-09-30 16:59:59.999,43717317.0409259,135272,176.99977,20003829.4128861,0
2025-09-30 17:00:00,112841.23,113503.99,112813.82,113246.11,745.57241,2025-09-30 17:59:59.999,84452813.2253544,149805,294.34133,33326795.8557108,0
2025-09-30 18:00:00,113246.12,113714.56,113177.37,113714.56,431.8583,2025-09-30 18:59:59.999,48989147.2758109,78515,251.73269,28558298.2788969,0
2025-09-30 19:00:00,113714.55,114563.46,113702.01,114359.99,971.66803,2025-09-30 19:59:59.999,110869977.5728852,148572,564.02271,64362210.4928821,0
2025-09-30 20:00:00,114359.99,114723.57,114110.09,114626.36,710.64838,2025-09-30 20:59:59.999,81282781.1396782,122130,406.44032,46483011.6854555,0
2025-09-30 21:00:00,114626.36,114754.87,114136.5,114161.0,649.46746,2025-09-30 21:59:59.999,74347900.9351215,133346,322.11417,36889634.5262431,0
2025-09-30 22:00:00,114161.0,114356.98,113883.01,113940.39,348.9346,2025-09-30 22:59:59.999,39808902.6371059,75347,119.76323,13661959.5586426,0
2025-09-30 23:00:00,113940.4,114048.94,113765.42,114048.93,268.4376,2025-09-30 23:59:59.999,30575134.9279098,55882,145.10047,16529082.9101895,0
2025-10-01 00:00:00,114048.94,114308.0,113966.67,114239.53,434.59016,2025-10-01 00:59:59.999,49594240.0731943,99955,212.22147,24221831.4935784,0
2025-10-01 01:00:00,114239.53,114550.0,114142.99,114549.99,597.2536,2025-10-01 01:59:59.999,68303620.3235774,99376,294.96149,33731936.2821483,0
2025-10-01 02:00:00,114549.99,114551.76,114272.15,114272.15,508.42422,2025-10-01 02:59:59.999,58162291.0893912,73546,191.12336,21860317.1831524,0
2025-10-01 03:00:00,114272.16,114530.48,114096.58,114176.92,502.30318,2025-10-01 03:59:59.999,57439454.5630595,92312,275.05086,31458941.3444337,0
2025-10-01 04:00:00,114176.93,114700.0,114151.0,114289.01,597.89328,2025-10-01 04:59:59.999,68450188.1540999,131642,224.52653,25702764.3466101,0
2025-10-01 05:00:00,114289.02,114740.0,114265.63,114569.84,559.75519,2025-10-01 05:59:59.999,64124659.6933922,97807,309.91606,35498782.7837089,0
2025-10-01 06:00:00,114569.84,114624.3,114224.88,114256.81,392.52281,2025-10-01 06:59:59.999,44916642.8083633,124337,130.4282,14926315.7113833,0
2025-10-01 07:00:00,114256.82,114584.35,114236.59,114539.02,446.26236,2025-10-01 07:59:59.999,51092849.860114,99995,140.95025,16134907.1898181,0
2025-10-01 08:00:00,114539.02,116591.8,114484.43,116111.28,2944.06599,2025-10-01 08:59:59.999,340128147.0721095,358625,1806.35109,208592404.91176316,0
2025-10-01 09:00:00,116111.27,116529.93,115950.0,116412.1,1081.73774,2025-10-01 09:59:59.999,125799851.5975721,176966,509.76557,59285557.4491767,0
2025-10-01 10:00:00,116412.1,116551.0,116203.5,116281.64,549.64831,2025-10-01 10:59:59.999,63947805.5689203,100428,271.02962,31534325.0144363,0
2025-10-01 11:00:00,116281.64,116795.85,116269.0,116789.58,642.47832,2025-10-01 11:59:59.999,74876107.0517808,94315,382.28054,44568375.2636881,0
2025-10-01 12:00:00,116789.57,116887.0,116363.38,116402.65,645.19981,2025-10-01 12:59:59.999,75238003.7814478,145821,265.44262,30962363.1643608,0
2025-10-01 13:00:00,116402.65,116843.73,116399.5,116806.96,1233.59755,2025-10-01 13:59:59.999,143777721.5122387,215173,593.43166,69164484.5760123,0
2025-10-01 14:00:00,116806.96,117441.26,116704.74,117292.74,1631.53193,2025-10-01 14:59:59.999,191156186.9745912,320890,788.57212,92377691.8096307,0
2025-10-01 15:00:00,117292.73,117649.99,117091.84,117423.73,1008.01671,2025-10-01 15:59:59.999,118324059.3140633,168084,542.78292,63719039.2974565,0
2025-10-01 16:00:00,117423.73,118199.0,117319.04,117535.79,1840.40868,2025-10-01 16:59:59.999,216862234.5104254,225459,919.74777,108382872.0052607,0
2025-10-01 17:00:00,117535.79,117681.27,116724.56,116768.07,962.36022,2025-10-01 17:59:59.999,112811627.6204674,170124,349.88154,41003614.3062416,0
2025-10-01 18:00:00,116768.08,117339.09,116768.07,117234.01,528.26692,2025-10-01 18:59:59.999,61823115.9523376,100328,316.67623,37060617.5290989,0
2025-10-01 19:00:00,117234.01,117623.59,117214.8,117439.53,483.28734,2025-10-01 19:59:59.999,56758911.8500984,87751,236.78402,27805931.3679775,0
2025-10-01 20:00:00,117439.53,117542.24,117163.25,117536.12,412.83403,2025-10-01 20:59:59.999,48447082.8962655,66881,175.6081,20610192.2721708,0
2025-10-01 21:00:00,117536.13,117579.43,117339.54,117554.96,278.91184,2025-10-01 21:59:59.999,32763168.0821829,55115,119.03889,13982081.9478782,0
2025-10-01 22:00:00,117554.95,118080.0,117554.95,117745.39,593.82096,2025-10-01 22:59:59.999,69964906.4765099,117078,326.75275,38501183.1881171,0
2025-10-01 23:00:00,117745.39,118649.1,117686.28,118594.99,1161.22401,2025-10-01 23:59:59.999,137334104.4397309,208335,687.71726,81336126.9684149,0
2025-10-02 00:00:00,118594.99,119456.92,118397.32,118428.46,2212.72285,2025-10-02 00:59:59.999,263209563.08598992,338029,1145.07159,136221654.5355698,0
2025-10-02 01:00:00,118428.46,118894.12,118368.05,118617.37,734.6179,2025-10-02 01:59:59.999,87155016.7299829,157111,366.96545,43538705.7880955,0
2025-10-02 02:00:00,118617.37,118784.87,118483.39,118753.73,644.14993,2025-10-02 02:59:59.999,76423180.9259479,137115,332.58587,39462808.32082,0
2025-10-02 03:00:00,118753.73,119058.82,118688.61,118733.99,595.85707,2025-10-02 03:59:59.999,70840036.3724579,104397,347.91049,41365392.0956677,0
2025-10-02 04:00:00,118733.99,118930.29,118432.64,118662.04,410.46135,2025-10-02 04:59:59.999,48707810.8174789,86534,166.60753,19771752.8062547,0
2025-10-02 05:00:00,118662.04,118677.32,118279.31,118377.34,484.81157,2025-10-02 05:59:59.999,57448377.1507893,97408,162.26528,19227748.9898134,0
2025-10-02 06:00:00,118377.34,118672.34,118295.87,118649.06,380.89847,2025-10-02 06:59:59.999,45142658.001752,75710,169.98017,20146688.2450174,0
2025-10-02 07:00:00,118649.07,118678.98,118424.0,118489.76,496.19299,2025-10-02 07:59:59.999,58808332.0458268,88058,167.03114,19796820.6142622,0
2025-10-02 08:00:00,118489.76,118680.0,118354.61,118668.89,309.01675,2025-10-02 08:59:59.999,36633548.2169218,63765,131.00564,15530113.4814006,0
2025-10-02 09:00:00,118668.89,118850.0,118567.0,118849.99,343.02582,2025-10-02 09:59:59.999,40708995.2536833,54474,195.14889,23160915.9370793,0
2025-10-02 10:00:00,118849.99,118926.49,118567.85,118619.56,393.64914,2025-10-02 10:59:59.999,46733673.1058153,73140,173.11017,20551158.9871158,0
2025-10-02 11:00:00,118619.55,118900.01,118537.1,118765.73,414.31674,2025-10-02 11:59:59.999,49187455.4976432,72885,248.3451,29483928.9709541,0
2025-10-02 12:00:00,118765.72,119402.43,118742.91,119402.42,924.16679,2025-10-02 12:59:59.999,110103601.7687897,138808,559.19876,66614730.0982598,0
2025-10-02 13:00:00,119402.43,119761.36,118933.25,119621.2,1531.32643,2025-10-02 13:59:59.999,182884840.7278462,285245,864.55454,103250923.6226556,0
2025-10-02 14:00:00,119621.19,119788.0,118642.2,118814.09,1237.9215,2025-10-02 14:59:59.999,147646384.0266243,285728,598.90296,71445238.854206,0
2025-10-02 15:00:00,118814.09,119910.79,118516.39,119910.78,1405.75154,2025-10-02 15:59:59.999,167792583.3826131,257793,814.02142,97185966.4691713,0
2025-10-02 16:00:00,119910.78,120300.0,119607.82,119731.4,1570.77716,2025-10-02 16:59:59.999,188502265.52341688,254004,854.23489,102525529.3397717,0
2025-10-02 17:00:00,119731.4,119956.84,119359.63,119917.52,625.48952,2025-10-02 17:59:59.999,74812103.5031814,153779,284.93077,34082713.5373107,0
2025-10-02 18:00:00,119917.52,120663.96,119907.01,120506.61,1340.0858,2025-10-02 18:59:59.999,161080934.6767098,180632,673.25939,80934995.3196567,0
2025-10-02 19:00:00,120506.6,121022.07,120439.97,120836.49,1332.75893,2025-10-02 19:59:59.999,161017170.0424305,191760,645.14392,77943559.0082797,0
2025-10-02 20:00:00,120836.49,120914.0,120306.02,120652.01,833.01817,2025-10-02 20:59:59.999,100490916.9493622,124736,320.60327,38667035.1201108,0
2025-10-02 21:00:00,120652.01,120774.97,120141.72,120150.1,546.60875,2025-10-02 21:59:59.999,65815115.6502419,81728,172.43795,20771090.4964702,0
2025-10-02 22:00:00,120150.1,120412.24,120072.46,120257.49,379.08266,2025-10-02 22:59:59.999,45582738.5806376,73511,130.06128,15640089.8929712,0
2025-10-02 23:00:00,120257.49,120680.35,120251.81,120529.35,524.1272,2025-10-02 23:59:59.999,63133825.3084377,95723,229.70201,27666863.4588933,0
2025-10-03 00:00:00,120529.35,120550.9,120079.0,120132.8,776.43359,2025-10-03 00:59:59.999,93411749.667273,117829,235.53291,28328525.9559279,0
2025-10-03 01:00:00,120132.8,120293.68,119820.0,119875.72,537.61051,2025-10-03 01:59:59.999,64556502.0949762,130525,157.59282,18924175.5569324,0
2025-10-03 02:00:00,119875.72,120269.11,119866.18,120157.82,451.19476,2025-10-03 02:59:59.999,54171471.9355411,90548,207.60174,24925424.139602,0
2025-10-03 03:00:00,120157.82,120472.12,120157.82,120225.89,503.41637,2025-10-03 03:59:59.999,60571180.5817731,86653,252.84687,30423037.7927906,0
2025-10-03 04:00:00,120225.88,120324.53,120000.4,120039.98,289.32576,2025-10-03 04:59:59.999,34762202.1327538,64211,136.15612,16360256.2176617,0
2025-10-03 05:00:00,120039.98,120065.41,119746.81,119920.4,454.732,2025-10-03 05:59:59.999,54528061.0240253,82848,187.21221,22446635.8845704,0
2025-10-03 06:00:00,119920.41,120075.62,119765.99,119916.93,356.16347,2025-10-03 06:59:59.999,42716909.4805103,76569,148.24432,17779612.2396983,0
2025-10-03 07:00:00,119916.94,120011.05,119610.59,119640.21,1193.694,2025-10-03 07:59:59.999,142933832.5750492,95798,292.30536,35010444.3980378,0
2025-10-03 08:00:00,119640.22,120072.59,119248.3,120038.6,1368.04834,2025-10-03 08:59:59.999,163800794.5600482,149531,510.40099,61104728.9444489,0
2025-10-03 09:00:00,120038.6,120365.35,120008.6,120300.0,1073.47178,2025-10-03 09:59:59.999,128986480.3090569,105325,459.35977,55201542.191835,0
2025-10-03 10:00:00,120300.01,120515.89,120271.18,120425.95,575.58075,2025-10-03 10:59:59.999,69309431.5751762,78933,283.26123,34106362.7111989,0
2025-10-03 11:00:00,120425.95,120471.0,120130.76,120334.5,450.30439,2025-10-03 11:59:59.999,54175762.3412958,95114,194.37334,23385423.4540827,0
2025-10-03 12:00:00,120334.51,120400.0,120102.18,120358.07,423.63897,2025-10-03 12:59:59.999,50960278.7215206,110568,184.18624,22157759.6994434,0
2025-10-03 13:00:00,120358.07,120691.44,120113.0,120374.73,795.86923,2025-10-03 13:59:59.999,95822690.7693454,260937,394.68657,47526086.4705915,0
2025-10-03 14:00:00,120374.72,120975.0,119881.24,120917.85,1151.84039,2025-10-03 14:59:59.999,138770934.2293903,309227,679.72637,81907792.167183,0
2025-10-03 15:00:00,120917.1,122366.0,120641.27,122258.05,2558.07247,2025-10-03 15:59:59.999,310977326.7441808,394205,1476.05678,179445204.1497775,0
2025-10-03 16:00:00,122258.04,123894.99,122258.04,122553.3,4679.2754,2025-10-03 16:59:59.999,576419065.4617559,565147,2618.72132,322540009.5437963,0
2025-10-03 17:00:00,122553.3,123113.97,121603.42,122073.25,2932.08887,2025-10-03 17:59:59.999,358695552.01815075,595755,1361.58609,166600276.2900445,0
2025-10-03 18:00:00,122073.26,122732.12,121466.25,122538.46,1175.09154,2025-10-03 18:59:59.999,143601857.6741694,303631,505.78128,61817453.6498436,0
2025-10-03 19:00:00,122538.46,122961.63,122355.08,122660.99,661.21371,2025-10-03 19:59:59.999,81116859.5002824,183399,282.90788,34705137.4649309,0
2025-10-03 20:00:00,122661.0,122734.92,122037.43,122447.94,617.65815,2025-10-03 20:59:59.999,75567800.943592,145618,337.23552,41257061.8039852,0
2025-10-03 21:00:00,122447.94,122452.1,121999.33,122306.57,392.75542,2025-10-03 21:59:59.999,48023803.841057,86316,148.17863,18117574.5662346,0
2025-10-03 22:00:00,122306.57,122665.0,122306.56,122477.0,227.9953,2025-10-03 22:59:59.999,27928394.7815932,54596,117.75898,14423229.7395834,0
2025-10-03 23:00:00,122477.0,122477.0,122180.79,122232.0,290.85283,2025-10-03 23:59:59.999,35572133.7188021,63537,116.91021,14298852.5814209,0
2025-10-04 00:00:00,122232.21,122295.56,121982.23,122100.0,444.36212,2025-10-04 00:59:59.999,54273040.7951836,105173,201.01455,24551136.1953556,0
2025-10-04 01:00:00,122100.0,122103.24,121698.8,121865.21,486.29697,2025-10-04 01:59:59.999,59291758.1859468,114841,197.9986,24142528.5634974,0
2025-10-04 02:00:00,121865.22,122030.0,121684.97,121854.53,443.51459,2025-10-04 02:59:59.999,54037408.4981004,123542,191.43267,23327415.6243362,0
2025-10-04 03:00:00,121854.53,122325.6,121829.54,122243.99,356.40352,2025-10-04 03:59:59.999,43497756.4750818,81314,226.06371,27592346.1511311,0
2025-10-04 04:00:00,122243.99,122522.0,122219.3,122495.0,315.41672,2025-10-04 04:59:59.999,38596142.8867179,75622,184.34145,22555637.0443545,0
2025-10-04 05:00:00,122495.01,122800.0,122405.64,122522.7,588.87932,2025-10-04 05:59:59.999,72191075.3441281,105076,278.75469,34177934.9619241,0
2025-10-04 06:00:00,122522.7,122606.86,122373.9,122430.27,358.53969,2025-10-04 06:59:59.999,43922939.3377205,68630,161.98367,19844962.8690814,0
2025-10-04 07:00:00,122430.27,122455.0,122259.98,122324.08,253.33958,2025-10-04 07:59:59.999,30996874.9741413,49353,85.84025,10501412.4684007,0
2025-10-04 08:00:00,122324.08,122539.83,122197.63,122267.57,499.0421,2025-10-04 08:59:59.999,61080642.4839049,71556,252.62123,30919903.3973353,0
2025-10-04 09:00:00,122267.58,122457.17,122186.03,122208.78,244.01487,2025-10-04 09:59:59.999,29848474.554387,44968,116.53355,14254524.5525519,0
2025-10-04 10:00:00,122208.79,122331.01,122099.69,122129.53,208.78248,2025-10-04 10:59:59.999,25518012.3841523,37407,103.78312,12686488.8303437,0
2025-10-04 11:00:00,122129.53,122215.97,121962.81,121973.26,316.89688,2025-10-04 11:59:59.999,38686714.1102578,65870,150.39253,18362756.8448197,0
2025-10-04 12:00:00,121973.26,122103.0,121945.0,122005.62,214.19564,2025-10-04 12:59:59.999,26136928.9258282,51556,103.91018,12679997.7304434,0
2025-10-04 13:00:00,122005.62,122509.52,122005.62,122385.42,319.16828,2025-10-04 13:59:59.999,39049564.8466424,83193,174.60453,21358285.2337257,0
2025-10-04 14:00:00,122385.42,122459.98,122000.0,122000.01,229.86148,2025-10-04 14:59:59.999,28103475.1213277,71601,80.67429,9865227.0105944,0
2025-10-04 15:00:00,122000.01,122144.28,121698.88,121791.31,700.83126,2025-10-04 15:59:59.999,85396216.6093957,155457,264.52537,32233140.1695205,0
2025-10-04 16:00:00,121791.31,121964.95,121595.67,121719.99,652.05349,2025-10-04 16:59:59.999,79381282.361719,109892,279.64241,34047616.879,0
2025-10-04 17:00:00,121720.0,121910.24,121660.57,121747.37,289.33463,2025-10-04 17:59:59.999,35234400.4410601,50594,114.51172,13944135.9489609,0
2025-10-04 18:00:00,121747.36,121829.69,121510.0,121574.66,288.12119,2025-10-04 18:59:59.999,35058149.2374282,44529,80.73021,9822878.2833121,0
2025-10-04 19:00:00,121574.66,121959.25,121574.65,121959.25,213.72533,2025-10-04 19:59:59.999,26034614.2813415,40113,140.55064,17120446.7235711,0
2025-10-04 20:00:00,121959.25,122079.65,121891.49,121892.89,211.24587,2025-10-04 20:59:59.999,25769077.9571783,46708,87.79791,10710718.1952114,0
2025-10-04 21:00:00,121892.89,122347.55,121871.01,122190.67,282.5404,2025-10-04 21:59:59.999,34511785.6472784,45529,147.30316,17993914.5555923,0
2025-10-04 22:00:00,122190.67,122365.14,122139.98,122287.19,158.14137,2025-10-04 22:59:59.999,19333576.3581879,35147,73.04503,8930296.9895476,0
2025-10-04 23:00:00,122287.19,122410.0,122214.0,122391.0,133.459,2025-10-04 23:59:59.999,16322991.5275374,25919,69.74788,8530727.9010509,0
2025-10-05 00:00:00,122390.99,122410.0,122157.7,122157.7,191.66559,2025-10-05 00:59:59.999,23436580.7528797,41159,68.90044,8426802.1614697,0
2025-10-05 01:00:00,122157.71,122410.0,122136.0,122377.72,308.73428,2025-10-05 01:59:59.999,37748391.1545281,43611,225.76748,27602348.8827986,0
2025-10-05 02:00:00,122377.71,124362.28,122342.0,124031.44,2633.63494,2025-10-05 02:59:59.999,325619944.1175377,343749,1613.12779,199388288.88602048,0
2025-10-05 03:00:00,124031.44,124173.0,123344.98,123776.22,1077.99134,2025-10-05 03:59:59.999,133529278.4649877,262980,556.75403,68961879.5795278,0
2025-10-05 04:00:00,123776.23,125708.42,123734.0,125172.81,3667.071773,2025-10-05 04:59:59.999,458487142.56095296,430934,2237.697863,279723615.913922,0
2025-10-05 05:00:00,125172.81,125437.91,124876.72,125127.99,1956.24996,2025-10-05 05:59:59.999,244877274.6223412,289444,1142.97222,143095528.8082413,0
2025-10-05 06:00:00,125127.99,125225.54,124805.34,125000.01,821.20016,2025-10-05 06:59:59.999,102661600.7937327,138492,331.53009,41446933.1794559,0
2025-10-05 07:00:00,125000.01,125164.26,124622.6,124713.63,898.02731,2025-10-05 07:59:59.999,112169565.5959751,140314,310.85098,38827169.0638916,0
2025-10-05 08:00:00,124713.63,124838.37,124558.0,124595.99,532.28794,2025-10-05 08:59:59.999,66372011.3760248,98005,195.07579,24326515.324934,0
2025-10-05 09:00:00,124596.0,124665.37,122789.35,123020.5,2214.92936,2025-10-05 09:59:59.999,273589930.5682838,325808,1015.01737,125309781.4471564,0
2025-10-05 10:00:00,123020.51,123130.0,122520.24,123028.01,993.89021,2025-10-05 10:59:59.999,122120135.3320786,220016,502.56191,61756268.1426279,0
2025-10-05 11:00:00,123028.01,123538.46,122850.0,123464.64,714.20213,2025-10-05 11:59:59.999,87994590.2511345,154651,392.50973,48367270.9449691,0
2025-10-05 12:00:00,123464.64,123464.65,122927.17,123085.88,573.79261,2025-10-05 12:59:59.999,70652881.8334012,119707,278.16766,34253774.171776,0
2025-10-05 13:00:00,123085.89,123358.83,123070.46,123161.39,684.83212,2025-10-05 13:59:59.999,84394011.2218196,76483,405.62032,49990350.7467127,0
2025-10-05 14:00:00,123161.4,123339.42,122770.32,123034.67,553.48643,2025-10-05 14:59:59.999,68111864.7415924,90462,273.45444,33651434.9333383,0
2025-10-05 15:00:00,123034.67,123034.67,122675.0,122803.17,420.97888,2025-10-05 15:59:59.999,51714211.267758,75527,175.59194,21567871.2636935,0
2025-10-05 16:00:00,122803.17,123348.45,122301.63,123265.54,1014.58046,2025-10-05 16:59:59.999,124603967.5177286,151095,545.31877,66985592.9153486,0
2025-10-05 17:00:00,123265.55,123464.0,122890.38,123057.05,390.32827,2025-10-05 17:59:59.999,48094655.4635003,119637,149.94684,18478304.398729,0
2025-10-05 18:00:00,123057.05,123220.3,122856.05,122999.44,586.52026,2025-10-05 18:59:59.999,72176577.4316762,97463,423.18989,52085805.9527202,0
2025-10-05 19:00:00,122999.44,123026.0,122500.0,122591.79,394.73151,2025-10-05 19:59:59.999,48452014.1943386,132190,143.77922,17648001.8063153,0
2025-10-05 20:00:00,122591.8,123055.05,122473.62,122705.32,347.70826,2025-10-05 20:59:59.999,42696264.7695621,96042,194.55228,23891414.5424039,0
2025-10-05 21:00:00,122705.31,122801.44,122489.85,122729.99,239.86372,2025-10-05 21:59:59.999,29418203.5383806,64705,111.52907,13678911.146414,0
2025-10-05 22:00:00,122730.0,123278.76,122730.0,123237.4,329.01936,2025-10-05 22:59:59.999,40494160.1388637,104975,208.81701,25699993.6216579,0
2025-10-05 23:00:00,123237.4,123548.83,123219.62,123482.31,497.37068,2025-10-05 23:59:59.999,61402213.2304858,73221,277.93927,34314543.0768721,0
2025-10-06 00:00:00,123482.32,124358.46,123084.0,123347.29,1305.09536,2025-10-06 00:59:59.999,161392189.4693081,337190,677.20293,83759624.5400862,0
2025-10-06 01:00:00,123347.29,124239.7,123192.01,124035.32,720.59287,2025-10-06 01:59:59.999,89209351.604866,198503,377.06845,46689969.5946548,0
2025-10-06 02:00:00,124035.33,124244.93,123476.04,124110.61,696.06889,2025-10-06 02:59:59.999,86215370.5974392,172505,328.01338,40632265.7440668,0
2025-10-06 03:00:00,124110.61,124126.31,123742.64,123839.09,303.52731,2025-10-06 03:59:59.999,37618117.1282491,114369,132.25964,16390218.6549221,0
2025-10-06 04:00:00,123839.09,123988.0,123554.27,123580.26,374.67011,2025-10-06 04:59:59.999,46372446.0585638,92553,143.34506,17739926.0706609,0
2025-10-06 05:00:00,123580.27,123750.0,123294.93,123586.0,558.79238,2025-10-06 05:59:59.999,69011972.8783178,110703,215.42686,26606717.8260999,0
2025-10-06 06:00:00,123586.01,124165.56,123586.0,123947.9,527.83575,2025-10-06 06:59:59.999,65402914.4978977,135134,281.40682,34864006.5192953,0
2025-10-06 07:00:00,123947.91,124035.89,123280.49,123390.47,749.33011,2025-10-06 07:59:59.999,92622920.966496,134916,272.24945,33645034.4304329,0
2025-10-06 08:00:00,123390.47,123880.0,123390.46,123846.55,556.77898,2025-10-06 08:59:59.999,68875776.9600702,88502,305.72699,37827815.4792403,0
2025-10-06 09:00:00,123846.56,124056.73,123779.31,123955.3,791.39727,2025-10-06 09:59:59.999,98047707.1385917,89217,531.26444,65819393.076587,0
2025-10-06 10:00:00,123955.29,124142.85,123899.42,123978.0,459.97878,2025-10-06 10:59:59.999,57054052.3294432,70782,242.13518,30034400.1234888,0
2025-10-06 11:00:00,123978.0,124531.66,123735.73,124215.0,960.05678,2025-10-06 11:59:59.999,119226028.2224862,174605,580.00645,72046009.1058784,0
2025-10-06 12:00:00,124215.0,124691.81,124178.0,124556.64,977.10945,2025-10-06 12:59:59.999,121617936.2527827,185054,555.68185,69166514.2122613,0
2025-10-06 13:00:00,124556.65,125079.85,124385.74,125031.33,1406.49106,2025-10-06 13:59:59.999,175415278.0790812,403844,764.94418,95425716.8667896,0
2025-10-06 14:00:00,125031.34,125330.0,124339.38,124530.0,1331.91784,2025-10-06 14:59:59.999,166413512.4904903,374026,595.69219,74444821.5110664,0
2025-10-06 15:00:00,124529.99,125408.29,124513.35,125000.0,852.17645,2025-10-06 15:59:59.999,106592526.8597981,220638,432.17083,54060877.2260617,0
2025-10-06 16:00:00,125000.0,125499.63,124800.0,125455.24,911.48586,2025-10-06 16:59:59.999,114024503.6320104,173891,505.90935,63304906.8128106,0
2025-10-06 17:00:00,125455.25,125819.2,125126.67,125284.0,1451.39316,2025-10-06 17:59:59.999,182138838.9070419,268178,789.16469,99059759.2690926,0
2025-10-06 18:00:00,125284.01,126199.63,125044.46,126011.18,1439.873253,2025-10-06 18:59:59.999,180991852.69683436,185677,891.566693,112126205.2652613,0
2025-10-06 19:00:00,126011.18,126134.71,125252.74,125410.81,919.42008,2025-10-06 19:59:59.999,115491453.0375476,225347,393.40783,49415265.5544514,0
2025-10-06 20:00:00,125410.8,125534.0,125032.01,125211.02,512.32035,2025-10-06 20:59:59.999,64166975.9753632,110149,248.70083,31151710.614895,0
2025-10-06 21:00:00,125211.03,125268.5,124511.15,125097.85,907.58302,2025-10-06 21:59:59.999,113370787.7659322,147637,370.95781,46328144.4766096,0
2025-10-06 22:00:00,125097.86,125298.43,124784.41,125039.13,416.67058,2025-10-06 22:59:59.999,52116220.8560384,104620,206.61487,25849041.4995048,0
2025-10-06 23:00:00,125039.13,125100.0,124628.0,124658.54,364.0631,2025-10-06 23:59:59.999,45440217.860669,88127,122.09138,15236785.2435006,0
2025-10-07 00:00:00,124658.54,124925.14,124600.0,124900.93,399.28672,2025-10-07 00:59:59.999,49810872.6640102,116719,201.80321,25177468.6397661,0
2025-10-07 01:00:00,124900.93,125082.27,124442.87,124699.99,470.23469,2025-10-07 01:59:59.999,58658654.9810833,131566,271.51755,33880993.0149758,0
2025-10-07 02:00:00,124699.99,124700.0,124159.22,124259.9,524.92821,2025-10-07 02:59:59.999,65322358.5183569,137202,207.60865,25832892.9484793,0
2025-10-07 03:00:00,124259.91,124568.44,124101.26,124329.74,379.16017,2025-10-07 03:59:59.999,47128687.6047887,106292,183.95877,22867444.5048008,0
2025-10-07 04:00:00,124329.74,124654.47,124109.1,124500.0,438.34342,2025-10-07 04:59:59.999,54519478.5299459,108183,178.02362,22148283.3836981,0
2025-10-07 05:00:00,124499.99,124640.76,124240.37,124414.17,424.20697,2025-10-07 05:59:59.999,52795455.4981537,102055,211.69336,26344187.9144172,0
2025-10-07 06:00:00,124414.17,124460.0,123800.0,123890.84,862.57843,2025-10-07 06:59:59.999,106975526.7979304,138185,321.0587,39809525.9238952,0
2025-10-07 07:00:00,123890.84,124038.0,123567.6,123667.99,730.09708,2025-10-07 07:59:59.999,90331875.2230581,122354,267.85143,33145492.4962936,0
2025-10-07 08:00:00,123668.0,123999.98,123322.9,123861.75,1172.93284,2025-10-07 08:59:59.999,145042135.1407068,175494,527.26996,65240800.8143544,0
2025-10-07 09:00:00,123861.75,124246.64,123861.74,124117.48,423.70195,2025-10-07 09:59:59.999,52571494.220473,101330,239.04848,29659343.9738318,0
2025-10-07 10:00:00,124117.48,124413.75,124020.0,124282.19,385.65308,2025-10-07 10:59:59.999,47919450.7492786,83057,200.6759,24937988.8373804,0
2025-10-07 11:00:00,124282.18,124509.6,124179.99,124453.38,462.44628,2025-10-07 11:59:59.999,57512954.6530164,92936,255.22394,31744393.2849835,0
2025-10-07 12:00:00,124453.37,125126.0,124340.0,124917.99,747.53263,2025-10-07 12:59:59.999,93225061.9610549,138305,471.77193,58852420.7270261,0
2025-10-07 13:00:00,124918.0,125046.16,123288.0,123891.68,1734.891,2025-10-07 13:59:59.999,215208321.137062,402276,733.59875,91075031.8043754,0
2025-10-07 14:00:00,123891.68,124000.0,122568.0,122725.36,2078.9177,2025-10-07 14:59:59.999,255738157.9213035,425729,749.23438,92152578.7476719,0
2025-10-07 15:00:00,122725.36,122865.36,121172.89,121846.01,2798.67322,2025-10-07 15:59:59.999,341115318.78215754,497814,1298.55436,158256308.2581477,0
2025-10-07 16:00:00,121846.01,122084.14,120800.02,121684.17,2051.61019,2025-10-07 16:59:59.999,249430743.3592359,291123,864.74112,105139512.7167391,0
2025-10-07 17:00:00,121684.17,121822.58,121100.0,121130.02,1241.13249,2025-10-07 17:59:59.999,150695089.1292264,242868,473.21798,57470161.2433521,0
2025-10-07 18:00:00,121130.02,121306.13,120574.94,120895.37,1099.60495,2025-10-07 18:59:59.999,132922707.6430065,230897,447.24095,54064182.1722346,0
2025-10-07 19:00:00,120895.37,122027.3,120860.46,121637.17,1334.54837,2025-10-07 19:59:59.999,162139487.4508711,235517,765.624,92999759.9260401,0
2025-10-07 20:00:00,121637.18,122196.48,121637.18,121943.61,493.62814,2025-10-07 20:59:59.999,60249554.7571275,126153,274.99177,33560875.6576341,0
2025-10-07 21:00:00,121943.61,122292.62,121765.9,122016.0,397.91117,2025-10-07 21:59:59.999,48554951.8991815,137676,202.49229,24710672.7489681,0
2025-10-07 22:00:00,122016.0,122173.5,121797.6,122011.17,404.31119,2025-10-07 22:59:59.999,49306954.2738143,105769,159.98165,19513143.1225227,0
2025-10-07 23:00:00,122011.17,122022.88,121258.08,121332.95,577.66296,2025-10-07 23:59:59.999,70230506.9757055,141285,192.16824,23364278.8373177,0
2025-10-08 00:00:00,121332.96,122089.68,121276.0,121914.09,651.73891,2025-10-08 00:59:59.999,79312470.8722857,210770,357.82984,43550795.1468609,0
2025-10-08 01:00:00,121914.09,122056.0,121605.75,121950.01,519.56378,2025-10-08 01:59:59.999,63323723.2518273,190289,279.50562,34064319.7581634,0
2025-10-08 02:00:00,121950.0,122229.66,121825.74,122048.28,534.11266,2025-10-08 02:59:59.999,65175580.1055572,120928,297.56396,36310088.1354053,0
2025-10-08 03:00:00,122048.28,122048.28,121200.0,121374.75,701.35291,2025-10-08 03:59:59.999,85260832.8822083,169452,229.51024,27900459.026552,0
2025-10-08 04:00:00,121374.76,121910.24,121066.14,121900.0,712.4618,2025-10-08 04:59:59.999,86592679.2182484,136572,339.33253,41250873.379631,0
2025-10-08 05:00:00,121900.01,121900.01,121173.86,121374.01,708.85271,2025-10-08 05:59:59.999,86121873.4316012,160802,319.40392,38797037.1912101,0
2025-10-08 06:00:00,121374.02,121841.54,121068.96,121784.29,552.19718,2025-10-08 06:59:59.999,67073760.124134,130046,280.73613,34108638.6693604,0
2025-10-08 07:00:00,121784.3,121872.37,121311.91,121597.06,697.34775,2025-10-08 07:59:59.999,84776449.0978538,158094,348.98749,42419762.0438606,0
2025-10-08 08:00:00,121597.05,122850.0,121524.01,122381.85,1462.35304,2025-10-08 08:59:59.999,178628250.7493318,260833,1000.81644,122225434.8064469,0
2025-10-08 09:00:00,122381.84,122644.0,122381.84,122516.98,474.15682,2025-10-08 09:59:59.999,58089330.7846667,133730,269.30368,32991957.4761102,0
2025-10-08 10:00:00,122516.99,123100.0,122498.05,122934.6,654.29848,2025-10-08 10:59:59.999,80373017.7004257,159928,334.44613,41078271.1086704,0
2025-10-08 11:00:00,122934.61,123200.0,122743.36,122884.14,817.9321,2025-10-08 11:59:59.999,100607964.8521149,126932,455.02003,55968201.6912597,0
2025-10-08 12:00:00,122884.14,123090.75,122542.27,122631.52,464.2609,2025-10-08 12:59:59.999,57008867.632915,133714,244.69114,30054196.9341477,0
2025-10-08 13:00:00,122631.52,122774.96,121649.68,122599.04,886.89853,2025-10-08 13:59:59.999,108456310.808876,296424,423.30833,51778032.4511937,0
2025-10-08 14:00:00,122599.04,123350.0,122112.16,122320.0,1462.74459,2025-10-08 14:59:59.999,179601439.5800304,395438,824.61313,101261687.0101099,0
2025-10-08 15:00:00,122319.99,122622.55,121954.34,122189.72,559.46428,2025-10-08 15:59:59.999,68406315.8252153,213646,268.75121,32863165.7145259,0
2025-10-08 16:00:00,122189.72,123129.23,122110.08,123051.03,641.94768,2025-10-08 16:59:59.999,78779346.2187664,200095,373.2997,45810230.0096809,0
2025-10-08 17:00:00,123051.02,124164.36,122958.05,124033.19,1336.46427,2025-10-08 17:59:59.999,165313096.7052705,288760,774.86339,95840423.912872,0
2025-10-08 18:00:00,124033.19,124197.25,123415.58,123460.22,1152.35838,2025-10-08 18:59:59.999,142551229.8623421,241238,664.48835,82185536.5738341,0
2025-10-08 19:00:00,123460.21,123759.94,123160.82,123450.0,664.75988,2025-10-08 19:59:59.999,82081688.2767109,166737,297.46394,36733988.4141199,0
2025-10-08 20:00:00,123450.01,123737.0,122814.0,122856.69,673.60553,2025-10-08 20:59:59.999,83031052.6269751,110960,321.89285,39709595.610015,0
2025-10-08 21:00:00,122856.7,123332.01,122794.4,123277.33,261.93729,2025-10-08 21:59:59.999,32257472.7529681,75933,140.80156,17341085.7092772,0
2025-10-08 22:00:00,123277.34,123416.73,123200.81,123200.82,132.25319,2025-10-08 22:59:59.999,16309410.9110017,46563,56.03969,6910629.5266677,0
2025-10-08 23:00:00,123200.82,123537.11,123056.31,123306.0,289.55534,2025-10-08 23:59:59.999,35710678.1702904,57113,136.39292,16821854.3948847,0
2025-10-09 00:00:00,123306.01,123348.32,122839.15,122839.15,383.1891,2025-10-09 00:59:59.999,47153599.0682719,95543,120.49772,14828994.8215923,0
2025-10-09 01:00:00,122839.16,122857.32,122339.41,122548.23,649.56359,2025-10-09 01:59:59.999,79593603.4284253,136727,295.9262,36264231.8178395,0
2025-10-09 02:00:00,122548.23,122548.23,121475.98,121617.81,831.85568,2025-10-09 02:59:59.999,101407662.8985774,205392,353.91407,43138933.1830988,0
2025-10-09 03:00:00,121617.81,122120.28,121603.59,122038.01,454.57002,2025-10-09 03:59:59.999,55423421.6652814,110719,291.27649,35509885.4754576,0
2025-10-09 04:00:00,122038.01,122264.0,121904.81,122144.7,328.47326,2025-10-09 04:59:59.999,40096346.1144057,95024,191.12455,23328902.1482726,0
2025-10-09 05:00:00,122144.7,122196.99,121823.94,122100.92,394.74775,2025-10-09 05:59:59.999,48156459.749768,86783,181.94327,22194358.9694422,0
2025-10-09 06:00:00,122100.92,122185.98,121883.43,121957.32,336.40438,2025-10-09 06:59:59.999,41049285.5656313,79939,108.21434,13204412.8927697,0
2025-10-09 07:00:00,121957.32,122067.61,121724.71,121906.1,391.52251,2025-10-09 07:59:59.999,47730522.0502198,89628,197.54775,24083090.9366221,0
2025-10-09 08:00:00,121906.09,121960.97,121145.49,121261.62,951.24212,2025-10-09 08:59:59.999,115537435.3816511,205343,426.48165,51802049.0067412,0
2025-10-09 09:00:00,121261.62,121855.44,121261.62,121813.04,495.55613,2025-10-09 09:59:59.999,60293499.9138798,141012,292.5431,35596090.6796376,0
2025-10-09 10:00:00,121813.04,122340.0,121650.22,122170.27,462.62367,2025-10-09 10:59:59.999,56463364.3232502,125720,251.75921,30723584.2941418,0
2025-10-09 11:00:00,122170.26,122833.02,122170.26,122737.57,780.01914,2025-10-09 11:59:59.999,95619191.7608863,142011,350.6144,42964289.2352909,0
2025-10-09 12:00:00,122737.56,123762.94,122709.1,123563.38,1483.31285,2025-10-09 12:59:59.999,182838674.9616508,211431,903.25445,111343244.8969945,0
2025-10-09 13:00:00,123563.38,123658.38,122277.76,122415.74,1233.13253,2025-10-09 13:59:59.999,151683394.7356423,316952,519.59055,63912052.5905921,0
2025-10-09 14:00:00,122415.74,122608.0,120736.96,121315.0,2613.44219,2025-10-09 14:59:59.999,317903488.2862938,453507,1090.67017,132655185.0205699,0
2025-10-09 15:00:00,121315.01,121734.27,120673.99,121147.14,1236.17443,2025-10-09 15:59:59.999,149733306.0628728,275981,618.96709,74976168.2036705,0
2025-10-09 16:00:00,121147.15,121481.9,119707.29,119819.77,2831.42858,2025-10-09 16:59:59.999,341484350.6052772,319239,1224.67931,147737752.4113482,0
2025-10-09 17:00:00,119819.76,121046.15,119651.47,120974.0,1671.39797,2025-10-09 17:59:59.999,201081966.91739488,320107,811.59249,97664505.1415254,0
2025-10-09 18:00:00,120971.22,121100.0,120396.0,120649.32,956.31004,2025-10-09 18:59:59.999,115413353.3637546,203640,304.11404,36702691.7333527,0
2025-10-09 19:00:00,120649.33,121108.12,120649.32,120951.72,714.9231,2025-10-09 19:59:59.999,86448379.5836301,177036,255.17297,30853634.2983033,0
2025-10-09 20:00:00,120951.72,121199.97,120838.0,121109.09,743.67096,2025-10-09 20:59:59.999,89991918.7410206,122544,355.25314,42997683.3064833,0
2025-10-09 21:00:00,121109.08,121512.7,121065.77,121461.02,436.22306,2025-10-09 21:59:59.999,52931107.4517038,94821,257.06086,31185920.6429226,0
2025-10-09 22:00:00,121461.03,121768.01,121411.55,121686.19,467.98367,2025-10-09 22:59:59.999,56904857.2855456,107920,312.23728,37964554.9220777,0
2025-10-09 23:00:00,121686.19,121900.0,121341.22,121662.4,711.59334,2025-10-09 23:59:59.999,86498897.6516984,114148,429.71854,52250616.9354924,0
2025-10-10 00:00:00,121662.41,121863.74,121595.75,121745.27,292.90359,2025-10-10 00:59:59.999,35652349.4609657,93550,158.14349,19248890.3670265,0
2025-10-10 01:00:00,121745.26,121874.13,121489.06,121623.97,353.28358,2025-10-10 01:59:59.999,42994752.5483503,124078,165.83093,20183744.3851248,0
2025-10-10 02:00:00,121623.96,121651.33,120900.0,121059.73,812.25118,2025-10-10 02:59:59.999,98467192.2867231,138688,340.21518,41235712.6821967,0
2025-10-10 03:00:00,121059.73,121575.99,120909.15,121026.01,636.2431,2025-10-10 03:59:59.999,77160741.4056474,160334,291.46452,35358337.3656958,0
2025-10-10 04:00:00,121026.0,121388.58,121018.33,121234.51,480.17378,2025-10-10 04:59:59.999,58204132.5551849,139130,221.67499,26870595.2620149,0
2025-10-10 05:00:00,121234.52,121604.49,120986.08,121583.89,503.29572,2025-10-10 05:59:59.999,61049726.1324892,110219,218.61337,26517098.2792705,0
2025-10-10 06:00:00,121583.89,121754.34,121265.26,121378.18,687.86577,2025-10-10 06:59:59.999,83647289.6345911,158153,402.67304,48978291.8279424,0
2025-10-10 07:00:00,121378.19,121388.61,120855.41,120932.05,895.21452,2025-10-10 07:59:59.999,108449962.6907803,189371,209.15192,25341299.2442686,0
2025-10-10 08:00:00,120932.05,121660.43,120916.44,121631.54,433.113,2025-10-10 08:59:59.999,52521354.0808088,131414,262.31356,31818205.1268377,0
2025-10-10 09:00:00,121631.54,121777.07,121276.56,121314.73,473.35018,2025-10-10 09:59:59.999,57542235.3382148,132853,251.69031,30595684.1600082,0
2025-10-10 10:00:00,121314.73,121543.59,121228.83,121496.33,289.70624,2025-10-10 10:59:59.999,35160537.4819241,92348,155.80866,18910327.9450815,0
2025-10-10 11:00:00,121496.34,121661.62,121424.5,121554.55,357.66752,2025-10-10 11:59:59.999,43471194.0333406,89160,166.07431,20186146.4242306,0
2025-10-10 12:00:00,121554.55,121682.42,121420.0,121597.21,288.32785,2025-10-10 12:59:59.999,35041642.1989805,81530,108.79475,13221908.2830909,0
2025-10-10 13:00:00,121597.22,122550.0,121384.6,121684.2,1452.77007,2025-10-10 13:59:59.999,177202298.9476427,369262,816.92306,99644395.8054257,0
2025-10-10 14:00:00,121684.18,122069.76,120479.2,120493.17,1335.80488,2025-10-10 14:59:59.999,161937499.7058658,380943,643.30396,78007892.994123,0
2025-10-10 15:00:00,120493.16,120626.55,118500.0,119018.98,4690.68973,2025-10-10 15:59:59.999,560411074.466988,901223,2100.87644,251064186.3153054,0
2025-10-10 16:00:00,119018.99,119456.28,118205.6,118205.61,2074.44286,2025-10-10 16:59:59.999,246481738.73793167,487089,1019.63796,121202184.1853876,0
2025-10-10 17:00:00,118205.61,118427.51,117579.79,117623.8,2197.93519,2025-10-10 17:59:59.999,259220194.40434632,508132,951.70631,112238851.2830344,0
2025-10-10 18:00:00,117623.8,117851.5,117237.0,117237.7,1448.7532,2025-10-10 18:59:59.999,170295848.54873,341279,665.43277,78231100.8756953,0
2025-10-10 19:00:00,117237.7,117341.92,115952.47,116661.5,2733.41302,2025-10-10 19:59:59.999,318809847.87987286,686173,1157.19505,134947143.5911129,0
2025-10-10 20:00:00,116661.5,117214.64,113039.0,114266.82,4454.56036,2025-10-10 20:59:59.999,513614429.9700123,575647,2088.62295,240809017.78038728,0
2025-10-10 21:00:00,114266.82,115112.69,102000.0,113451.86,22932.63034,2025-10-10 21:59:59.999,2527603344.6880045,3520247,10873.73275,1199586900.8512628,0
2025-10-10 22:00:00,113451.87,114109.03,110879.69,113700.0,9370.17448,2025-10-10 22:59:59.999,1059509554.2738702,1191720,4746.81954,536738691.177768,0
2025-10-10 23:00:00,113700.0,114807.41,112652.76,112774.5,4977.36911,2025-10-10 23:59:59.999,565301963.5698924,801979,2485.44315,282361846.63371634,0
2025-10-11 00:00:00,112774.49,113178.66,111620.3,112514.58,3620.32878,2025-10-11 00:59:59.999,406962567.64414704,535995,1693.36537,190393554.744937,0
2025-10-11 01:00:00,112514.57,112530.01,111019.43,111095.37,2796.42603,2025-10-11 01:59:59.999,312065373.1527493,527037,1171.32577,130718500.1189132,0
2025-10-11 02:00:00,111095.38,113297.92,111082.0,113196.48,2926.55879,2025-10-11 02:59:59.999,328762276.109851,513007,1446.39706,162466174.1839001,0
2025-10-11 03:00:00,113196.48,113322.39,111800.0,112300.01,2190.21309,2025-10-11 03:59:59.999,245890823.7683516,450463,799.71731,89756901.3446755,0
2025-10-11 04:00:00,112300.0,112991.16,111700.0,112945.79,1446.73937,2025-10-11 04:59:59.999,162483221.1215759,273712,726.28979,81605330.0015406,0
2025-10-11 05:00:00,112945.79,112945.79,111992.85,112389.48,1256.8701,2025-10-11 05:59:59.999,141222112.2903879,246597,574.04987,64508057.2517689,0
2025-10-11 06:00:00,112389.48,112753.91,112000.0,112045.99,1208.64004,2025-10-11 06:59:59.999,135744670.3004462,249655,501.8403,56371575.8710691,0
2025-10-11 07:00:00,112046.0,112084.61,110090.29,110384.61,3230.51321,2025-10-11 07:59:59.999,358510333.98821366,458539,1242.22276,137825836.9744502,0
2025-10-11 08:00:00,110384.6,111535.29,110162.23,111328.38,1981.19694,2025-10-11 08:59:59.999,219643242.8890268,366774,886.47971,98279802.5389208,0
2025-10-11 09:00:00,111328.38,111887.19,111274.41,111642.78,1627.2836,2025-10-11 09:59:59.999,181663129.1114452,286202,692.39434,77292077.6432792,0
2025-10-11 10:00:00,111642.78,112271.34,111621.77,112114.64,1350.7519,2025-10-11 10:59:59.999,151293630.0058543,213944,625.51856,70071705.5725653,0
2025-10-11 11:00:00,112114.63,112359.67,111700.0,112280.0,969.90748,2025-10-11 11:59:59.999,108751283.9162427,150603,488.4093,54775435.3291231,0
2025-10-11 12:00:00,112280.01,112466.66,112037.98,112380.14,997.55713,2025-10-11 12:59:59.999,111967714.8844786,159011,401.92238,45119048.011465,0
2025-10-11 13:00:00,112380.13,112500.0,111890.33,112267.86,973.48531,2025-10-11 13:59:59.999,109263053.3349435,194177,324.68061,36440612.5119842,0
2025-10-11 14:00:00,112267.86,112342.11,111890.29,111991.97,1058.55252,2025-10-11 14:59:59.999,118639512.9758089,139861,350.76836,39318836.8727928,0
2025-10-11 15:00:00,111991.97,112385.93,111793.2,111793.2,651.64855,2025-10-11 15:59:59.999,73045738.9798805,156988,287.1189,32189017.3014735,0
2025-10-11 16:00:00,111793.21,112089.92,111442.91,111846.18,834.57688,2025-10-11 16:59:59.999,93278171.9563927,182229,395.62612,44220746.5903675,0
2025-10-11 17:00:00,111846.18,112185.53,111715.99,112005.57,678.72551,2025-10-11 17:59:59.999,76011964.622766,128154,290.67034,32549061.5779719,0
2025-10-11 18:00:00,112005.56,112025.4,111836.45,111955.27,292.78948,2025-10-11 18:59:59.999,32769682.1151342,76419,121.59131,13608095.5796303,0
2025-10-11 19:00:00,111955.27,112025.4,110865.82,111178.31,1332.81972,2025-10-11 19:59:59.999,148374697.5251706,291218,584.37068,65067173.8057075,0
2025-10-11 20:00:00,111178.3,111368.29,109653.65,110244.98,1752.53778,2025-10-11 20:59:59.999,193553687.3771136,405228,704.40023,77800180.451305,0
2025-10-11 21:00:00,110244.98,111000.0,109561.59,110893.54,1099.41658,2025-10-11 21:59:59.999,121281121.6574943,281944,505.36445,55775144.3078806,0
2025-10-11 22:00:00,110893.55,111291.61,110652.0,111043.27,571.096,2025-10-11 22:59:59.999,63386544.4990942,175228,307.26516,34102597.0193982,0
2025-10-11 23:00:00,111043.26,111114.46,110644.0,110644.4,599.88173,2025-10-11 23:59:59.999,66504919.0045676,198944,254.15928,28174133.9618327,0
2025-10-12 00:00:00,110644.4,110685.63,109565.06,109641.54,1171.55172,2025-10-12 00:59:59.999,129006412.4861787,252550,465.95047,51309889.7706759,0
2025-10-12 01:00:00,109641.54,110318.01,109641.46,109978.56,1205.41028,2025-10-12 01:59:59.999,132543059.4328023,279811,700.44096,77017474.200422,0
2025-10-12 02:00:00,109978.56,110708.89,109600.0,110119.02,1047.04823,2025-10-12 02:59:59.999,115296194.9649641,258535,553.42803,60938082.5121091,0
2025-10-12 03:00:00,110119.02,111368.14,110002.2,110676.0,1361.57401,2025-10-12 03:59:59.999,150888798.1108627,317704,757.14106,83908344.0865065,0
2025-10-12 04:00:00,110676.0,111957.14,110617.1,111524.87,887.82401,2025-10-12 04:59:59.999,98849635.735587,226728,477.36874,53153203.526226,0
2025-10-12 05:00:00,111524.87,111816.04,111188.0,111700.38,537.50918,2025-10-12 05:59:59.999,59938865.4719777,144624,269.84199,30100589.2506968,0
2025-10-12 06:00:00,111700.38,112125.51,111616.0,111686.01,764.04714,2025-10-12 06:59:59.999,85423227.7253561,126863,405.92184,45381947.786487,0
2025-10-12 07:00:00,111686.02,111933.85,111491.09,111525.2,541.91728,2025-10-12 07:59:59.999,60505020.8832043,109717,324.12493,36189909.1136914,0
2025-10-12 08:00:00,111525.19,111798.99,111300.0,111310.9,573.49914,2025-10-12 08:59:59.999,63976532.5605454,146354,311.77252,34780094.9195611,0
2025-10-12 09:00:00,111310.9,111920.01,111139.87,111837.04,596.04536,2025-10-12 09:59:59.999,66468243.6096964,146423,324.04302,36141319.3245188,0
2025-10-12 10:00:00,111837.05,112026.63,111450.0,111651.64,536.97781,2025-10-12 10:59:59.999,59994072.7870895,136335,288.23704,32202909.8552838,0
2025-10-12 11:00:00,111651.64,112133.33,111477.61,111848.36,1104.29864,2025-10-12 11:59:59.999,123488909.1197235,174097,718.17717,80303857.5634139,0
2025-10-12 12:00:00,111848.35,112250.0,111555.0,111789.6,1014.55206,2025-10-12 12:59:59.999,113556678.4434884,153597,542.82857,60769015.4065061,0
2025-10-12 13:00:00,111789.61,111934.51,111265.99,111297.52,1163.81644,2025-10-12 13:59:59.999,129934595.4788524,190614,397.54018,44388218.4154775,0
2025-10-12 14:00:00,111297.51,112990.9,111177.75,112338.1,2798.771,2025-10-12 14:59:59.999,313768481.0171882,420603,1577.08692,176670211.6111007,0
2025-10-12 15:00:00,112338.11,113745.84,112078.0,113198.2,4043.27714,2025-10-12 15:59:59.999,456844580.3576644,597701,2136.23955,241398403.701743,0
2025-10-12 16:00:00,113198.2,114700.0,113198.2,114069.35,3600.56207,2025-10-12 16:59:59.999,410206269.67948645,514188,2016.05708,229672041.25650367,0
2025-10-12 17:00:00,114069.35,114466.94,113516.38,113799.99,1614.34137,2025-10-12 17:59:59.999,184234181.3014358,297963,863.97425,98610711.5036775,0
2025-10-12 18:00:00,113799.99,114236.87,113553.81,113878.93,817.9254,2025-10-12 18:59:59.999,93138171.7537617,190567,442.49796,50390174.4543647,0
2025-10-12 19:00:00,113878.93,114396.69,113826.65,114342.28,602.52008,2025-10-12 19:59:59.999,68810505.5105247,141415,363.22149,41478614.0630476,0
2025-10-12 20:00:00,114342.28,115468.65,114342.27,114927.97,1817.36254,2025-10-12 20:59:59.999,208931024.6815091,314159,955.22091,109829564.3137616,0
2025-10-12 21:00:00,114927.97,115600.0,114217.75,114882.06,1611.66087,2025-10-12 21:59:59.999,185182971.66789472,299742,690.08354,79308711.8282473,0
2025-10-12 22:00:00,114882.06,115770.0,114882.06,115221.4,1743.39625,2025-10-12 22:59:59.999,201126227.85862768,385585,803.84133,92736949.4022165,0
2025-10-12 23:00:00,115221.4,115350.8,114733.65,114958.8,1099.4147,2025-10-12 23:59:59.999,126433868.1017345,222700,530.40578,60996241.3110124,0
2025-10-13 00:00:00,114958.81,115888.0,114766.69,115280.84,1480.23716,2025-10-13 00:59:59.999,170571146.5985363,376696,909.72003,104815271.5829812,0
2025-10-13 01:00:00,115280.83,115750.0,115079.18,115713.32,814.49823,2025-10-13 01:59:59.999,94019638.58352,293846,446.04683,51484484.5649717,0
2025-10-13 02:00:00,115713.31,115963.81,115001.62,115319.97,982.84078,2025-10-13 02:59:59.999,113379577.9803905,245468,436.24026,50343604.3280674,0
2025-10-13 03:00:00,115319.98,115613.7,114619.45,114821.12,846.03241,2025-10-13 03:59:59.999,97353257.1090527,248844,382.32024,43988940.545306,0
2025-10-13 04:00:00,114821.13,115000.0,114398.24,114708.15,1086.01022,2025-10-13 04:59:59.999,124565471.4053425,226061,405.89237,46564959.3099371,0
2025-10-13 05:00:00,114708.15,114834.7,114500.02,114611.82,834.97755,2025-10-13 05:59:59.999,95695199.7872376,139114,203.92241,23377726.3095144,0
2025-10-13 06:00:00,114611.82,115379.84,114417.77,115221.22,599.41221,2025-10-13 06:59:59.999,68929407.5064518,170644,359.76512,41371819.6481896,0
2025-10-13 07:00:00,115221.23,115554.83,115034.0,115399.67,916.61315,2025-10-13 07:59:59.999,105726868.6393954,200286,493.70686,56950658.0272515,0
2025-10-13 08:00:00,115399.66,115438.17,115138.0,115254.23,644.85187,2025-10-13 08:59:59.999,74352329.0376148,146493,289.33898,33360454.9366538,0
2025-10-13 09:00:00,115254.23,115254.23,114748.38,115127.04,1037.56556,2025-10-13 09:59:59.999,119344910.6608493,181142,384.83605,44258485.9917991,0
2025-10-13 10:00:00,115127.05,115162.0,114740.34,114810.62,896.68402,2025-10-13 10:59:59.999,103043688.9321753,185116,299.81899,34453470.6014359,0
2025-10-13 11:00:00,114810.61,114810.61,113616.5,114180.0,1981.76101,2025-10-13 11:59:59.999,226354806.93362436,361059,945.27448,107943350.8231992,0
2025-10-13 12:00:00,114180.0,114748.97,113931.16,114474.66,1116.21352,2025-10-13 12:59:59.999,127682296.2563964,267092,457.87271,52369616.8822374,0
2025-10-13 13:00:00,114412.25,114543.66,114400.8,114485.13,32.00184,2025-10-13 13:59:59.999000,3663728.6847223,12546,17.14891,1963298.8782835,0
2025-10-13 14:00:00,115345.79,115476.18,113800.01,114036.63,1434.88366,2025-10-13 14:59:59.999000,164444093.53252680,477275,622.83119000,71370371.59586980,0
2025-10-13 15:00:00,114036.63,114727.95,113968.02,114312.1,1078.57574,2025-10-13 15:59:59.999000,123314088.56497890,332392,490.04911000,56037420.81405890,0
2025-10-13 16:00:00,114312.09,115174.0,114270.89,114669.24,985.04262,2025-10-13 16:59:59.999000,112938015.27098270,274097,568.05119000,65120954.08314520,0
2025-10-13 17:00:00,114669.25,115053.43,114215.79,115040.55,669.90056,2025-10-13 17:59:59.999000,76765974.40100960,213118,385.20636000,44144992.23721290,0
2025-10-13 18:00:00,115040.55,115377.48,114710.0,115160.63,724.92234,2025-10-13 18:59:59.999000,83384229.16077410,222970,374.77868000,43107197.59815390,0
2025-10-13 19:00:00,115160.63,115891.3,115070.0,115792.84,989.05749,2025-10-13 19:59:59.999000,114296593.92042550,219557,598.74647000,69193884.31901310,0
2025-10-13 20:00:00,115792.84,115868.0,115400.0,115713.37,419.35754,2025-10-13 20:59:59.999000,48481108.34373850,128874,223.85473000,25878990.01117900,0
2025-10-13 21:00:00,115713.37,115786.04,115553.33,115700.0,221.7783,2025-10-13 21:59:59.999000,25649513.28731190,77744,110.08292000,12731563.77111580,0
2025-10-13 22:00:00,115700.0,115835.04,115442.67,115507.19,332.95022,2025-10-13 22:59:59.999000,38505391.89365910,97554,164.80784000,19061806.74081400,0
2025-10-13 23:00:00,115507.2,115507.2,115005.44,115166.0,554.61822,2025-10-13 23:59:59.999000,63929309.63750220,122790,199.97891000,23049601.31751100,0
2025-10-14 00:00:00,115166.0,115409.96,114871.93,114959.03,759.03973,2025-10-14 00:59:59.999000,87397971.62997880,217867,229.74933000,26454230.21258410,0
2025-10-14 01:00:00,114959.02,114991.99,114137.93,114274.57,705.31924,2025-10-14 01:59:59.999000,80816891.11345460,181708,238.10266000,27279413.42053400,0
2025-10-14 02:00:00,114274.57,114298.08,113647.05,113647.05,851.40075,2025-10-14 02:59:59.999000,96982662.47862080,192901,363.19440000,41370230.63674440,0
2025-10-14 03:00:00,113647.05,113700.0,113279.76,113500.0,1141.08489,2025-10-14 03:59:59.999000,129477050.53133560,212656,492.16725000,55839999.37265770,0
2025-10-14 04:00:00,113500.0,113599.99,112787.0,113062.09,1189.90441,2025-10-14 04:59:59.999000,134653654.79569570,275272,514.95059000,58269036.38826380,0
2025-10-14 05:00:00,113062.09,113691.0,112390.0,112493.11,1796.26245,2025-10-14 05:59:59.999000,202937572.45606960,362209,752.41540000,85030927.79217730,0
2025-10-14 06:00:00,112493.1,112699.21,111355.01,111987.38,1853.68057,2025-10-14 06:59:59.999000,207788972.97096700,360281,746.38759000,83652961.07940710,0
2025-10-14 07:00:00,111987.39,112194.0,111445.72,111724.41,1446.45172,2025-10-14 07:59:59.999000,161708452.09035790,396358,706.18259000,78945718.75007940,0
2025-10-14 08:00:00,111724.41,112140.0,111513.63,111803.33,979.88421,2025-10-14 08:59:59.999000,109565216.20710130,244527,479.05560000,53572251.53141630,0
2025-10-14 09:00:00,111803.33,112000.0,111055.91,111287.89,937.93171,2025-10-14 09:59:59.999000,104596634.11888370,248163,393.56782000,43890806.05792460,0
2025-10-14 10:00:00,111287.9,111336.11,110012.24,110623.58,1937.91268,2025-10-14 10:59:59.999000,214344621.55027310,431876,848.68335000,93849293.78317570,0
2025-10-14 11:00:00,110623.58,111630.28,110614.25,111313.98,1426.10618,2025-10-14 11:59:59.999000,158709707.72283610,361315,791.46849000,88065199.51436280,0
2025-10-14 12:00:00,111313.98,111361.15,110737.29,110803.28,976.90627,2025-10-14 12:59:59.999000,108494534.47805090,324830,381.13010000,42332408.69997060,0
2025-10-14 13:00:00,110803.29,111329.71,109866.0,111014.38,2420.02151,2025-10-14 13:59:59.999000,267590577.45657770,566198,1193.00926000,131941064.38012130,0
2025-10-14 14:00:00,111014.38,112200.0,110905.73,111435.21,2108.64964,2025-10-14 14:59:59.999000,235361558.69759740,516690,1218.32991000,136002736.39623760,0
2025-10-14 15:00:00,111435.2,112943.82,111062.15,112900.43,1681.40989,2025-10-14 15:59:59.999000,188303922.79786510,400126,1021.03250000,114408378.31213430,0
2025-10-14 16:00:00,112900.44,113187.62,112189.42,112328.83,2429.54292,2025-10-14 16:59:59.999000,273666036.79033480,494873,1172.71903000,132118033.42242890,0
2025-10-14 17:00:00,112328.83,112933.65,111692.31,112774.97,2031.41315,2025-10-14 17:59:59.999000,228641270.81891540,438175,886.11329000,99742742.29742430,0
2025-10-14 18:00:00,112774.98,113450.0,112662.72,112861.36,1289.26282,2025-10-14 18:59:59.999000,145767633.00033700,303305,729.10948000,82444503.22306250,0
2025-10-14 19:00:00,112861.36,113544.53,112021.59,112613.7,1685.79274,2025-10-14 19:59:59.999000,190148677.63340730,371712,854.52748000,96413898.78812270,0
2025-10-14 20:00:00,112613.69,113008.47,112230.46,112992.87,564.85759,2025-10-14 20:59:59.999000,63650233.65245650,152644,267.50482000,30151250.05667870,0
2025-10-14 21:00:00,112992.88,113186.0,112683.58,113128.7,561.06072,2025-10-14 21:59:59.999000,63335078.32045470,107909,224.61341000,25365391.24647650,0
2025-10-14 22:00:00,113128.7,113577.0,112822.16,113211.87,588.63193,2025-10-14 22:59:59.999000,66657021.82077820,135875,252.57724000,28607754.16941980,0
2025-10-14 23:00:00,113211.87,113520.0,112998.22,113028.14,507.80202,2025-10-14 23:59:59.999000,57544825.67614950,128172,187.60038000,21263163.10297630,0
2025-10-15 00:00:00,113028.13,113112.41,112602.02,112993.86,1081.3257,2025-10-15 00:59:59.999000,122045363.60710780,244576,325.42728000,36728294.96632630,0
2025-10-15 01:00:00,112993.85,113005.57,112326.26,112738.17,870.72777,2025-10-15 01:59:59.999000,98072155.62543310,215076,362.56732000,40835905.13307350,0
2025-10-15 02:00:00,112738.17,113612.35,112673.9,112809.94,812.09712,2025-10-15 02:59:59.999000,91861280.17454070,250329,368.85412000,41725118.84316760,0
2025-10-15 03:00:00,112809.94,112866.77,111825.93,112024.29,762.39853,2025-10-15 03:59:59.999000,85554053.62870140,242549,265.19669000,29758895.51179340,0
2025-10-15 04:00:00,112024.3,112465.5,111746.76,112344.81,1145.73005,2025-10-15 04:59:59.999000,128434509.23370690,219069,479.17771000,53732325.28848920,0
2025-10-15 05:00:00,112344.81,112659.0,112188.74,112431.95,623.36683,2025-10-15 05:59:59.999000,70085321.72139570,159515,298.74379000,33587562.75984150,0
2025-10-15 06:00:00,112431.95,112563.8,111896.07,112460.47,740.50832,2025-10-15 06:59:59.999000,83103582.75538660,152503,368.29166000,41334638.08134900,0
2025-10-15 07:00:00,112460.48,112680.0,112235.76,112584.5,932.59854,2025-10-15 07:59:59.999000,104885327.80977070,153126,479.97538000,53981948.66373210,0
2025-10-15 08:00:00,112584.49,113520.88,112550.0,112944.85,1236.8164,2025-10-15 08:59:59.999000,139852767.32128680,217816,707.59973000,80009569.74620390,0
2025-10-15 09:00:00,112944.84,113127.39,112380.8,112564.01,848.43925,2025-10-15 09:59:59.999000,95647302.38740610,164180,404.79234000,45624122.55974860,0
2025-10-15 10:00:00,112564.0,112645.61,112072.86,112266.71,847.65271,2025-10-15 10:59:59.999000,95254768.46060350,140654,317.18758000,35638760.29101930,0
2025-10-15 11:00:00,112266.7,112600.0,111693.26,111905.73,766.17498,2025-10-15 11:59:59.999000,85851681.91511080,160142,384.91903000,43133452.47888700,0
2025-10-15 12:00:00,111905.72,112085.68,111400.0,111711.25,1005.50463,2025-10-15 12:59:59.999000,112311551.95249200,201267,406.33822000,45388749.41337400,0
2025-10-15 13:00:00,111711.25,112011.75,110725.4,111389.0,1971.0633,2025-10-15 13:59:59.999000,219457054.20339700,379779,899.50509000,100145707.03663950,0
2025-10-15 14:00:00,111389.01,112238.41,110800.0,111059.76,1777.74911,2025-10-15 14:59:59.999000,198331215.93273550,417031,833.36303000,93014691.91290590,0
2025-10-15 15:00:00,111059.77,111588.69,110400.0,110798.01,1836.18334,2025-10-15 15:59:59.999000,203593123.20023690,402082,931.41756000,103300515.21308150,0
2025-10-15 16:00:00,110798.01,111125.18,110602.8,110748.0,830.13195,2025-10-15 16:59:59.999000,92008929.06909590,263160,383.28062000,42483573.76650580,0
2025-10-15 17:00:00,110748.0,111186.78,110164.0,111186.78,1335.06163,2025-10-15 17:59:59.999000,147535359.26124280,290492,609.96388000,67422567.39321830,0
2025-10-15 18:00:00,111186.77,111512.41,110826.21,111444.76,562.70484,2025-10-15 18:59:59.999000,62566845.93058180,178238,321.08447000,35708440.79299630,0
2025-10-15 19:00:00,111444.76,111557.7,111099.33,111271.73,589.84937,2025-10-15 19:59:59.999000,65657474.59957910,168462,276.09635000,30734856.29901000,0
2025-10-15 20:00:00,111271.73,111556.27,110515.84,111109.76,852.76487,2025-10-15 20:59:59.999000,94735652.49579110,188757,361.02121000,40118185.96552120,0
2025-10-15 21:00:00,111109.77,111424.69,110500.0,110854.19,779.36355,2025-10-15 21:59:59.999000,86461203.87350400,191687,345.51245000,38329724.86855990,0
2025-10-15 22:00:00,110854.2,111395.82,110667.97,110667.97,422.7399,2025-10-15 22:59:59.999000,46941074.41855090,128830,217.97815000,24207299.19331880,0
2025-10-15 23:00:00,110667.97,111006.0,110590.1,110763.28,355.53542,2025-10-15 23:59:59.999000,39392041.77511150,113821,151.02465000,16733888.74201130,0
2025-10-16 00:00:00,110763.28,110856.11,110361.0,110431.27,753.8893,2025-10-16 00:59:59.999000,83362054.09324990,230013,218.25073000,24134216.04164090,0
2025-10-16 01:00:00,110431.27,111330.0,110417.32,111299.99,776.36767,2025-10-16 01:59:59.999000,86126102.82676740,178023,367.47763000,40770114.38037090,0
2025-10-16 02:00:00,111300.0,111562.24,111014.12,111510.43,544.40968,2025-10-16 02:59:59.999000,60622449.56113150,145309,277.03184000,30849017.11410560,0
2025-10-16 03:00:00,111510.43,111867.17,111271.49,111329.48,640.75803,2025-10-16 03:59:59.999000,71504562.26884030,134286,358.39857000,40006379.59197910,0
2025-10-16 04:00:00,111329.48,111675.21,110800.88,110966.03,573.55869,2025-10-16 04:59:59.999000,63818459.92852830,113246,249.88016000,27805653.20514940,0
2025-10-16 05:00:00,110966.03,111485.03,110750.0,110951.14,831.0631,2025-10-16 05:59:59.999000,92350265.72188510,153456,393.64029000,43739295.48643570,0
2025-10-16 06:00:00,110951.13,111716.86,110922.17,111666.83,576.47831,2025-10-16 06:59:59.999000,64160696.96522140,155828,320.06453000,35616546.16300460,0
2025-10-16 07:00:00,111666.83,111773.7,110553.19,110584.2,1116.0425,2025-10-16 07:59:59.999000,123809367.31996630,185022,503.93881000,55881711.69733620,0
2025-10-16 08:00:00,110584.21,110893.91,110405.0,110817.5,898.50628,2025-10-16 08:59:59.999000,99415024.13966240,169784,368.73401000,40801135.55644290,0
2025-10-16 09:00:00,110817.5,111633.14,109635.15,111146.31,2599.38969,2025-10-16 09:59:59.999000,287629364.78098120,331301,1048.92008000,116058416.84148650,0
2025-10-16 10:00:00,111146.31,111728.7,111021.02,111469.63,1021.52177,2025-10-16 10:59:59.999000,113801350.41072890,205108,445.08430000,49583274.37309000,0
2025-10-16 11:00:00,111469.63,111567.85,111001.44,111404.72,762.70034,2025-10-16 11:59:59.999000,84865385.66373630,140013,308.10708000,34282670.20265260,0
2025-10-16 12:00:00,111404.73,111982.45,111332.18,111519.07,925.41606,2025-10-16 12:59:59.999000,103286259.25055940,168937,490.99017000,54801557.64448980,0
2025-10-16 13:00:00,111519.08,111548.0,110684.32,110860.0,1245.15513,2025-10-16 13:59:59.999000,138419023.35044250,282490,509.58132000,56641615.80017210,0
2025-10-16 14:00:00,110860.0,111420.02,109728.0,110529.34,2218.73,2025-10-16 14:59:59.999000,245121923.26646360,478987,1046.69935000,115676760.20778860,0
2025-10-16 15:00:00,110529.35,110727.35,108361.69,108549.21,3863.5105,2025-10-16 15:59:59.999000,421968747.28208370,546860,1530.66308000,167243590.41854200,0
2025-10-16 16:00:00,108549.21,109254.0,107577.57,109232.43,3658.11859,2025-10-16 16:59:59.999000,396026572.51053050,613715,1575.56805000,170592399.53607760,0
2025-10-16 17:00:00,109232.43,109244.91,108227.54,108276.7,1542.50028,2025-10-16 17:59:59.999000,167543484.98052920,373906,739.80914000,80352547.65129300,0
2025-10-16 18:00:00,108276.69,108656.3,107680.0,108656.19,1228.35335,2025-10-16 18:59:59.999000,132779865.57276580,372952,617.09352000,66707434.96006510,0
2025-10-16 19:00:00,108656.19,108751.02,107685.4,108197.66,1826.2967,2025-10-16 19:59:59.999000,197535838.37971010,397630,734.19035000,79408125.54416040,0
2025-10-16 20:00:00,108197.67,108424.11,107427.0,107838.01,941.04286,2025-10-16 20:59:59.999000,101502899.15912030,311842,401.45727000,43303376.86438640,0
2025-10-16 21:00:00,107838.0,108463.31,107592.0,108443.7,490.84182,2025-10-16 21:59:59.999000,53046654.33046500,157649,226.02027000,24430106.16201930,0
2025-10-16 22:00:00,108443.71,108500.0,107783.76,107798.85,451.11345,2025-10-16 22:59:59.999000,48750876.66085230,144621,200.66837000,21685112.61070030,0
2025-10-16 23:00:00,107798.85,108420.73,107736.56,108194.28,371.40842,2025-10-16 23:59:59.999000,40149266.33769800,136116,194.68227000,21045817.07298810,0
2025-10-17 00:00:00,108194.27,108849.19,107934.4,108800.0,657.03622,2025-10-17 00:59:59.999000,71234768.53989540,205907,339.64084000,36837169.11671720,0
2025-10-17 01:00:00,108799.99,109115.08,108506.79,108839.84,663.22366,2025-10-17 01:59:59.999000,72181257.33664510,172576,362.32650000,39436117.38251420,0
2025-10-17 02:00:00,108839.84,109082.8,108390.21,108972.97,559.71151,2025-10-17 02:59:59.999000,60839819.98137660,146172,275.55975000,29959040.00675700,0
2025-10-17 03:00:00,108972.98,109240.0,108910.45,109176.74,537.9217,2025-10-17 03:59:59.999000,58660103.78887220,132526,331.91240000,36194090.96227020,0
2025-10-17 04:00:00,109176.74,109236.01,108786.0,108787.26,487.87266,2025-10-17 04:59:59.999000,53173732.36252620,122923,206.73839000,22533930.31123190,0
2025-10-17 05:00:00,108787.26,108926.06,108299.12,108381.76,800.45747,2025-10-17 05:59:59.999000,86941124.56121080,146174,334.50952000,36348118.62625700,0
2025-10-17 06:00:00,108381.75,108519.49,106639.79,106741.28,2840.49166,2025-10-17 06:59:59.999000,304789408.18395300,408306,1175.06981000,126077261.27224500,0
2025-10-17 07:00:00,106741.28,106901.85,105542.09,105633.75,3891.25354,2025-10-17 07:59:59.999000,413019031.75904990,571502,1749.85732000,185723895.11298340,0
2025-10-17 08:00:00,105633.75,105716.15,104505.0,104884.38,4632.98336,2025-10-17 08:59:59.999000,486860500.94740410,602584,1953.81320000,205368030.85651180,0
2025-10-17 09:00:00,104884.38,105626.67,104520.7,104531.35,2034.60892,2025-10-17 09:59:59.999000,213811149.07521070,440914,944.38605000,99268738.32260030,0
2025-10-17 10:00:00,104530.0,104926.19,103528.23,104751.99,3620.28453,2025-10-17 10:59:59.999000,377428039.13738010,532064,1619.00664000,168753582.97380180,0
2025-10-17 11:00:00,104751.99,106651.22,104674.0,105683.72,3620.45641,2025-10-17 11:59:59.999000,383110975.62745580,533607,1958.77589000,207289657.22311750,0
2025-10-17 12:00:00,105683.71,106070.14,105227.45,105350.4,1384.38576,2025-10-17 12:59:59.999000,146250649.62350380,318287,671.61781000,70962854.58955510,0
2025-10-17 13:00:00,105350.4,106166.0,104876.19,105835.63,2340.35273,2025-10-17 13:59:59.999000,246915903.25005650,547059,1240.42138000,130893912.19798050,0
2025-10-17 14:00:00,105835.62,105989.01,104533.21,105163.42,1894.44771,2025-10-17 14:59:59.999000,199388208.16662060,539773,904.37002000,95192800.33205830,0
2025-10-17 15:00:00,105163.41,106852.14,105087.29,106803.53,2228.15693,2025-10-17 15:59:59.999000,236173001.10185860,463046,1166.30454000,123646012.66091940,0
2025-10-17 16:00:00,106803.52,107575.6,106239.75,106372.34,1909.04788,2025-10-17 16:59:59.999000,204190669.45487760,430256,879.52032000,94083292.46897030,0
2025-10-17 17:00:00,106372.34,106729.0,106071.42,106453.27,723.50939,2025-10-17 17:59:59.999000,76982675.03305690,289135,397.23937000,42272468.61559400,0
2025-10-17 18:00:00,106453.26,107089.99,106453.26,106647.11,761.17199,2025-10-17 18:59:59.999000,81276124.52298710,262153,440.05858000,46998042.94392830,0
2025-10-17 19:00:00,106647.11,106889.11,106233.65,106454.72,522.73818,2025-10-17 19:59:59.999000,55706128.39964280,212060,234.95477000,25043419.97800500,0
2025-10-17 20:00:00,106457.24,107177.08,106342.47,107021.37,502.81407,2025-10-17 20:59:59.999000,53733341.60388740,168529,270.33424000,28890039.78268260,0
2025-10-17 21:00:00,107021.38,107440.02,107016.87,107301.4,474.97927,2025-10-17 21:59:59.999000,50959672.79964570,122669,229.33771000,24605311.54868190,0
2025-10-17 22:00:00,107301.41,107415.73,106807.5,107000.1,467.14,2025-10-17 22:59:59.999000,50019728.72078740,103843,188.98673000,20239985.25065920,0
2025-10-17 23:00:00,107000.09,107000.1,106392.08,106431.68,365.62283,2025-10-17 23:59:59.999000,38999621.24329760,98620,122.25768000,13036714.92017890,0
2025-10-18 00:00:00,106431.68,106845.52,106322.2,106845.52,471.69377,2025-10-18 00:59:59.999000,50293915.48993980,127763,249.36062000,26589005.71917550,0
2025-10-18 01:00:00,106845.52,107306.06,106824.0,107149.3,525.1252,2025-10-18 01:59:59.999000,56214950.10435120,120830,217.18150000,23249887.58840400,0
2025-10-18 02:00:00,107149.3,107297.87,106493.23,106597.98,923.59727,2025-10-18 02:59:59.999000,98683282.45880940,122465,362.37528000,38731789.40048030,0
2025-10-18 03:00:00,106597.97,107126.55,106573.6,107070.4,747.88716,2025-10-18 03:59:59.999000,79951079.16609650,117710,338.27499000,36151774.04714830,0
2025-10-18 04:00:00,107070.41,107070.41,106439.38,106478.71,738.59104,2025-10-18 04:59:59.999000,78772917.77067530,87094,248.63502000,26514221.16790380,0
2025-10-18 05:00:00,106478.66,106842.5,106478.66,106812.52,357.02039,2025-10-18 05:59:59.999000,38088323.93018640,58183,165.12631000,17615485.31359350,0
2025-10-18 06:00:00,106812.52,106950.0,106711.95,106839.96,582.06053,2025-10-18 06:59:59.999000,62202477.92502860,64888,217.92712000,23288811.46061320,0
2025-10-18 07:00:00,106839.97,107499.0,106607.2,106665.0,1298.66311,2025-10-18 07:59:59.999000,139086748.05363220,168284,575.33254000,61640706.84597560,0
2025-10-18 08:00:00,106665.01,106966.62,106605.93,106719.2,1204.63747,2025-10-18 08:59:59.999000,128636608.65420670,131175,380.06932000,40580641.67439480,0
2025-10-18 09:00:00,106719.2,106938.0,106629.66,106884.41,371.44202,2025-10-18 09:59:59.999000,39659007.80303770,65852,203.07095000,21681579.72990420,0
2025-10-18 10:00:00,106884.41,107145.81,106788.41,106924.47,365.7402,2025-10-18 10:59:59.999000,39118295.85209380,90984,189.52294000,20272457.24513570,0
2025-10-18 11:00:00,106924.47,107222.0,106770.0,107208.6,394.9085,2025-10-18 11:59:59.999000,42246082.12062100,75912,224.10463000,23979733.33327670,0
2025-10-18 12:00:00,107208.61,107300.0,106965.23,107065.17,265.11201,2025-10-18 12:59:59.999000,28399271.01393200,80074,131.49254000,14085674.47406350,0
2025-10-18 13:00:00,107065.17,107102.14,106810.0,106888.78,270.57628,2025-10-18 13:59:59.999000,28935705.32539310,88636,128.90879000,13785362.88198320,0
2025-10-18 14:00:00,106888.77,107111.11,106739.33,107028.36,552.94765,2025-10-18 14:59:59.999000,59119103.45487940,111944,242.91701000,25972115.99488490,0
2025-10-18 15:00:00,107028.37,107146.18,106815.86,106948.75,336.98269,2025-10-18 15:59:59.999000,36057267.01605150,85132,156.03618000,16697071.15395700,0
2025-10-18 16:00:00,106948.75,107063.89,106484.0,106664.01,353.04791,2025-10-18 16:59:59.999000,37678681.42052750,102730,149.80088000,15986821.84845120,0
2025-10-18 17:00:00,106664.01,106955.79,106567.95,106880.03,246.03342,2025-10-18 17:59:59.999000,26264493.97314040,70079,127.06985000,13564901.20897580,0
2025-10-18 18:00:00,106880.04,106920.0,106722.72,106843.75,158.99856,2025-10-18 18:59:59.999000,16983541.27452880,40701,57.70073000,6163256.67285370,0
2025-10-18 19:00:00,106843.75,107091.87,106762.83,107080.14,153.17902,2025-10-18 19:59:59.999000,16382296.18626640,54941,74.95932000,8016757.72706340,0
2025-10-18 20:00:00,107080.14,107339.03,107000.0,107018.51,262.63077,2025-10-18 20:59:59.999000,28142363.19102550,76223,134.79724000,14445267.45433770,0
2025-10-18 21:00:00,107018.5,107220.24,106851.84,107177.05,198.46296,2025-10-18 21:59:59.999000,21242558.33810820,65314,88.54638000,9479618.73192850,0
2025-10-18 22:00:00,107177.05,107283.71,107067.54,107125.87,219.09125,2025-10-18 22:59:59.999000,23482049.76084880,57909,125.29080000,13429841.59467970,0
2025-10-18 23:00:00,107125.88,107200.0,107014.58,107185.01,124.75848,2025-10-18 23:59:59.999000,13361978.85973280,40627,57.35547000,6142933.39262870,0
2025-10-19 00:00:00,107185.0,107267.2,106755.88,106898.03,393.96341,2025-10-19 00:59:59.999000,42166870.24809000,122121,201.54057000,21578230.21062080,0
2025-10-19 01:00:00,106898.03,106988.81,106734.17,106973.26,184.14483,2025-10-19 01:59:59.999000,19684906.17301000,54521,94.77476000,10130761.57789630,0
2025-10-19 02:00:00,106973.27,107000.0,106805.05,106847.02,121.85742,2025-10-19 02:59:59.999000,13026954.19132660,48831,52.90556000,5655570.22364900,0
2025-10-19 03:00:00,106847.03,107367.16,106802.32,107275.78,358.14644,2025-10-19 03:59:59.999000,38367835.89006780,79720,223.19514000,23908910.65765720,0
2025-10-19 04:00:00,107275.79,107290.0,106949.9,107046.9,256.58858,2025-10-19 04:59:59.999000,27480125.98355590,69397,94.14096000,10082930.46701020,0
2025-10-19 05:00:00,107046.89,107180.0,106794.23,106888.59,516.95583,2025-10-19 05:59:59.999000,55276860.85567820,84970,99.34063000,10625578.16222420,0
2025-10-19 06:00:00,106888.6,106909.98,106558.61,106777.75,315.62124,2025-10-19 06:59:59.999000,33692330.95792070,65095,98.54836000,10518240.88349310,0
2025-10-19 07:00:00,106777.75,106912.08,106702.0,106786.0,158.03024,2025-10-19 07:59:59.999000,16881355.82260630,53317,69.56136000,7430192.75880890,0
2025-10-19 08:00:00,106786.0,107203.29,106278.74,106443.95,969.35569,2025-10-19 08:59:59.999000,103367234.77835500,202996,374.95605000,40015821.30870830,0
2025-10-19 09:00:00,106443.96,108213.04,106103.36,107401.47,2187.761,2025-10-19 09:59:59.999000,234415332.46174980,298837,1132.05901000,121345820.56750650,0
2025-10-19 10:00:00,107401.47,107887.99,106999.57,107882.71,889.9682,2025-10-19 10:59:59.999000,95727253.01924230,247646,496.07980000,53379279.33979500,0
2025-10-19 11:00:00,107882.71,108260.5,107633.05,107783.47,1012.47378,2025-10-19 11:59:59.999000,109281445.50678110,198604,429.17323000,46332549.08635700,0
2025-10-19 12:00:00,107783.47,107859.42,107421.9,107631.43,816.5887,2025-10-19 12:59:59.999000,87852052.98293820,161452,286.54309000,30826059.07318710,0
2025-10-19 13:00:00,107631.43,108227.44,107355.02,108096.34,912.20232,2025-10-19 13:59:59.999000,98213531.15132360,197390,387.53530000,41754837.55858650,0
2025-10-19 14:00:00,108096.33,108508.0,107887.28,108405.47,1356.8762,2025-10-19 14:59:59.999000,146868858.49692840,224364,622.29622000,67360985.27903720,0
2025-10-19 15:00:00,108405.47,108621.68,108328.25,108486.7,550.80586,2025-10-19 15:59:59.999000,59751361.55464820,147954,289.14772000,31366587.20310390,0
2025-10-19 16:00:00,108486.71,108988.27,108240.0,108624.19,746.0028,2025-10-19 16:59:59.999000,81059666.40636690,125646,433.22267000,47094324.28796730,0
2025-10-19 17:00:00,108624.19,109437.43,108615.2,109150.58,749.81435,2025-10-19 17:59:59.999000,81815147.03902310,150977,420.40457000,45863704.90836140,0
