open_time,open,high,low,close,volume,close_time,quote_asset_volume,trades,taker_base_vol,taker_quote_vol,ignore,rsi_14,roc_10,sma_20,ema_20,ema_50,ema_200,macd,macd_signal,macd_hist,atr_14,bb_upper,bb_middle,bb_lower,bb_width,volume_ema_20,volume_ratio
2018-12-30 08:00:00,3724.93,3787.39,3718.01,3769.21,1400.513084,2018-12-30 08:59:59.999,5242376.2003105,9213,804.201448,3012754.05131416,0,,,,,,,,,,,,,,,,
2018-12-30 09:00:00,3769.17,3825.0,3746.0,3798.69,2566.297937,2018-12-30 09:59:59.999,9729060.6410851,14192,1468.968792,5570574.07160715,0,100.0,,,,,,,,,,,,,,,
2018-12-30 10:00:00,3798.92,3805.67,3780.94,3804.75,1347.555842,2018-12-30 10:59:59.999,5108722.59188104,8062,744.629403,2823312.31383909,0,100.0,,,,,,,,,,,,,,,
2018-12-30 11:00:00,3805.67,3810.64,3776.14,3785.93,1379.041726,2018-12-30 11:59:59.999,5231062.18992441,8609,662.713806,2513873.63849682,0,95.0514426092803,,,,,,,,,,,,,,,
2018-12-30 12:00:00,3785.92,3903.5,3720.41,3776.77,3880.770826,2018-12-30 12:59:59.999,14688663.11998407,19274,2101.82704,7961169.01016982,0,92.64831585514058,,,,,,,,,,,,,,,
2018-12-30 13:00:00,3775.35,3794.0,3751.18,3762.95,1415.483202,2018-12-30 13:59:59.999,5346859.36446184,9108,747.11741,2822998.22300094,0,88.99262683085574,,,,,,,,,,,,,,,
2018-12-30 14:00:00,3765.19,3783.0,3742.3,3777.41,1320.812851,2018-12-30 14:59:59.999,4979943.8722975,8358,748.936688,2823761.05940803,0,89.46119007787928,,,,,,,,,,,,,,,
2018-12-30 15:00:00,3777.75,3807.02,3763.01,3768.0,1203.718806,2018-12-30 15:59:59.999,4556512.91403431,9167,563.152907,2131331.82751576,0,86.86964602189644,,,,,,,,,,,,,,,
2018-12-30 16:00:00,3768.0,3785.92,3762.04,3774.14,815.218458,2018-12-30 16:59:59.999,3076153.86102426,7283,443.558681,1673595.92371671,0,87.13159226209672,,,,,,,,,,,,,,,
2018-12-30 17:00:00,3773.75,3797.18,3769.0,3787.24,772.980513,2018-12-30 17:59:59.999,2925515.96085992,7583,426.592895,1614751.69603987,0,87.69559841249443,,,,,,,,,,,,,,,
2018-12-30 18:00:00,3787.24,3795.0,3772.0,3781.71,655.962446,2018-12-30 18:59:59.999,2481331.93988898,6735,319.357659,1208158.90256657,0,85.98240214358235,0.3316344804348922,,,,,,,,,,,,,,
2018-12-30 19:00:00,3781.77,3809.85,3735.57,3780.12,1582.89436,2018-12-30 19:59:59.999,5983186.85763062,11279,724.35996,2739623.37593629,0,85.46541894857945,-0.48885273607480906,,,,,,,,,,,,,,
2018-12-30 20:00:00,3779.31,3798.99,3745.0,3784.44,1628.182558,2018-12-30 20:59:59.999,6157614.32195873,9139,910.355482,3443662.44216781,0,85.71670396618623,-0.5338064261778026,,,,,,,,,,,,,,
2018-12-30 21:00:00,3783.92,3823.0,3764.28,3795.91,1543.980373,2018-12-30 21:59:59.999,5854247.14999576,9740,787.807566,2987524.89018683,0,86.38952817979994,0.26360762084877476,,,,,,,,55.73428571428563,,,,,,
2018-12-30 22:00:00,3794.01,3800.0,3785.12,3794.93,714.123572,2018-12-30 22:59:59.999,2708047.78653479,5874,432.928463,1641802.70964506,0,86.01670464765168,0.4808341519340562,,,,,,,,52.81612244897952,,,,,,
2018-12-30 23:00:00,3794.92,3812.54,3776.06,3801.91,1227.688563,2018-12-30 23:59:59.999,4659011.56044577,8505,714.063127,2709731.00416251,0,86.46475054916115,1.0353578973943325,,,,,,,,51.6492565597667,,,,,,
2018-12-31 00:00:00,3803.12,3810.0,3786.02,3795.38,891.449078,2018-12-31 00:59:59.999,3383630.81245515,6931,477.765205,1813881.38375051,0,83.76081512660153,0.4757227836004102,,,,,,,,49.67288109121194,,,,,,
2018-12-31 01:00:00,3795.38,3797.46,3745.59,3762.94,1516.971703,2018-12-31 01:59:59.999,5717091.17445275,10194,776.438232,2926858.47252708,0,71.75570837654095,-0.13428874734607074,,,,,,,,49.82981815612537,,,,,,
2018-12-31 02:00:00,3762.65,3767.6,3715.73,3727.93,2433.820706,2018-12-31 02:59:59.999,9107482.79097608,12234,1414.04736,5291089.92197904,0,61.509498127486204,-1.2243848929822434,,,,,,,,49.97554543068784,,,,,,
2018-12-31 03:00:00,3727.93,3751.58,3725.48,3744.58,1542.540127,2018-12-31 03:59:59.999,5768977.00711163,8283,927.822913,3469839.66721542,0,64.13259074806845,-1.1264139584499493,3778.7470000000008,3778.7469999999994,,,,,,48.27014932849584,3740.104643582804,3778.7470000000008,3817.3893564171976,-77.28471283439376,1492.0003365500002,1.0338738465480943
2018-12-31 04:00:00,3744.59,3756.06,3731.76,3753.72,921.690482,2018-12-31 04:59:59.999,3455046.57383524,6443,441.286099,1654341.3188014,0,65.52165736550234,-0.7401413646207731,3777.9725000000008,3776.363476190476,,,,,,46.55799580503184,3737.929759742016,3777.9725000000008,3818.0152402579856,-80.08548051596972,1437.685112307143,0.641093431454476
2018-12-31 05:00:00,3753.78,3755.6,3735.0,3747.45,664.03812,2018-12-31 05:59:59.999,2487555.71995397,5970,354.540532,1328232.03804614,0,63.69917676457096,-0.8642582775150015,3775.4105000000004,3773.609811791383,,,,,,44.70385324752956,3734.4037449852212,3775.4105000000004,3816.4172550147796,-82.01351002955835,1364.0044463731294,0.486829879305503
2018-12-31 06:00:00,3747.82,3759.53,3742.48,3757.45,592.267815,2018-12-31 06:59:59.999,2221281.76662378,5244,351.884497,1319790.94624848,0,65.35435160442883,-0.7131834564691272,3773.0455,3772.0707820969656,,,,,,42.72857801556317,3733.7429218202046,3773.0455,3812.3480781797957,-78.60515635959109,1290.5057195756885,0.45894241770174765
2018-12-31 07:00:00,3757.0,3763.12,3750.76,3754.45,603.916201,2018-12-31 07:59:59.999,2268754.94075987,5624,346.21723,1300651.20195113,0,64.40559042591454,-1.0922282140514405,3771.4714999999997,3770.392612373445,,,,,,40.55939387159435,3731.8216566871083,3771.4714999999997,3811.121343312891,-79.29968662578267,1225.1162416160992,0.492946040943307
2018-12-31 08:00:00,3755.35,3761.0,3743.15,3752.21,827.945125,2018-12-31 08:59:59.999,3106201.28079095,6060,439.681566,1649826.73277208,0,63.662439337910946,-1.1257124637345037,3770.2434999999996,3768.6609350045455,,,,,,38.9372943093376,3729.771821910644,3770.2434999999996,3810.715178089355,-80.94335617871093,1187.2904209859946,0.6973400192283422
2018-12-31 09:00:00,3751.85,3791.63,3751.04,3775.59,1341.456912,2018-12-31 09:59:59.999,5055946.39515412,8165,681.587709,2569584.75686868,0,67.8342824512694,-0.6922836153407027,3770.8754999999996,3769.3208459564935,,,-10.40629270935733,,,39.0553447158135,3730.4886968010387,3770.8754999999996,3811.2623031989606,-80.77360639792187,1201.9729439397092,1.1160458467585002
2018-12-31 10:00:00,3775.59,3783.44,3769.0,3771.5,895.904307,2018-12-31 10:59:59.999,3381493.47782126,5838,455.583731,1719742.64158966,0,66.39815917282195,-0.6291860103599668,3770.5799999999995,3769.5283844368273,,,-8.979626594527417,,,37.297105807541115,3730.308187211609,3770.5799999999995,3810.85181278839,-80.54362557678087,1172.823549945451,0.7638866963761678
2018-12-31 11:00:00,3772.0,3773.53,3692.11,3725.42,2713.427219,2018-12-31 11:59:59.999,10101160.07722946,14451,1254.19815,4671727.11470842,0,52.82811039053862,-0.9970926987940276,3768.451,3765.327585919034,,,-11.435433751347318,,,40.44874110700247,3723.387871928605,3768.451,3813.514128071395,-90.12625614279023,1319.5477089030271,2.0563312722173115
2018-12-31 12:00:00,3725.42,3737.42,3715.0,3731.58,999.042415,2018-12-31 12:59:59.999,3720628.30277093,7274,501.947504,1869628.69197436,0,54.17635269025059,0.09790956375254072,3766.323,3762.113530117221,,,-12.737784842857764,,,39.16097388507373,3718.4585105367355,3766.323,3814.1874894632642,-95.72897892652873,1289.023395197977,0.7750382333802097
2018-12-31 13:00:00,3731.87,3739.82,3725.85,3732.23,770.741769,2018-12-31 13:59:59.999,2877979.36533088,6231,385.947843,1441326.0527715,0,54.32470127220038,-0.32981001874709337,3763.5724999999998,3759.267479629867,,,-13.561133591558246,,,37.36161860756849,3714.462952905881,3763.5724999999998,3812.6820470941184,-98.21909418823725,1239.6632403219792,0.6217347937168923
2018-12-31 14:00:00,3732.23,3780.83,3724.81,3769.57,1018.445257,2018-12-31 14:59:59.999,3819590.54725417,8343,569.297674,2135424.02778592,0,61.94615666104943,0.422247796852199,3762.9655000000007,3760.24867204607,,,-11.072975105877958,,,38.69436013559931,3714.5040485913646,3762.9655000000007,3811.426951408637,-96.92290281727219,1218.5948609579812,0.8357537764432746
2018-12-31 15:00:00,3769.42,3783.34,3721.11,3752.46,1681.823463,2018-12-31 15:59:59.999,6306912.28611279,10286,870.44951,3263805.58855477,0,57.23348597041891,0.13369090981868254,3761.5825000000004,3759.506893755968,,,-10.362275721304286,,,40.37547726877079,3713.6060404763857,3761.5825000000004,3809.558959523615,-95.95291904722944,1262.7118706762685,1.3319138768365808
2018-12-31 16:00:00,3752.22,3776.85,3725.0,3736.17,1218.391526,2018-12-31 16:59:59.999,4561297.35487852,7956,591.460551,2214810.79135071,0,53.09216474386811,-0.5663415348174892,3759.169000000001,3757.284332445876,,,-10.986858531437974,,,41.195086035287154,3711.1775569469337,3759.169000000001,3807.160443053068,-95.98288610613417,1258.4908854690048,0.9681369488392753
2018-12-31 17:00:00,3737.59,3742.92,3722.0,3736.31,923.469089,2018-12-31 17:59:59.999,3447516.33307292,5409,453.510164,1693145.67221863,0,53.12355790115463,-0.4831599834862596,3756.1890000000008,3755.28677697484,,,-11.339829581754202,-11.209134492224722,-0.13069508952948006,39.74686560419522,3710.454933047673,3756.1890000000008,3801.9230669523286,-91.46813390465559,1226.584047710052,0.7528787698845859
2018-12-31 18:00:00,3736.57,3748.98,3731.64,3741.52,632.305436,2018-12-31 18:59:59.999,2364926.35234907,4772,308.580817,1154289.12814961,0,54.348015187348594,-0.284898766327046,3753.5185000000006,3753.9756553581883,,,-11.071532489189849,-11.181614091617748,0.11008160242789877,38.14637520389557,3711.1993958034323,3753.5185000000006,3795.837604196569,-84.63820839313667,1169.986084690047,0.540438424246311
2018-12-31 19:00:00,3741.27,3742.22,3630.33,3687.47,3405.447231,2018-12-31 19:59:59.999,12519541.45412557,16993,1591.869976,5853186.68512096,0,42.07052516094722,-2.3339398610548376,3747.7965000000013,3747.6417834193135,,,-15.046837815651543,-11.954658836424507,-3.092178979227036,43.41377697504588,3702.20645571515,3747.7965000000013,3793.386544284853,-91.180088569703,1382.8871462433758,2.4625633698678344
2018-12-31 20:00:00,3687.47,3688.77,3657.7,3672.0,1786.530196,2018-12-31 20:59:59.999,6563117.46885113,9925,1005.076363,3692632.09716734,0,39.33179663298551,-2.6382076097043616,3741.627500000001,3740.4378040460456,,,-19.223993409709237,-13.408525751081454,-5.815467658627783,42.53207861968547,3690.139256323973,3741.627500000001,3793.115743676029,-102.97648735205621,1421.3293414582924,1.256943161510343
2018-12-31 21:00:00,3672.0,3678.0,3665.0,3671.72,743.25843,2018-12-31 21:59:59.999,2728975.36742529,5419,364.237403,1337667.91897614,0,39.281952216478345,-1.4414482125505386,3737.066500000001,3733.8932512797555,,,-22.299952995826516,-15.186811200030467,-7.113141795796048,40.422644432565086,3677.93378956696,3737.066500000001,3796.1992104330416,-118.26542086608151,1356.7511594146454,0.5478222184240994
2018-12-31 22:00:00,3671.71,3687.02,3662.02,3686.43,770.550662,2018-12-31 22:59:59.999,2830596.62025846,5869,388.853208,1428305.77286141,0,43.34411291517778,-1.2099432412007807,3734.991500000001,3729.3729416340643,,,-23.28231503058123,-16.80591196614062,-6.4764030644406105,39.32102697309615,3671.7398141809867,3734.991500000001,3798.2431858190153,-126.50337163802851,1300.9225406132507,0.5923109469967096
2018-12-31 23:00:00,3685.54,3707.5,3684.22,3702.9,1096.345081,2018-12-31 23:59:59.999,4051512.64748809,6394,571.511897,2112470.13947577,0,47.57330481991202,-0.7858572488833734,3732.9075000000007,3726.851709097487,,,-22.47280021415736,-17.93928961574397,-4.53351059841339,38.17523933216073,3668.2549895264992,3732.9075000000007,3797.560010473502,-129.30502094700296,1281.4389730310363,0.8555577784611726
2019-01-01 00:00:00,3701.23,3713.0,3689.88,3700.31,686.36742,2019-01-01 00:59:59.999,2539069.22918493,5534,370.855314,1371962.40437473,0,46.97940835561597,-1.8373448430457642,3730.237,3724.3239272786786,,,-21.78907435839301,-18.70924656427378,-3.079827794119229,37.09986509414924,3664.7967030311725,3730.237,3795.6772969688277,-130.88059393765525,1224.7654917899852,0.5604072164026106
2019-01-01 01:00:00,3700.2,3702.73,3684.22,3689.69,613.539115,2019-01-01 01:59:59.999,2266699.82001748,5086,320.644448,1184518.68168707,0,44.524925219804054,-1.6727693299861952,3727.3490000000006,3721.025458014042,,,-21.852262655348568,-19.33784978248874,-2.514412872859829,35.77201758742431,3660.035882204371,3727.3490000000006,3794.6621177956304,-134.6262355912595,1166.5534559052246,0.5259417062237449
2019-01-01 02:00:00,3689.67,3695.95,3675.04,3690.0,895.302181,2019-01-01 02:59:59.999,3302044.30002383,6391,471.857118,1740469.33850571,0,44.61588713033463,-1.2357574735625003,3723.9765,3718.0706524888956,,,-21.628011176833752,-19.795882061357744,-1.8321291154760075,34.71044490260828,3656.2558389919423,3723.9765,3791.697161008058,-135.44132201611592,1140.7200011523462,0.7848570903425669
2019-01-01 03:00:00,3690.0,3699.77,3685.78,3693.13,796.714818,2019-01-01 03:59:59.999,2942421.71944333,5709,459.948381,1698856.96609518,0,45.58603816669928,-1.1556856898918944,3720.9105000000004,3715.695352251858,,,-20.956155902478258,-20.027936829581847,-0.928219072896411,33.23041312385053,3653.447008282356,3720.9105000000004,3788.373991717645,-134.926983435289,1107.9576027568846,0.7190842104585662
2019-01-01 04:00:00,3692.32,3720.0,3685.94,3692.71,1317.452909,2019-01-01 04:59:59.999,4872936.74721534,7908,770.995533,2852106.12513687,0,45.4709375386795,-1.3045500224507671,3717.9354999999996,3713.5062710850143,,,-20.22446124704311,-20.0672417130741,-0.157219533969009,33.28966932928978,3651.0382812788043,3717.9354999999996,3784.832718721195,-133.79443744239052,1127.9095366848005,1.1680483816745744
2019-01-01 05:00:00,3693.98,3704.44,3692.73,3699.94,572.402228,2019-01-01 05:59:59.999,2117704.50427743,3886,326.520975,1208150.46692599,0,47.909200582370374,0.3381722427572361,3714.153,3712.2142452673943,,,-18.843965876009406,-19.822586545661164,0.9786206696517574,31.749692948626226,3652.6438557589768,3714.153,3775.662144241023,-123.01828848204605,1075.0040787148196,0.5324651685827219
2019-01-01 06:00:00,3699.95,3713.93,3697.0,3703.56,660.279771,2019-01-01 06:59:59.999,2446400.84113162,4839,384.509915,1424666.66528094,0,49.135570971247375,0.859477124183005,3710.756,3711.390031432404,,,-17.25886020496,-19.30984127752093,2.05098107256093,30.69114345229577,3655.384011109551,3710.756,3766.1279888904487,-110.7439777808977,1035.5065255991224,0.6376394109327085
2019-01-01 07:00:00,3703.63,3726.64,3703.34,3713.83,823.625491,2019-01-01 07:59:59.999,3057514.26530647,5335,424.73922,1577036.53083196,0,52.548719050334164,1.1468739446363048,3710.1765,3711.6224093912224,,,-15.001026870605529,-18.448078396137852,3.4470515255323235,30.163204634274624,3655.2095785500587,3710.1765,3765.1434214499413,-109.93384289988262,1015.327379446825,0.8111920427564271
2019-01-01 08:00:00,3714.19,3731.19,3707.0,3716.7,887.101362,2019-01-01 08:59:59.999,3300499.52741762,6190,468.473211,1742964.48848143,0,53.48801397818923,0.8211196197947603,3709.4325,3712.1059894492014,,,-12.832171387899052,-17.324896994490093,4.492725606591041,29.73654716039787,3655.2887397530058,3709.4325,3763.576260246994,-108.28752049398827,1003.1153777852227,0.8843462892161319
2019-01-01 09:00:00,3716.98,3732.0,3696.14,3699.95,955.879034,2019-01-01 09:59:59.999,3545473.52265626,5670,510.885391,1895818.2952015,0,47.569650971437774,-0.07966728780146028,3707.8185,3710.9482761683253,3744.6582000000008,,-12.322872404150075,-16.32449207642209,4.001619672272014,30.173936648940888,3654.6198869294376,3707.8185,3761.017113070562,-106.39722614112452,998.6166783771062,0.9572031538201817
2019-01-01 10:00:00,3699.96,3717.11,3698.0,3713.07,534.113945,2019-01-01 10:59:59.999,1981238.27916797,4008,290.434437,1077294.14824291,0,52.04552612567038,0.3448359732022511,3704.9934999999996,3711.150345104675,3743.419447058824,,-10.736807702875012,-15.206955201712674,4.470147498837662,29.383655459730836,3660.2776555103687,3704.9934999999996,3749.7093444896304,-89.43168897926171,954.3783228173818,0.5596459310006787
2019-01-01 11:00:00,3713.07,3722.22,3706.88,3707.54,600.664642,2019-01-01 11:59:59.999,2231596.68743807,4838,305.098579,1133571.72219358,0,50.103998472839585,0.4837804802029414,3702.7474999999995,3710.8065027137536,3742.0124099192626,,-9.812947236601303,-14.1281536086904,4.315206372089097,28.38053721260718,3663.9492830713584,3702.7474999999995,3741.5457169286406,-77.59643385728214,920.6913055966788,0.6524061195633025
2019-01-01 12:00:00,3707.56,3725.0,3698.25,3717.0,654.27771,2019-01-01 12:59:59.999,2428995.4610855,4802,352.182187,1307746.3740325,0,53.31256383761585,0.7317073170731707,3701.7889999999993,3711.396359598158,3741.0315310989,,-8.22265260078484,-12.947053407109289,4.724400806324448,28.264070268849526,3665.608520878331,3701.7889999999993,3737.9694791216675,-72.36095824333643,895.318582206519,0.7307764219385774
2019-01-01 13:00:00,3717.0,3756.94,3708.41,3715.93,941.785695,2019-01-01 13:59:59.999,3506657.91049441,5975,568.85731,2119100.47755112,0,52.89821749533406,0.6173625082247234,3700.7699999999995,3711.828134874524,3740.0471573303157,,-6.968345947643229,-11.751311915216078,4.782965967572849,29.711636678217435,3667.66608132594,3700.7699999999995,3733.873918674059,-66.20783734811903,899.7440215201838,1.046726260441035
2019-01-01 14:00:00,3715.23,3717.0,3684.21,3698.53,1127.366632,2019-01-01 14:59:59.999,4174145.84090643,6899,546.537425,2024161.8425137,0,46.560900055190885,0.15760782731382003,3698.6205,3710.561645838855,3738.419033513441,,-7.294249898057842,-10.85989951178443,3.5656496137265883,29.931519772630473,3671.641256926076,3698.6205,3725.599743073924,-53.95848614784791,921.4223653754043,1.2235069110143535
2019-01-01 15:00:00,3698.28,3698.87,3666.01,3682.61,996.688532,2019-01-01 15:59:59.999,3670749.82060275,6788,500.265135,1842402.08770963,0,41.64497221863874,-0.46838597382660063,3698.3775,3707.899584330393,3736.2304439638942,,-8.736433905954073,-10.435206390618358,1.6987724846642855,30.140696931728275,3670.892578296411,3698.3775,3725.862421703589,-54.969843407177905,928.590571720604,1.073334753069069
2019-01-01 16:00:00,3683.0,3696.23,3677.48,3693.54,629.18028,2019-01-01 16:59:59.999,2320803.1590822,4600,327.562834,1208303.2092801,0,45.870490687041986,-0.27055049735929704,3699.4545000000003,3706.532004870355,3734.5563089064867,,-8.894880819195805,-10.127141276333848,1.232260457138043,29.327075722319115,3674.776874527781,3699.4545000000003,3724.1321254722197,-49.35525094443892,900.0753058424511,0.6990307098927693
2019-01-01 17:00:00,3693.5,3701.68,3675.01,3686.32,380.215487,2019-01-01 17:59:59.999,1403206.21528002,4207,199.429914,736085.61871057,0,43.62338841372874,-0.7407447298341541,3700.1845000000003,3704.6070520255594,3732.6646889493695,,-9.493608391459475,-10.000434699358975,0.5068263078994999,29.137284599296294,3678.249983605207,3700.1845000000003,3722.1190163947936,-43.86903278958653,850.5648469050749,0.44701528447064187
2019-01-01 18:00:00,3686.34,3686.35,3642.0,3659.41,1083.207096,2019-01-01 18:59:59.999,3966667.5051873,7211,524.277785,1920151.8670773,0,36.45519020888835,-1.5414211531735131,3698.8335,3700.302570880268,3729.7919560493942,,-12.001174342475224,-10.400582627982224,-1.6005917144929995,30.223907127917983,3670.8402532392133,3698.8335,3726.826746760787,-55.98649352157372,872.7212515807821,1.241183360709917
2019-01-01 19:00:00,3659.56,3699.99,3659.56,3696.73,1155.513112,2019-01-01 19:59:59.999,4247300.53490663,6923,738.862592,2715296.97606765,0,48.97704902717379,-0.08702820308382006,3698.5249999999996,3699.962326034528,3728.4954087533397,,-10.851932003898582,-10.490852503165495,-0.36107950073308714,30.963628047352408,3670.5845042051333,3698.5249999999996,3726.465495794866,-55.88099158973273,899.6538097159457,1.2843975088204636
2019-01-01 20:00:00,3696.71,3726.93,3675.67,3719.0,2021.170948,2019-01-01 20:59:59.999,7499086.50823139,11604,1132.452741,4202782.04233233,0,54.71206348674324,0.15970611919516292,3699.4595,3701.7754378407635,3728.1230397826207,,-8.051335504968847,-10.002949103526166,1.9516135985573193,32.41336890111293,3670.055732625916,3699.4595,3728.863267374084,-58.80753474816811,1006.4649657429984,2.0081880808517956
2019-01-01 21:00:00,3719.0,3730.01,3700.0,3708.21,1105.501735,2019-01-01 21:59:59.999,4107122.15187526,7130,589.372813,2190145.11147162,0,51.681061107697985,0.018071281766348382,3700.3854999999994,3702.3882532845005,3727.3421362617337,,-6.6261235983433835,-9.32758400248961,2.7014604041462267,32.241699693890595,3671.110970402452,3700.3854999999994,3729.660029597547,-58.54905919509474,1015.8970390055699,1.0882025368261152
2019-01-01 22:00:00,3707.98,3717.07,3692.42,3711.2,624.620136,2019-01-01 22:59:59.999,2316083.74706079,5721,320.426107,1188213.35746098,0,52.46690040874913,-0.1560398170567711,3701.4454999999994,3703.227467257405,3726.7091113102933,,-5.195474684624969,-8.501162138916682,3.3056874542917125,31.699435430041277,3672.21911071692,3701.4454999999994,3730.6718892830786,-58.452778566158486,978.6325720526585,0.6382580693077425
2019-01-01 23:00:00,3712.85,3810.16,3706.43,3797.14,3678.716754,2019-01-01 23:59:59.999,13904830.79431158,16973,2013.966534,7611631.06969263,0,68.38322456032442,2.185455592543456,3706.646,3712.171517994795,3729.471106945184,,2.8402243182558777,-6.23288484748217,9.073109165738048,36.844475756466906,3655.1325894210695,3706.646,3758.159410578931,-103.02682115786138,1235.7834465238338,2.976829609061324
2019-01-02 00:00:00,3796.45,3810.0,3763.75,3778.02,2094.025159,2019-01-02 00:59:59.999,7927726.29243582,10665,1108.378408,4197072.30757583,0,63.30445902255886,2.149232262547547,3710.911499999999,3718.442801995291,3731.3749851041966,,7.578390496372776,-3.4706297787111815,11.049020275083958,37.51629891671927,3650.839796432733,3710.911499999999,3770.983203567265,-120.14340713453203,1317.5207524739449,1.589367875282413
2019-01-02 01:00:00,3778.62,3792.0,3765.75,3770.0,912.811113,2019-01-02 01:59:59.999,3450021.65237429,6210,402.318724,1520610.20983331,0,61.24959552690338,2.3730452043523442,3714.4144999999994,3723.3530113290726,3732.889691570699,,10.564493450779537,-0.6636051328130379,11.228098583592574,36.711563279810754,3649.0949578367167,3714.4144999999994,3779.734042163282,-130.63908432656535,1278.9769772859502,0.7137041003951677
2019-01-02 02:00:00,3769.98,3785.1,3768.0,3783.28,719.302757,2019-01-02 02:59:59.999,2716784.18945001,5401,277.573136,1048522.23925004,0,63.36988587835927,2.4296474385007403,3718.4004999999997,3729.0603435834464,3734.8657820973385,,13.843012934137732,2.237718480577116,11.605294453560617,35.31073733125284,3646.474477631986,3718.4004999999997,3790.3265223680137,-143.8520447360279,1225.6746705920502,0.586862708562418
2019-01-02 03:00:00,3783.28,3796.22,3773.79,3779.98,770.368067,2019-01-02 03:59:59.999,2915832.26662619,5710,365.280726,1382915.97534947,0,62.4553737761194,2.540745241867224,3721.7079999999996,3733.9098346707374,3736.6349671131293,,15.990650558602283,4.98830489618215,11.002345662420133,34.39068466473476,3644.758557240143,3721.7079999999996,3798.657442759856,-153.89888551971308,1182.312136916617,0.6515775681784535
2019-01-02 04:00:00,3780.0,3788.31,3765.0,3776.41,748.260209,2019-01-02 04:59:59.999,2825638.32453794,5835,337.312869,1273981.86081663,0,61.422673700421136,3.1972367130220447,3724.6934999999994,3737.9574694640005,3738.1947723243793,,17.20625666826936,7.4318952505995926,9.77436141766977,33.59920718868228,3644.0190482232847,3724.6934999999994,3805.367951776714,-161.3489035534294,1140.9738580674152,0.6558083725664016
2019-01-02 05:00:00,3776.16,3778.42,3768.0,3773.04,415.849513,2019-01-02 05:59:59.999,1568711.69816698,5001,212.921242,803255.6581062,0,60.40726716621029,2.06425678910821,3728.348,3741.2986628483814,3739.5612518410703,,17.69374001153301,9.484264202786276,8.209475808746733,31.943549532347838,3645.793035955305,3728.348,3810.9029640446947,-165.10992808938954,1071.9143966324234,0.3879503011681272
2019-01-02 06:00:00,3773.04,3775.0,3750.45,3758.53,916.986058,2019-01-02 06:59:59.999,3451865.14919885,6808,395.508015,1489120.92170061,0,56.10649376598039,1.0629201398225383,3730.6210000000005,3742.939742577107,3740.305124317891,,16.716540465525213,10.930719455334064,5.78582101019115,31.41543885146586,3647.3371035594787,3730.6210000000005,3813.9048964405224,-166.56779288104372,1057.1593167626688,0.8674057386242213
2019-01-02 07:00:00,3758.53,3778.54,3755.4,3771.08,1338.79474,2019-01-02 07:59:59.999,5042810.17473033,9727,626.514292,2359937.3827164,0,58.836305613531586,1.695427173757686,3733.7980000000002,3745.619767093573,3741.511982187778,,16.76156600109789,12.09688876448683,4.664677236611061,30.82433607636115,3649.381343225093,3733.7980000000002,3818.2146567749073,-168.8333135498142,1083.9817380233671,1.2350713052060107
2019-01-02 08:00:00,3772.64,3800.0,3770.09,3781.35,2216.579225,2019-01-02 08:59:59.999,8383935.08618102,14534,1175.171836,4445758.72918608,0,60.9751775273872,1.8902241862470386,3737.0155,3749.0226464179946,3743.0742573961006,,17.42508667995253,13.16252834757997,4.262558332372558,30.759026356621057,3650.417468546746,3737.0155,3823.613531453254,-173.1960629065079,1191.848165354475,1.85978322527413
2019-01-02 09:00:00,3780.81,3786.24,3770.0,3775.0,1483.627847,2019-01-02 09:59:59.999,5604426.2726731,8460,604.814383,2284447.67571202,0,58.936072530650016,-0.5830704161553135,3739.9690000000005,3751.4966800924713,3744.326247302136,,17.239809870736735,13.977984652211324,3.261825218525411,29.721953045433825,3652.375379492089,3739.9690000000005,3827.562620507912,-175.18724101582302,1219.6367064635726,1.2164506357814446
2019-01-02 10:00:00,3773.84,3794.4,3770.03,3788.0,1117.136593,2019-01-02 10:59:59.999,4222018.60595823,8212,563.392394,2129647.16109906,0,61.755795593961885,0.2641595333005124,3744.4425,3754.973186750331,3746.038943486366,,17.93522194476145,14.76943211072135,3.165789834040101,29.33967068504569,3656.6213979021327,3744.4425,3832.2636020978675,-175.64220419573485,1209.8747908956134,0.9233489294979328
2019-01-02 11:00:00,3788.22,3803.68,3777.82,3787.97,1395.941655,2019-01-02 11:59:59.999,5290195.28982266,8936,690.93358,2618716.37328915,0,61.745258710595884,0.4766578249336817,3749.710500000001,3758.1157403931566,3747.6832986437635,,18.273277308230718,15.470201150223225,2.8030761580074923,29.091122778970977,3664.9185663034527,3749.710500000001,3834.5024336965494,-169.58386739309663,1227.5954446198407,1.1371349259383188
2019-01-02 12:00:00,3788.81,3793.72,3778.23,3792.51,1179.766158,2019-01-02 12:59:59.999,4466590.69756798,7319,611.288143,2314400.25390575,0,62.780227950130815,0.24396819690850313,3754.6590000000006,3761.3913841652366,3749.4412085008707,,18.692058264701245,16.11457257311883,2.577485691582414,28.119614009044465,3672.148571721287,3754.6590000000006,3837.169428278714,-165.02085655742667,1223.04027446557,0.964617586706636
2019-01-02 13:00:00,3793.12,3839.63,3790.82,3825.65,2589.868431,2019-01-02 13:59:59.999,9886282.49161121,13833,1432.800439,5469358.30056609,0,69.30779817778462,1.2082074508330751,3761.625500000001,3767.5112523399757,3752.42978855966,,21.450794817324095,17.181817021959887,4.268977795364208,29.597498722684144,3679.885576243067,3761.625500000001,3843.365423756935,-163.47984751386775,1353.2143846117062,1.9138641005084656
2019-01-02 14:00:00,3825.19,3834.26,3796.51,3811.24,2325.654093,2019-01-02 14:59:59.999,8859641.42035417,10957,1165.273334,4439077.25415464,0,64.04788252165143,0.9223045167235531,3769.2170000000006,3771.675894974264,3754.7360713612425,,22.218228927586097,18.18909940308513,4.029129524500966,30.17982024249242,3700.243023793868,3769.2170000000006,3838.190976206133,-137.9479524122653,1445.8276901724962,1.6085278410475976
2019-01-02 15:00:00,3812.17,3815.0,3785.75,3801.28,1359.581327,2019-01-02 15:59:59.999,5170975.93382723,8568,700.157522,2663491.12841313,0,60.62323538859128,0.7484680787905836,3774.4445,3774.4953335481437,3756.561323464723,,21.771765863802102,18.905632695228526,2.866133168573576,30.113404510885818,3713.186065057709,3774.4445,3835.702934942291,-122.51686988458187,1437.6137508227346,0.9457208698942416
2019-01-02 16:00:00,3802.61,3865.72,3795.0,3824.89,2696.187308,2019-01-02 16:59:59.999,10324509.06309087,13610,1576.661499,6038538.84885541,0,65.35260228076348,1.7655838851891477,3779.7390000000005,3779.2948255911774,3759.240879407283,,23.057280376634026,19.735962231509628,3.3213181451243976,33.0138756172511,3720.3830681277686,3779.7390000000005,3839.0949318722323,-118.7118637444637,1557.4778991253313,1.731123959777638
2019-01-02 17:00:00,3824.89,3845.78,3811.01,3822.6,2166.328561,2019-01-02 17:59:59.999,8284002.96057881,10875,1114.399727,4260118.01715832,0,64.5428810927415,1.3661868748475234,3785.4585000000006,3783.419127915827,3761.725550803076,,23.619010774133585,20.51257194003442,3.1064388340991655,33.13931307316174,3733.54507925272,3785.4585000000006,3837.3719207472814,-103.82684149456145,1615.4636764467284,1.340994906035225
2019-01-02 18:00:00,3822.62,3833.0,3807.0,3828.87,1203.590309,2019-01-02 18:59:59.999,4595777.15865987,7991,564.721094,2156936.9774669,0,65.79259190936179,1.2566940378436269,3791.342000000001,3787.7477824000343,3764.3586664578575,,24.290121361643287,21.268081824356194,3.0220395372870925,32.62936213936447,3749.0916495934816,3791.342000000001,3833.5923504065204,-84.50070081303875,1576.237641451802,0.7635842955072605
2019-01-02 19:00:00,3827.22,3830.19,3801.14,3824.98,921.475994,2019-01-02 19:59:59.999,3517565.67730115,7408,510.20239,1947658.35967627,0,64.27888714417588,1.3239735099337753,3792.7340000000013,3791.2937078857453,3766.7359736555886,,24.228796364830032,21.860224732450963,2.3685716323790693,32.37369341512416,3747.922505985748,3792.7340000000013,3837.5454940142545,-89.62298802850637,1513.879389313535,0.6086852100006732
2019-01-02 20:00:00,3824.98,3854.35,3812.34,3849.0,1189.427606,2019-01-02 20:59:59.999,4555593.14001521,8878,602.066298,2305805.18161358,0,69.0188013779191,1.6103484688489969,3796.2830000000004,3796.78954522996,3769.962013904389,,25.8207634315454,22.65233247226985,3.1684309592755504,33.06200102832956,3745.529134873656,3796.2830000000004,3847.0368651263448,-101.50773025268882,1482.9792194741508,0.8020527802282751
2019-01-02 21:00:00,3849.27,3876.0,3830.06,3856.68,1770.790639,2019-01-02 21:59:59.999,6822259.70728579,10829,857.575181,3304565.54222944,0,70.37247443457827,1.8139003212802647,3800.617,3802.4933980652017,3773.362719241472,,27.3864269347373,23.599151364763344,3.787275569973957,33.981858097734595,3744.765475363599,3800.617,3856.4685246364015,-111.70304927280267,1510.389830857565,1.172406356837417
2019-01-02 22:00:00,3857.36,3876.0,3842.46,3862.12,1464.303496,2019-01-02 22:59:59.999,5640543.4910995,9604,879.258546,3386773.52685807,0,71.32811415109917,1.8354598933160273,3804.559,3808.172122058992,3776.843396918277,,28.73495045507616,24.62631118282591,4.108639272250251,33.950296805039265,3743.020178739715,3804.559,3866.0978212602854,-123.07764252057041,1506.0006561092255,0.9723126547521229
2019-01-02 23:00:00,3861.62,3882.14,3851.0,3858.56,2159.806511,2019-01-02 23:59:59.999,8352920.50296339,13167,1147.076336,4437187.77552548,0,69.74273349101952,0.8602459712728517,3808.4879999999994,3812.9709675771833,3780.0479695881486,,29.18003354987104,25.537055656234934,3.6429778936361075,33.74956131896502,3743.6130337470922,3808.4879999999994,3873.3629662529065,-129.7499325058143,1568.2678803845374,1.3771923394046799
2019-01-03 00:00:00,3857.57,3862.74,3828.7,3830.78,1754.761595,2019-01-03 00:59:59.999,6757363.67184099,10950,863.872924,3327419.06852998,0,58.76615436278594,0.5126940313388928,3811.2065,3814.667065903166,3782.0374609768487,,26.980141005338282,25.825672726055608,1.1544682792826748,33.770306939038946,3747.4442008685664,3811.2065,3874.968799131433,-127.52459826286668,1586.029186538391,1.106386698235912
2019-01-03 01:00:00,3830.76,3843.24,3821.14,3835.96,1334.960909,2019-01-03 01:59:59.999,5116097.16088266,8772,722.629225,2769590.26635586,0,60.02940876801739,0.9123242697196691,3814.3525,3816.6949643885787,3784.1520703503056,,25.362331849304155,25.733004550705317,-0.37067270140116193,32.93671358625045,3752.334074936407,3814.3525,3876.370925063593,-124.03685012718597,1562.1179220109252,0.8545839530997094
2019-01-03 02:00:00,3835.96,3844.99,3825.85,3833.47,651.947136,2019-01-03 02:59:59.999,2501621.61583933,6739,323.955139,1243070.80173433,0,59.09223172092537,0.22432017652795055,3818.0994999999994,3818.2925868277616,3786.0861068071567,,23.607155651849553,25.307834770934168,-1.700679119084615,31.951234044375408,3761.4595827108083,3818.0994999999994,3874.7394172891904,-113.27983457838218,1475.4349900098846,0.44186774775866766
2019-01-03 03:00:00,3833.69,3847.05,3832.0,3841.83,732.021603,2019-01-03 03:59:59.999,2811851.08481109,5844,441.657884,1696482.9608832,0,61.27801359115837,0.5030607439962335,3821.6369999999993,3820.534245225118,3788.272141834327,,22.62988477746967,24.77224477224127,-2.142359994771599,30.74400304120575,3768.6416551796124,3821.6369999999993,3874.632344820386,-105.99068964077378,1404.6337150565623,0.5211476808176448
2019-01-03 04:00:00,3841.83,3850.0,3833.7,3834.59,649.628917,2019-01-03 04:59:59.999,2497026.73657564,6780,296.986011,1141641.84143701,0,58.36929024458483,0.14939133478024208,3824.299,3821.8728885370115,3790.08852842906,,21.028776431132428,24.023551104019504,-2.9947746728870754,29.7122885382625,3774.5767838915344,3824.299,3874.0212161084655,-99.44443221693109,1332.7284961940327,0.4874428053839858
2019-01-03 05:00:00,3834.7,3840.31,3805.0,3824.38,1094.336108,2019-01-03 05:59:59.999,4180970.57166567,8434,506.095409,1933753.31576301,0,54.44443964638249,-0.015686356529966406,3826.768,3822.111661057296,3791.4332920200773,,18.720229704729718,22.96288682416155,-4.242657119431833,30.112125071243746,3782.779687868132,3826.768,3870.756312131868,-87.97662426373608,1310.0244592231725,0.8353554777511002
2019-01-03 06:00:00,3824.38,3829.89,3813.62,3820.53,774.978958,2019-01-03 06:59:59.999,2963174.05673056,5998,409.602522,1566257.49628189,0,52.99729451541444,-0.7396726422447337,3828.3945000000003,3821.961026670887,3792.574339391839,,16.3910807913976,21.64852561760876,-5.257444826211163,29.123401851869193,3788.199816154076,3828.3945000000003,3868.5891838459247,-80.38936769184875,1259.0677448209656,0.6155180777109011
2019-01-03 07:00:00,3821.81,3837.52,3820.39,3828.88,706.28305,2019-01-03 07:59:59.999,2703950.6094477,6167,380.773112,1457899.83029368,0,55.74476857629674,-0.7208272400095348,3830.44,3822.619976511755,3793.9980907882377,,15.045552944297924,20.327931082946595,-5.282378138648671,28.266730291021403,3795.0279176135114,3830.44,3865.8520823864887,-70.82416477297738,1206.421583409445,0.5854363513656535
2019-01-03 08:00:00,3828.88,3832.83,3796.0,3805.0,1539.518737,2019-01-03 08:59:59.999,5873692.9082021,9444,654.481481,2497360.79132649,0,47.24015494930712,-1.4789804563296813,3831.0645,3820.9418835106353,3794.429538208307,,11.914947902333552,18.645334446823988,-6.730386544490436,28.878392413091298,3798.113874432899,3831.0645,3864.0151255671008,-65.90125113420163,1238.1451218466407,1.243407343643105
2019-01-03 09:00:00,3805.85,3814.96,3783.0,3805.81,1663.638855,2019-01-03 09:59:59.999,6326423.09635584,9241,824.379315,3135872.49675302,0,47.532553877367036,-1.3670903134848233,3830.0724999999998,3819.5007517477175,3794.875830827589,,9.39102716686466,16.794472990832123,-7.403445823967463,29.09850724072764,3795.291760093822,3830.0724999999998,3864.8532399061774,-69.56147981235517,1278.668334527913,1.3010714429040888
2019-01-03 10:00:00,3806.13,3819.0,3804.07,3811.52,1319.359017,2019-01-03 10:59:59.999,5029915.52328733,7503,596.168002,2273019.41539413,0,49.650913233250876,-0.5027696709286417,3830.0865,3818.7406801526968,3795.5285433441545,,7.762074714097253,14.98799333548515,-7.225918621387898,28.08647100924708,3795.3374669805103,3830.0865,3864.8355330194895,-69.49806603897923,1282.5436376204927,1.0287049721347579
2019-01-03 11:00:00,3810.61,3813.51,3787.29,3804.0,1649.230215,2019-01-03 11:59:59.999,6265894.93372763,9476,854.974877,3248479.96062115,0,46.96173106489678,-0.8331682290743395,3830.2225,3817.3368058524397,3795.860757330658,,5.797487183135672,13.149892105015255,-7.352404921879582,27.953151651443736,3795.929877577215,3830.2225,3864.5151224227848,-68.58524484556983,1317.4661687994935,1.2518197841109027
2019-01-03 12:00:00,3803.31,3823.0,3795.33,3818.02,1243.81332,2019-01-03 12:59:59.999,4734821.15317736,8013,674.380814,2567055.83557138,0,52.16367477263203,-0.4030291093969646,3829.8789999999995,3817.4018719617316,3796.7297472392597,,5.310616756506079,11.58203703531342,-6.271420278807341,27.932926533483478,3795.225741992614,3829.8789999999995,3864.532258007385,-69.30651601477075,1310.4516117709704,0.9491486055857384
2019-01-03 13:00:00,3817.17,3822.0,3809.35,3817.36,1097.353713,2019-01-03 13:59:59.999,4186558.33954056,7143,558.107358,2129562.03431051,0,51.90558487731478,-0.6369360435000976,3829.6169999999993,3817.3978841558524,3797.538776759289,,4.815996145824556,10.228828857415646,-5.41283271159109,26.84128892394895,3794.6541685477555,3829.6169999999993,3864.579831452243,-69.92566290448758,1290.1565737927826,0.850558556450258
2019-01-03 14:00:00,3816.64,3817.37,3790.04,3796.7,1187.831704,2019-01-03 14:59:59.999,4517805.10098045,8096,569.932195,2168031.33228303,0,44.485741736724336,-0.9881108540939273,3828.0085,3815.42665709339,3797.505883553042,,2.7254985602958186,8.728162797991681,-6.002664237695862,26.876196857952596,3790.0677610148805,3828.0085,3865.9492389851193,-75.88147797023885,1280.4113480982319,0.9276953892702228
2019-01-03 15:00:00,3796.79,3811.89,3785.32,3806.7,1340.266726,2019-01-03 15:59:59.999,5096398.40950028,8750,711.423847,2705569.25730511,0,48.335448622561366,-0.4622971566633099,3827.0944999999997,3814.5955468940197,3797.866437139198,,1.8543053116877672,7.353391300730898,-5.499085989043131,26.854325653813106,3787.983871763512,3827.0944999999997,3866.2051282364873,-78.22125647297526,1286.1118602793529,1.042107430460119
2019-01-03 16:00:00,3807.37,3807.75,3730.0,3738.0,3271.17214,2019-01-03 16:59:59.999,12286752.42263509,17730,1445.380949,5430504.14869026,0,31.94558379220167,-2.1601714945308688,3821.5444999999995,3807.300732904113,3795.5187337219745,,-4.32972706613009,5.016767627358701,-9.34649469348879,30.489730964255028,3767.0463592398237,3821.5444999999995,3876.0426407601753,-108.99628152035166,1475.1652202527478,2.2174954337925166
2019-01-03 17:00:00,3738.71,3762.04,3732.19,3748.46,2025.998359,2019-01-03 17:59:59.999,7598461.41005425,10742,1148.626279,4307656.96503762,0,35.53006635568277,-2.100353105869081,3816.1335,3801.6968535799115,3793.673293183858,,-8.291009104977093,2.3552122808915428,-10.646221385868635,30.44403589537966,3755.2125205438642,3816.1335,3877.0544794561356,-121.84195891227137,1527.6255191810574,1.3262401901259901
2019-01-03 18:00:00,3748.46,3759.33,3738.0,3757.89,1021.63925,2019-01-03 18:59:59.999,3829599.24326709,7826,574.008689,2152037.05769319,0,38.66647592191745,-1.2381077529566393,3810.922,3797.5247722865865,3792.270026784491,,-10.54784250743569,-0.22539867677390357,-10.322443830661786,29.793033331423963,3748.7451051206135,3810.922,3873.0988948793865,-124.35378975877302,1479.4363506876234,0.6905597861815108
2019-01-03 19:00:00,3757.58,3763.71,3740.11,3756.0,771.584632,2019-01-03 19:59:59.999,2895619.63634719,7287,405.658494,1522377.45147022,0,38.26467734244349,-1.308788405096417,3805.7939999999994,3793.5700320688165,3790.847672792943,,-12.346582722952917,-2.649635486009706,-9.69694723694321,29.35067380775082,3743.2438784889036,3805.7939999999994,3868.344121511095,-125.10024302219153,1412.0219012888022,0.5464395639300974
2019-01-03 20:00:00,3756.0,3782.25,3752.37,3780.03,760.416581,2019-01-03 20:59:59.999,2865206.78984789,7727,410.307643,1546081.53602751,0,45.95440187537976,-0.8261795818990791,3803.2564999999995,3792.2805052051194,3790.423450330474,,-11.698227248239164,-4.459353838455598,-7.238873409783565,29.38848282148291,3740.8568298676037,3803.2564999999995,3865.6561701323953,-124.79934026479168,1349.9642517374875,0.5632864574164069
2019-01-03 21:00:00,3779.99,3782.69,3768.23,3771.26,1333.486625,2019-01-03 21:59:59.999,5034916.54159955,8162,634.992226,2397860.1896453,0,43.80964861868005,-0.860672975814926,3800.0215000000007,3790.2785523284415,3789.6719424743774,,-11.756544443283929,-5.918791959421265,-5.837752483862664,28.322162619948422,3738.053567622374,3800.0215000000007,3861.9894323776275,-123.93586475525353,1348.394953952965,0.9889436482172679
2019-01-03 22:00:00,3771.27,3781.4,3757.14,3773.79,959.792717,2019-01-03 22:59:59.999,3614343.21087912,7005,504.812133,1901081.37613934,0,44.612741358540426,-1.1584538582825659,3797.037500000001,3788.708214011447,3789.0491212008724,,-11.466433477085047,-7.028320262954021,-4.438113214131026,28.03200814709498,3736.1124876357903,3797.037500000001,3857.9625123642113,-121.85002472842098,1311.3852171003016,0.7318922803798772
2019-01-03 23:00:00,3773.42,3775.53,3757.87,3766.78,522.927492,2019-01-03 23:59:59.999,1968908.46806931,5983,279.876739,1053829.99738262,0,42.78797258310369,-1.3249994760777062,3793.2850000000003,3786.6198126770237,3788.17582233025,,-11.667669233173001,-7.9561900569978175,-3.7114791761751835,27.291150422302504,3734.7793196639914,3793.2850000000003,3851.7906803360092,-117.01136067201787,1236.294005185987,0.4229798816514776
2019-01-04 00:00:00,3767.2,3767.21,3730.0,3750.3,1249.546728,2019-01-04 00:59:59.999,4680245.63987982,8434,643.203108,2409081.17183943,0,38.77283559754034,-1.2221139410540638,3789.0705,3783.1607828982596,3786.690495964358,,-13.007011557935584,-8.966354357185372,-4.040657200750212,27.99963967785233,3730.9504581718525,3789.0705,3847.190541828147,-116.2400836562947,1237.5561692635122,1.0096889006206673
2019-01-04 01:00:00,3750.53,3776.89,3749.67,3766.23,793.94147,2019-01-04 01:59:59.999,2987767.94481273,6626,456.107786,1716681.9929784,0,44.22148492888792,-1.0631255418078598,3786.1629999999996,3781.5483273841396,3785.888123573599,,-12.637356552459096,-9.700554796240116,-2.93680175621898,27.943951129434293,3729.6855838894276,3786.1629999999996,3842.6404161105716,-112.95483222114399,1195.3071502860348,0.6642154443818153
2019-01-04 02:00:00,3765.67,3766.48,3750.41,3758.65,583.328094,2019-01-04 02:59:59.999,2193116.86411497,5558,285.154378,1072225.25826165,0,42.29285106612312,0.5524344569288414,3783.0689999999995,3779.367534299936,3784.8199618648305,,-12.80839771281262,-10.322123379554618,-2.4862743332580024,27.095811763046143,3727.750808873806,3783.0689999999995,3838.387191126193,-110.6363822523872,1137.0234306397458,0.5130308472814765
2019-01-04 03:00:00,3759.33,3787.65,3752.41,3780.04,981.911562,2019-01-04 03:59:59.999,3699743.94859886,6996,591.468431,2228600.43195531,0,49.04620160410429,0.8424793115039223,3780.627,3779.431578652323,3784.632512379935,,-11.090114887303116,-10.47572168110432,-0.6143932061987964,27.677539494257154,3729.6848333690737,3780.627,3831.5691666309262,-101.88433326185259,1122.2508717216747,0.8749483620303395
2019-01-04 04:00:00,3780.04,3793.0,3761.94,3775.33,1290.111753,2019-01-04 04:59:59.999,4868331.59358347,7862,635.781636,2399656.5661264,0,47.721854599411486,0.4640902208420165,3779.1435,3779.0409521140064,3784.267707972879,,-9.993225324441937,-10.379222409771844,0.3859970853299064,27.919143816095925,3729.4777853511664,3779.1435,3828.809214648834,-99.33142929766746,1138.2376223196104,1.13342919589223
2019-01-04 05:00:00,3776.18,3788.53,3764.37,3779.9,982.013535,2019-01-04 05:59:59.999,3709295.97685172,7572,540.617624,2042122.2181491,0,49.15639481801269,0.6363152289669886,3777.848,3779.1227661983867,3784.096425307276,,-8.655397600553897,-10.034457447928254,1.3790598473743572,27.650633543517667,3729.785214483767,3777.848,3825.910785516233,-96.12557103246581,1123.3591378129809,0.8741759442237143
2019-01-04 06:00:00,3779.9,3797.52,3775.92,3783.02,1406.840685,2019-01-04 06:59:59.999,5327344.7612569,8777,769.13664,2912516.69431134,0,50.161883654528545,0.07909990132352869,3776.423,3779.49393132235,3784.0542125501283,,-7.259716077842768,-9.479509173911158,2.21979309606839,27.2184454332664,3730.943143452519,3776.423,3821.9028565474805,-90.95971309496144,1150.3573804022208,1.2229596723307847
2019-01-04 07:00:00,3783.34,3800.0,3779.54,3783.28,1150.958402,2019-01-04 07:59:59.999,4359725.64860008,7955,619.173716,2346020.80788169,0,50.25017860734481,0.3187263673149022,3775.387,3779.8545092916497,3784.023851273653,,-6.062760855458691,-8.796159510220665,2.7333986547619737,26.73569933089023,3731.641217598776,3775.387,3819.132782401224,-87.49156480244801,1150.4146205543902,1.0004726830100157
2019-01-04 08:00:00,3783.28,3800.0,3766.75,3771.34,1487.042166,2019-01-04 08:59:59.999,5630862.06065192,8513,791.351023,2997190.82714674,0,46.20207686104226,-0.06492147151801818,3773.0530000000003,3779.043603644826,3783.526445341353,,-6.008362765494439,-8.238600161275421,2.230237395780982,27.20100652154093,3734.174245363235,3773.0530000000003,3811.9317546367656,-77.75750927353056,1182.4743867873055,1.2575681829694276
2019-01-04 09:00:00,3771.35,3789.9,3757.0,3764.35,1358.102238,2019-01-04 09:59:59.999,5117261.84599902,8151,718.294554,2707520.36013131,0,43.96893022380941,-0.06451133328732474,3770.4025,3777.644212821509,3782.774427876986,,-6.454878646400175,-7.881855858300373,1.4269772119001978,27.60807748428801,3737.4686672120324,3770.4025,3803.336332787968,-65.86766557593546,1199.2008488075621,1.1325060679788903
2019-01-04 10:00:00,3764.03,3777.16,3756.48,3775.48,849.648521,2019-01-04 10:59:59.999,3199529.76286042,6519,411.290054,1548926.36082006,0,48.25743929507245,0.6714129536303718,3769.3415,3777.4380973146986,3782.48837188181,,-5.843289907549206,-7.474142668150139,1.6308527606009333,27.113214806838855,3738.68642244341,3769.3415,3799.99657755659,-61.31015511318037,1165.9101509211275,0.7287427082856556
2019-01-04 11:00:00,3775.46,3777.77,3752.0,3757.55,926.726488,2019-01-04 11:59:59.999,3491922.09842655,6642,384.376815,1448805.96215161,0,42.60072530777995,-0.230469195986433,3766.8840000000005,3775.543992808537,3781.510396513896,,-6.727848133150019,-7.324883761150116,0.5970356280000972,27.01727089206465,3741.393728254003,3766.8840000000005,3792.374271745998,-50.98054349199538,1143.1307544524486,0.8106915892083538
2019-01-04 12:00:00,3754.05,3765.0,3739.0,3755.52,1467.234732,2019-01-04 12:59:59.999,5507563.6635956,8272,730.805989,2743702.88285689,0,42.00044476202492,-0.0832745799688747,3767.76,3773.6369458743907,3780.4911652780575,,-7.506144769924049,-7.3611359629049025,-0.14500880701914642,26.944608685488607,3745.4424883484658,3767.76,3790.0775116515347,-44.63502330306892,1173.9977999331677,1.2497763897713652
2019-01-04 13:00:00,3755.95,3757.52,3742.08,3744.0,1476.93285,2019-01-04 13:59:59.999,5537107.05055095,7654,724.019176,2714530.82017855,0,38.670350630640066,-0.9534290642427055,3767.537,3770.814379600639,3779.060139188722,,-8.949355584833484,-7.678779887290619,-1.2705756975428644,26.122850922239426,3744.3358574691365,3767.537,3790.738142530863,-46.402285061726616,1202.8487570823897,1.2278624734022456
2019-01-04 14:00:00,3744.62,3751.94,3703.62,3717.14,2731.97833,2019-01-04 14:59:59.999,10182870.59428578,13205,1341.215757,5000637.4755788,0,32.249854449509755,-1.5413222155414243,3765.4995,3765.7025339243874,3776.6318984362233,,-12.120767413211524,-8.5671773924748,-3.553590020736724,27.708361570650908,3733.313668874118,3765.4995,3797.685331125882,-64.37166225176406,1348.480144979305,2.0259685247660264
2019-01-04 15:00:00,3715.58,3728.59,3703.57,3725.28,1424.786802,2019-01-04 15:59:59.999,5300519.26754784,10016,773.449324,2877652.27531036,0,35.73231509869958,-1.4450117727982192,3763.9635000000003,3761.8527687887313,3774.618098497548,,-13.818018647260487,-9.617345643431939,-4.200673003828548,27.516335744175844,3727.2545782248326,3763.9635000000003,3800.672421775168,-73.41784355033542,1355.7474456479426,1.0509234640815142
2019-01-04 16:00:00,3725.3,3754.0,3717.3,3747.5,1245.430684,2019-01-04 16:59:59.999,4651379.52549958,8787,640.70894,2394054.85610934,0,44.16872822873607,-0.9389323873519035,3762.337,3760.4858384278996,3773.5546436545073,,-13.217767977102085,-10.337430110165968,-2.8803378669361166,28.172311762448988,3725.7429457806165,3762.337,3798.9310542193834,-73.1881084387669,1345.2410873957576,0.925804820912079
2019-01-04 17:00:00,3747.5,3749.5,3735.03,3745.22,929.209102,2019-01-04 17:59:59.999,3477660.21575642,7335,508.637385,1903737.23038709,0,43.53718797976919,-1.0060053710008352,3761.035,3759.031949053814,3772.4434811582523,,-12.778736620401105,-10.825691412212995,-1.9530452081881098,27.19357520798833,3723.9282961085883,3761.035,3798.1417038914115,-74.2134077828232,1305.6189935485424,0.7117000492421622
2019-01-04 18:00:00,3745.43,3745.96,3726.99,3730.0,828.895917,2019-01-04 18:59:59.999,3097653.61352021,6447,452.893073,1692745.36513239,0,39.47913038959161,-1.0961621068373613,3758.8455,3756.2670015248796,3770.7790309167526,,-13.503270610217896,-11.361207251813976,-2.14206335840392,26.606176978846328,3719.79111553018,3758.8455,3797.89988446982,-78.10876893963996,1260.2167957820147,0.6577407314156903
2019-01-04 19:00:00,3730.41,3746.59,3729.02,3739.53,822.286715,2019-01-04 19:59:59.999,3074676.42624519,7213,410.98205,1537047.15014712,0,43.058058954487464,-0.6593435785726542,3757.483,3754.673001379653,3769.5535787239387,,-13.156814099559142,-11.72032862136301,-1.4364854781961327,25.960735766071604,3717.6995926679465,3757.483,3797.266407332054,-79.56681466410737,1218.5091690408706,0.6748301415304485
2019-01-04 20:00:00,3739.74,3786.0,3733.46,3764.24,1359.295482,2019-01-04 20:59:59.999,5106732.69089076,8595,826.85089,3106033.39708939,0,51.12803426592861,-0.2977104897920327,3758.18,3755.584144105401,3769.3452030877056,,-10.764270518848207,-11.52911700086005,0.7648464820118424,27.859254639923627,3718.4380349067333,3758.18,3797.9219650932664,-79.48393018653314,1231.9173893226925,1.1033982422695892
2019-01-04 21:00:00,3762.36,3823.64,3760.21,3802.36,2242.107164,2019-01-04 21:59:59.999,8505338.51917004,11981,1302.138607,4939751.86088525,0,60.44207740316319,1.1925323681654254,3759.9865,3760.0389875239343,3770.639901005835,,-5.7261891320367795,-10.368531427095396,4.642342295058617,30.400022165643357,3715.681185943051,3759.9865,3804.291814056949,-88.6106281138982,1328.1259392919599,1.6881736119055808
2019-01-04 22:00:00,3802.59,3816.18,3778.51,3790.98,1203.466166,2019-01-04 22:59:59.999,4565628.75516869,7604,625.771689,2374207.21711502,0,56.952557179890064,0.9442101226993874,3761.6030000000005,3762.9857506168933,3771.4375519467826,,-2.6215249214915275,-8.819130125974624,6.1976052044830965,30.919306296668804,3715.193805312098,3761.6030000000005,3808.012194687903,-92.81838937580505,1316.2535799308207,0.9143117894222565
2019-01-04 23:00:00,3792.35,3800.98,3787.57,3792.01,727.759085,2019-01-04 23:59:59.999,2762272.17279444,5518,395.874613,1502754.79535323,0,57.19344578284731,1.2823183760683818,3762.2015000000006,3765.7499648438557,3772.244314615536,,-0.07705552666038784,-7.070715206111777,6.993659679451389,29.66864156119245,3714.5004307082163,3762.2015000000006,3809.902569291785,-95.40213858356856,1260.2064851755044,0.5774919376792825
2019-01-05 00:00:00,3790.09,3838.7,3788.97,3811.76,2440.690197,2019-01-05 00:59:59.999,9304134.41956976,11929,1429.0509,5448472.1066994,0,61.62752333239221,2.545505415453826,3764.0230000000006,3770.1318729539644,3773.7939493364956,,3.4928513271433985,-4.958001899460742,8.45085322660414,31.101595735392994,3711.656996122428,3764.0230000000006,3816.389003877573,-104.73200775514488,1372.6335053492658,1.7781076940701428
2019-01-05 01:00:00,3811.79,3827.41,3783.25,3803.58,2262.749078,2019-01-05 01:59:59.999,8607312.63622155,9651,1303.594034,4959125.20585423,0,58.90593187985533,2.101855431001152,3765.2070000000003,3773.317408863111,3774.962029754672,,5.597446710299209,-2.846912177508752,8.444358887807962,32.034338897150626,3710.319397680153,3765.2070000000003,3820.0946023198476,-109.7752046396945,1457.4064170302881,1.552586191167412
2019-01-05 02:00:00,3803.56,3820.13,3802.43,3811.88,1318.638944,2019-01-05 02:59:59.999,5028710.87794217,8757,586.21201,2235267.32572744,0,60.797705547212615,1.7179452968645792,3766.6500000000005,3776.9900365904336,3776.4097932937048,,7.844665922625609,-0.7085965574818798,8.553262480107488,31.01045754735417,3708.3774946118574,3766.6500000000005,3824.9225053881437,-116.54501077628629,1444.1904672178798,0.9130644287801283
2019-01-05 03:00:00,3813.16,3822.27,3803.25,3815.0,1107.479271,2019-01-05 03:59:59.999,4221316.84811596,6751,498.455221,1899819.67347493,0,61.51491122205088,1.8631749269735878,3768.2360000000003,3780.6100331056305,3777.9231347331674,,9.764798742281528,1.386082502470802,8.378716239810725,30.15399629397173,3706.4377529119274,3768.2360000000003,3830.0342470880732,-123.59649417614582,1412.1227342447482,0.7842655911862491
2019-01-05 04:00:00,3815.35,3826.39,3812.09,3815.72,1224.004168,2019-01-05 04:59:59.999,4675048.31035406,8236,430.870042,1645907.38530671,0,61.68909880174868,2.2981233243967774,3770.4550000000004,3783.953839476523,3779.4053647436313,,11.21533244722832,3.351932491422306,7.863399955806014,29.021567987259445,3705.1025513284394,3770.4550000000004,3835.8074486715614,-130.70489734312196,1394.206680316677,0.8779216060863964
2019-01-05 05:00:00,3815.72,3840.99,3815.72,3834.01,1477.733328,2019-01-05 05:59:59.999,5658632.40966202,9064,678.654262,2599522.09572147,0,65.91010723237515,2.5265207124959557,3773.9380000000006,3788.7210928597115,3781.546722988979,,13.68301176082241,5.418148345302328,8.264863415520082,28.753598845312343,3702.7875762190342,3773.9380000000006,3845.088423780967,-142.30084756193264,1402.1615991436602,1.053896590023927
2019-01-05 06:00:00,3834.01,3835.08,3792.0,3799.45,2015.473573,2019-01-05 06:59:59.999,7679627.54829064,10439,874.496088,3330523.23835466,0,53.83926246063708,0.9353813784455837,3775.1365,3789.742893539739,3782.248812283529,,12.703523909526211,6.875223458147105,5.828300451379106,29.776913213504315,3703.0750136004967,3775.1365,3847.1979863995034,-144.12297279900667,1460.5722633204546,1.379920476113956
2019-01-05 07:00:00,3799.71,3804.99,3780.13,3785.15,956.110214,2019-01-05 07:59:59.999,3627499.3727472,6994,451.745922,1714330.92654321,0,49.77705730971292,-0.45261363994992676,3776.5165,3789.305475107383,3782.3625843508416,,10.650608653843847,7.630300497286454,3.020308156557393,29.425705126825413,3704.8168753147866,3776.5165,3848.216124685214,-143.39924937042724,1412.5282586232684,0.676878645197428
2019-01-05 08:00:00,3784.37,3798.84,3783.76,3793.56,614.93263,2019-01-05 08:59:59.999,2332514.71801113,6614,332.681724,1261990.91770578,0,52.06759082272709,0.06805628096164916,3778.4184999999998,3789.710667954299,3782.8016986900248,,9.59170799877802,8.022581997584767,1.5691260011932524,28.401011903480736,3707.0466086509728,3778.4184999999998,3849.790391349027,-142.74378269805402,1336.566770182957,0.4600837337260932
2019-01-05 09:00:00,3793.01,3796.94,3787.03,3790.36,658.552407,2019-01-05 09:59:59.999,2497160.45919282,6218,354.900954,1345924.71726204,0,51.11237993479947,-0.043512543479581826,3780.7365,3789.7725091015086,3783.0981026629647,,8.397507109495109,8.097567019966837,0.2999400895282722,27.080225338946388,3711.080576527999,3780.7365,3850.392423472001,-139.31184694400235,1271.993973689342,0.5177323325596491
2019-01-05 10:00:00,3789.72,3793.81,3770.0,3787.94,955.933711,2019-01-05 10:59:59.999,3616155.06629203,8611,417.974473,1581485.0436363,0,50.35994816177114,-0.6249081788989905,3784.2764999999995,3789.5979844251747,3783.2879809899073,,7.173133112370124,7.912680238447495,-0.7395471260773707,26.846637814735928,3721.3588511413914,3784.2764999999995,3847.1941488586076,-125.83529771721624,1241.8929962903571,0.7697391915853117
2019-01-05 11:00:00,3788.79,3812.63,3787.53,3801.26,859.398176,2019-01-05 11:59:59.999,3265223.81250224,7419,493.860486,1876334.57229646,0,54.343894062436924,-0.06099516771041253,3788.0755,3790.708652575158,3783.9927660491267,,7.194684731576217,7.76908113707324,-0.5743964054970228,26.721877970826213,3731.279096676139,3788.0755,3844.871903323861,-113.59280664772177,1205.464918167466,0.7129184458610768
2019-01-05 12:00:00,3801.03,3811.98,3796.35,3802.47,964.382953,2019-01-05 12:59:59.999,3667429.27092362,8052,480.069847,1825788.2819639,0,54.69956583492023,-0.24685981720306802,3790.8240000000005,3791.828780901333,3784.717363458965,,7.226103410650921,7.660485591788777,-0.4343821811378552,25.929600972910062,3737.055598635784,3790.8240000000005,3844.592401364217,-107.53680272843303,1182.5047310086597,0.8155425747661873
2019-01-05 13:00:00,3801.79,3802.74,3782.0,3793.84,1386.14167,2019-01-05 13:59:59.999,5256494.19243053,9486,695.276591,2636835.04530327,0,51.611361980817705,-0.5546526867627747,3793.255,3792.0203255773968,3785.0751139115546,,6.479937379605417,7.424375949352105,-0.9444385697466879,25.558915189130758,3743.9575763457397,3793.255,3842.5524236542606,-98.59484730852091,1201.8987251983112,1.1532932358933061
2019-01-05 14:00:00,3793.83,3794.89,3778.01,3787.45,1333.232982,2019-01-05 14:59:59.999,5049864.22440182,8245,651.245686,2466820.25318344,0,49.38796035903953,-0.7408824546874504,3796.1275000000005,3791.5850564747875,3785.168246699337,,5.311745333861836,7.001849826254052,-1.6901044923922157,24.938992675621396,3756.627736443077,3796.1275000000005,3835.627263556924,-78.99952711384685,1214.406749655615,1.0978471441945479
2019-01-05 15:00:00,3787.55,3814.0,3785.02,3785.58,1807.063707,2019-01-05 15:59:59.999,6867361.22492203,11614,914.149652,3474225.61418294,0,48.726410697823866,-1.2631683276778174,3798.4300000000003,3791.0131463343314,3785.1843938875986,,4.186788656041699,6.4388375922115815,-2.2520489361698823,25.227636055934155,3768.6481920594015,3798.4300000000003,3828.211807940599,-59.56361588119762,1270.850269402699,1.4219328197092187
2019-01-05 16:00:00,3785.58,3805.0,3775.0,3797.19,1663.60144,2019-01-05 16:59:59.999,6309362.14659221,10590,802.728185,3044834.81985887,0,52.941036436024284,-0.05948229348984099,3800.0775000000003,3791.601418112014,3785.655201970438,,4.1838534964272185,5.9878407730547085,-1.80398727662749,25.568519194796004,3774.9825737986184,3800.0775000000003,3825.172426201382,-50.18985240276379,1308.2551427929182,1.2716184982452838
2019-01-05 17:00:00,3797.0,3807.99,3795.82,3801.36,1004.571073,2019-01-05 17:59:59.999,3817960.44578148,7395,445.802521,1694553.28091728,0,54.391152978147744,0.4282525131104457,3800.0275,3792.530806863251,3786.27107640297,,4.466524200473486,5.683577458538465,-1.2170532580649782,24.611482109453405,3774.9477418587976,3800.0275,3825.1072581412027,-50.15951628240509,1279.3328504316878,0.7852304212004136
2019-01-05 18:00:00,3801.52,3818.51,3798.26,3809.02,1159.90149,2019-01-05 18:59:59.999,4416918.41525745,7846,554.766813,2112389.19860099,0,57.01167873488786,0.4075327660561593,3800.9295000000006,3794.1012062096083,3787.163191053834,,5.248143422157227,5.596490651262217,-0.3483472291049896,24.29994767306388,3775.922307371518,3800.9295000000006,3825.9366926284833,-50.0143852569654,1267.9584351524795,0.9147787954583187
2019-01-05 19:00:00,3810.0,3820.0,3798.19,3810.98,868.144392,2019-01-05 19:59:59.999,3308122.73742501,7098,427.574864,1629644.6753044,0,57.68168625663616,0.5440116506083826,3801.8780000000006,3795.708710380122,3788.097183561527,,5.957068528352011,5.6686062266801756,0.28846230167183506,24.12209426784503,3776.8562388604155,3801.8780000000006,3826.8997611395857,-50.04352227917025,1229.8809072331958,0.7058767941629592
2019-01-05 20:00:00,3810.89,3812.36,3800.0,3803.68,514.185341,2019-01-05 20:59:59.999,1956849.58837612,5603,251.854166,958644.71905557,0,54.287905734723424,0.41552928504674785,3801.4740000000006,3796.46788082011,3788.7082744022514,,5.86227117818089,5.707339216980319,0.15493196120057107,23.281944677284677,3776.866557907903,3801.4740000000006,3826.0814420920983,-49.2148841841954,1161.7194247347961,0.4426071649076378
2019-01-05 21:00:00,3804.95,3812.5,3799.0,3806.57,493.090412,2019-01-05 21:59:59.999,1876913.25619641,5755,245.97957,936296.31333557,0,55.406511162068156,0.13969052366846638,3801.6235000000006,3797.4299874086714,3789.4087342296143,,5.9517345513731925,5.756218283858894,0.1955162675142983,22.583234343192917,3776.926018965008,3801.6235000000006,3826.320981034993,-49.39496206998501,1098.040471141006,0.4490639689151123
2019-01-05 22:00:00,3806.33,3810.2,3751.0,3786.62,2574.917606,2019-01-05 22:59:59.999,9719761.27558975,14250,1165.730367,4397905.6584067,0,46.878475230216196,-0.4168343208493403,3800.3605000000007,3796.400464798322,3789.299372102963,,4.362547911550337,5.477484209397184,-1.114936297846847,25.19871760439341,3775.2907350482305,3800.3605000000007,3825.430264951771,-50.13952990354028,1238.695436365672,2.078733424218304
2019-01-05 23:00:00,3786.62,3786.63,3766.14,3770.96,829.738988,2019-01-05 23:59:59.999,3133128.01836077,7056,421.239797,1590814.31746379,0,41.48121644489416,-0.603082892267468,3798.1585000000005,3793.977563388958,3788.5801810401017,,1.8185122488798697,4.745689817293721,-2.9271775684138515,24.86238063265104,3770.865004900673,3798.1585000000005,3825.451995099328,-54.58699019865526,1199.747203187989,0.6915948508112402
2019-01-06 00:00:00,3771.12,3792.12,3761.6,3786.76,964.564428,2019-01-06 00:59:59.999,3644873.17857191,7432,521.274644,1969608.56277787,0,47.987826496477545,-0.018218062284640058,3796.7105000000006,3793.2901763995337,3788.5088013914706,,1.064996988965504,4.009551251628078,-2.9445542626625736,25.266496301747395,3770.2807476463768,3796.7105000000006,3823.1402523536244,-52.85950470724765,1177.3488436462758,0.8192681661050623
2019-01-06 01:00:00,3786.86,3791.98,3761.15,3765.65,1065.356514,2019-01-06 01:59:59.999,4025310.12733864,7556,471.670068,1782515.67846927,0,41.369402734012226,-0.5264715050269665,3793.2925000000005,3790.657778647197,3787.612377807491,,-1.2214892914680604,2.96334314300885,-4.184832434476911,25.66388942305115,3769.6376414804663,3793.2925000000005,3816.9473585195346,-47.309717039068346,1166.6829074894877,0.9131500145934892
2019-01-06 02:00:00,3765.65,3775.01,3740.0,3771.82,1629.662522,2019-01-06 02:59:59.999,6131888.44224554,9536,767.00773,2887316.93607771,0,43.80875089920357,-0.668125640276096,3791.9110000000005,3788.863704490321,3786.993068873864,,-2.5067820833583028,1.8693180977354196,-4.376100181093722,26.331468749976086,3766.600897253214,3791.9110000000005,3817.221102746787,-50.62020549357294,1210.7762041095366,1.3459651060771654
2019-01-06 03:00:00,3771.57,3778.13,3765.49,3771.15,575.947111,2019-01-06 03:59:59.999,2172058.37626408,5462,288.797765,1089233.30878393,0,43.596633278416846,-0.7947155754782508,3791.2110000000007,3787.1766850150525,3786.3717720552813,,-3.5386578367383663,0.7877229108406624,-4.326380747579028,25.353506696406388,3764.384602238796,3791.2110000000007,3818.0373977612053,-53.65279552240918,1150.316290480057,0.5006858685445915
2019-01-06 04:00:00,3771.7,3776.86,3760.58,3767.9,648.534626,2019-01-06 04:59:59.999,2443786.99600975,5306,319.519008,1204177.74195765,0,42.52112474131467,-1.0795427695312676,3789.928000000001,3785.340810251714,3785.6473888374276,,-4.566040175292073,-0.28302970638588476,-4.2830104689061885,24.705399075234517,3761.1884167337794,3789.928000000001,3818.667583266222,-57.47916653244283,1102.5275605295753,0.5882253190010872
2019-01-06 05:00:00,3768.13,3783.55,3764.43,3777.75,586.813576,2019-01-06 05:59:59.999,2216258.98880602,5747,351.239273,1326727.88688984,0,46.8043834751786,-0.8719541955087673,3789.2974999999997,3784.6178759420272,3785.337687314391,,-4.533179726293383,-1.1330597103673845,-3.4001200159259986,24.306441998432078,3760.0490406613526,3789.2974999999997,3818.5459593386468,-58.49691867729416,1053.41194295533,0.5570599231614026
2019-01-06 06:00:00,3778.38,3779.76,3772.14,3772.22,330.386704,2019-01-06 06:59:59.999,1247811.44442055,4439,171.3171,647108.94373172,0,44.78654147020629,-0.8270937618306492,3788.5114999999996,3783.43712585231,3784.823268204023,,-4.8969137935869185,-1.8858305270112914,-3.011083266575627,23.114553284258385,3758.2810306894326,3788.5114999999996,3818.7419693105667,-60.46093862113412,984.5523963881557,0.3355704635040535
2019-01-06 07:00:00,3772.34,3775.11,3760.0,3767.94,656.498524,2019-01-06 07:59:59.999,2473333.49964731,6437,339.615404,1279727.51398983,0,43.23301218013213,-1.0148243694454615,3786.8454999999994,3781.961209104471,3784.1611792548456,,-5.4675098429643185,-2.602166390201897,-2.8653434527624215,22.54279947823994,3755.908935719621,3786.8454999999994,3817.782064280378,-61.87312856075732,953.3091704464266,0.688652269748509
2019-01-06 08:00:00,3768.11,3773.32,3761.81,3772.88,569.315529,2019-01-06 08:59:59.999,2144190.95990055,5108,312.093903,1175529.20257793,0,45.57941715845424,-0.36285658450015534,3785.366,3781.0963320469027,3783.7187800683814,,-5.45817615124588,-3.1733683424106935,-2.284807808835186,21.754742372651386,3754.747054781131,3785.366,3815.984945218869,-61.237890437738315,916.7383474515289,0.621022923915705
2019-01-06 09:00:00,3772.77,3782.56,3770.93,3771.3,821.586998,2019-01-06 09:59:59.999,3102560.19513711,5939,499.800227,1887585.11757886,0,44.9396068815818,0.009016271718611323,3784.239,3780.163348042436,3783.231769085308,,-5.514701878233154,-3.641635049575186,-1.8730668286579681,21.03154648889058,3753.2759993974078,3784.239,3815.2020006025923,-61.92600120518455,907.6763141704309,0.9051541669354762
2019-01-06 10:00:00,3771.3,3812.02,3770.93,3796.99,1745.968805,2019-01-06 10:59:59.999,6621091.76679531,8965,991.058485,3758689.88162748,0,55.80302892170491,0.27015179203328343,3784.7159999999994,3781.7658863241086,3783.7713075525508,,-3.4467980816766612,-3.6026676559954813,0.1558695743188201,22.464293168255548,3753.2547888612635,3784.7159999999994,3816.1772111387354,-62.922422277471924,987.5136942494375,1.7680451574163012
2019-01-06 11:00:00,3796.42,3820.82,3796.42,3814.24,1851.631122,2019-01-06 11:59:59.999,7052968.08732675,9592,1058.325653,4031540.37179141,0,61.321365171471165,1.2903482798454369,3786.149,3784.858659055146,3784.9661582367644,,-0.4112974082299843,-2.9643936064423824,2.553096198212398,22.602557941951588,3752.0240365182335,3786.149,3820.2739634817663,-68.24992696353274,1069.8105921304434,1.7308027566941757
2019-01-06 12:00:00,3814.23,3820.41,3787.07,3790.81,1358.359908,2019-01-06 12:59:59.999,5163031.86782104,8532,725.766942,2759260.79865632,0,51.851480564880276,0.5034704731402819,3785.8299999999995,3785.425453430846,3785.1953285019895,,0.1025711810316352,-2.351000648947579,2.4535718299792144,23.369518088955026,3752.021799811283,3785.8299999999995,3819.638200188716,-67.61640037743291,1097.2914793561156,1.2379207654078184
2019-01-06 13:00:00,3791.12,3808.31,3785.0,3798.61,839.147623,2019-01-06 13:59:59.999,3185982.13869034,6255,485.358125,1842970.8590732,0,54.3774022428263,0.7281598451400776,3785.692499999999,3786.6811245326703,3785.7213940509314,,1.1262280964815545,-1.6555548998617526,2.781782996343307,23.365266796886807,3752.1287577364023,3785.692499999999,3819.256242263596,-67.1274845271937,1072.7063501793427,0.7822715162073062
2019-01-06 14:00:00,3800.0,3805.0,3791.0,3801.35,900.376637,2019-01-06 14:59:59.999,3419726.35130722,6156,466.022462,1770199.76796372,0,55.265218126413515,0.8877624140768019,3785.3089999999993,3788.0781602914635,3786.334280558738,,2.1339794906771203,-0.8976480217539782,3.0316275124310987,22.69631916853775,3752.7060089199044,3785.3089999999993,3817.911991080094,-65.2059821601897,1056.293996543215,0.852392080184623
2019-01-06 15:00:00,3802.0,3824.99,3800.24,3806.82,1551.907518,2019-01-06 15:59:59.999,5916543.96974447,10033,870.875235,3320512.14236441,0,57.06164581803221,0.7695056581298435,3785.101,3789.863097406562,3787.1376421054547,,3.335562725552336,-0.05100587229271536,3.3865685978450513,22.84301065649934,3753.1408472436246,3785.101,3817.0611527563756,-63.92030551275093,1103.495284301004,1.4063562754443826
2019-01-06 16:00:00,3806.91,3814.99,3800.31,3813.39,916.842816,2019-01-06 16:59:59.999,3491818.63622191,7232,476.210961,1813929.45287343,0,59.181862874146745,1.0913997592929383,3785.5865,3792.103754796413,3788.1671463366133,,4.763064545177713,0.9118082112013703,3.8512563339763424,22.25993846674938,3752.175918458403,3785.5865,3818.997081541597,-66.82116308319382,1085.7188587485275,0.8444569315640466
2019-01-06 17:00:00,3813.39,4025.0,3813.39,4007.11,8255.228309,2019-01-06 17:59:59.999,32701822.74647729,44797,4669.522477,18466954.33872897,0,84.10469896590565,6.347500225587458,3795.6135000000004,3812.5805400538975,3796.7531405979225,,21.280645007332623,4.9855755704276215,16.295069436905003,35.78494286198158,3691.0605094011753,3795.6135000000004,3900.1664905988255,-209.10598119765018,1768.529282582001,4.667849376487342
2019-01-06 18:00:00,4007.13,4027.71,3972.71,3989.09,3032.692339,2019-01-06 18:59:59.999,12132591.6409184,19612,1575.624454,6302969.69631701,0,79.25688137562044,5.730635482708171,3805.7369999999996,3829.390964810669,3804.295762535259,,32.54176195053242,10.49681284644858,22.044949104083837,37.15744694326861,3670.2252019352673,3805.7369999999996,3941.248798064732,-271.02359612946475,1888.92576414562,1.6055116598887185
2019-01-06 19:00:00,3990.0,4013.0,3989.12,4002.46,2004.541875,2019-01-06 19:59:59.999,8022877.34753979,12730,918.086813,3674037.57648183,0,80.1701664945194,6.129451382812289,3817.312,3845.873730066796,3812.0669091025043,,42.060280786936346,16.809506434546137,25.25077435239021,36.21120073303513,3657.0245859621314,3817.312,3977.5994140378684,-320.57482807573706,1899.9368223222277,1.0550571216099265
2019-01-06 20:00:00,4001.41,4015.0,3967.01,3977.16,1848.30919,2019-01-06 20:59:59.999,7385992.42820509,11913,942.120822,3766233.33294209,0,73.56927486087216,4.745074387870394,3826.8320000000003,3858.3771843461486,3818.54114796123,,47.020256732415874,22.851656494120085,24.168600238295788,37.052543537818316,3652.2090304371536,3826.8320000000003,4001.454969562847,-349.24593912569344,1895.019904958206,0.9753508051097561
2019-01-06 21:00:00,3980.57,3985.69,3953.53,3967.49,2190.129871,2019-01-06 21:59:59.999,8688592.86825885,13209,1361.898669,5402114.31510021,0,71.15769136404819,4.0178384160409415,3836.924,3868.768881075087,3824.382279413731,,49.59903837935963,28.201132871167996,21.39790550819163,36.70307614225985,3654.0538541357273,3836.924,4019.7941458642727,-365.74029172854534,1923.1256160098055,1.138838697153953
2019-01-06 22:00:00,3967.49,3988.0,3965.42,3970.36,977.128225,2019-01-06 22:59:59.999,3887798.12483857,9036,532.400619,2118318.40404557,0,71.45674523457342,4.736454741862562,3846.8510000000006,3878.4442257346027,3830.10689590731,,51.28316601295501,32.8175394995254,18.465626513429605,35.69428498924129,3657.4237150315316,3846.8510000000006,4036.2782849684695,-378.8545699369379,1833.030626389824,0.5330670480528009
2019-01-06 23:00:00,3970.99,4009.63,3970.79,3987.6,1232.875939,2019-01-06 23:59:59.999,4925902.0066606,9472,657.280169,2626444.09927093,0,73.25093378831444,4.9752409433977105,3857.6735000000003,3888.8400137598787,3836.283096067808,,53.39348634112275,36.93272886784487,16.46075747327788,35.949693204295485,3661.832578059986,3857.6735000000003,4053.5144219400145,-391.6818438800283,1775.8730371146025,0.6942365322484699
2019-01-07 00:00:00,3987.62,4017.9,3986.41,4008.05,1506.176402,2019-01-07 00:59:59.999,6035399.71717911,10271,840.996953,3369924.98404494,0,75.23918076904727,5.437541925894756,3869.6810000000005,3900.1933457827477,3843.0190530847567,,56.06973746614176,40.76013058750425,15.30960687863751,35.631143689702974,3667.66478065116,3869.6810000000005,4071.697219348841,-404.03243869768085,1750.1876432941642,0.8605799542528528
2019-01-07 01:00:00,4008.88,4009.84,3972.06,3984.28,1753.09007,2019-01-07 01:59:59.999,6988690.55476843,10628,899.081676,3584015.18596881,0,68.83462233265892,4.661633594443657,3880.0075,3908.2015985653434,3848.5586980618255,,55.631361709775774,43.73437681195856,11.896984897817212,35.78463342615277,3676.6674859840705,3880.0075,4083.34751401593,-406.68002803185937,1750.4640648851962,1.0015001765346014
2019-01-07 02:00:00,3984.02,3987.2,3970.03,3987.2,1289.863277,2019-01-07 02:59:59.999,5132623.17045088,8614,582.114504,2316639.26788434,0,69.18167273342371,4.557886814619012,3890.7565000000004,3915.7252558448345,3853.9956118633227,,54.88686376151509,45.96487420186987,8.921989559645219,34.45501675285612,3688.6828901419813,3890.7565000000004,4092.8301098580196,-404.1472197160383,1706.5973231818443,0.7558099731430085
2019-01-07 03:00:00,3987.04,3996.97,3983.03,3992.26,815.622544,2019-01-07 03:59:59.999,3254751.07731596,7321,386.253899,1541460.46792779,0,69.80907902052802,-0.37059127401044417,3901.9725000000003,3923.0142790977075,3859.417744731428,,54.08172304693426,47.58824397088275,6.493479076051507,32.98965841336637,3703.736395276901,3901.9725000000003,4100.2086047231,-396.4722094461986,1621.742582307383,0.5029297207202567
2019-01-07 04:00:00,3991.69,3996.06,3986.4,3988.72,648.232107,2019-01-07 04:59:59.999,2587752.34287779,6443,286.899838,1145352.22019935,0,68.75450183445082,-0.00927529837633008,3912.7645000000007,3929.271966802688,3864.488421408627,,52.552205700218565,48.581036316749916,3.9711693834686486,31.32325424098305,3720.715006546393,3912.7645000000007,4104.813993453608,-384.0989869072155,1529.027298944775,0.4239506432928721
2019-01-07 05:00:00,3987.89,3996.08,3980.08,3994.96,732.657805,2019-01-07 05:59:59.999,2923203.11465154,6484,360.49541,1438464.98195532,0,69.62554751752468,-0.18738475837360025,3923.9475000000007,3935.527969964337,3869.604953902406,,51.25275814139286,49.11538068167851,2.137377459714351,30.22873608091283,3740.738103909661,3923.9475000000007,4107.1568960903405,-366.4187921806797,1453.182585235749,0.5041746387850783
2019-01-07 06:00:00,3993.82,4001.77,3982.61,3990.78,1105.659213,2019-01-07 06:59:59.999,4414136.79488088,7383,623.325369,2488786.83526225,0,68.25292498841274,0.34245542045078264,3933.6370000000006,3940.790068062972,3874.356916494469,,49.317148137852655,49.15573417291334,0.16141396493931381,29.438112075133333,3758.3732039847323,3933.6370000000006,4108.9007960152685,-350.5275920305362,1420.0851212132966,0.7785865765957349
2019-01-07 07:00:00,3990.76,4001.21,3988.0,4001.0,1113.761223,2019-01-07 07:59:59.999,4448357.74492572,7863,535.50317,2138862.10716046,0,69.81955840811415,0.8446146052037994,3942.975000000001,3946.5243472950697,3879.3233119260585,,48.05389644689785,48.935366627710245,-0.8814701808123928,28.278961212623813,3774.735942828689,3942.975000000001,4111.214057171313,-336.4781143426235,1390.911416621554,0.8007420240357676
2019-01-07 08:00:00,4001.02,4015.0,3990.0,4007.7,2023.90655,2019-01-07 08:59:59.999,8099668.14508647,10398,994.752601,3981570.86930363,0,70.83563124133657,0.9404688743589924,3953.8195000000005,3952.3505999336344,3884.357691850527,,47.05101952154109,48.55849720647642,-1.5074776849353242,28.044749697436398,3799.493200781354,3953.8195000000005,4108.145799218647,-308.6525984372929,1451.1966674195014,1.3946466357305545
2019-01-07 09:00:00,4007.68,4010.67,3921.53,3957.01,4055.909859,2019-01-07 09:59:59.999,16072562.36193083,19703,2005.619245,7947052.22420558,0,55.587721991543454,-0.7671280971010054,3961.739500000001,3952.7943523209074,3887.2068019740354,,41.68544905840963,47.183887576863064,-5.498438518453433,32.4086961476195,3825.78707496599,3961.739500000001,4097.6919250340125,-271.90485006802237,1699.264590427168,2.38686187062864
2019-01-07 10:00:00,3957.01,3997.0,3955.5,3959.35,2001.424162,2019-01-07 10:59:59.999,7952765.89534079,12297,1164.868669,4628477.71292542,0,56.05795921297015,-1.2150547024114038,3969.639500000001,3953.4186997189163,3890.0359469946616,,37.1932733501626,45.18576473152297,-7.992491381360374,33.05807499421811,3856.477053285941,3969.639500000001,4082.801946714061,-226.32489342812005,1728.0416924817234,1.1582036305649888
2019-01-07 11:00:00,3959.35,3976.9,3952.07,3976.76,975.349508,2019-01-07 11:59:59.999,3867116.65236122,7692,539.464175,2139116.5231948,0,59.4943106840084,-0.18874175509753283,3978.136500000001,3955.641680698067,3893.436890249773,,34.638739409511345,43.07635966712065,-8.437620257609304,32.470355351773954,3894.8819206665103,3978.136500000001,4061.3910793334917,-166.50915866698142,1656.356722531083,0.5888523255483069
2019-01-07 12:00:00,3976.78,3978.0,3955.02,3956.87,881.119979,2019-01-07 12:59:59.999,3499065.88885061,8453,374.726911,1488389.48130098,0,54.272535597218464,-0.7606841894060977,3985.310500000001,3955.7586634887275,3895.9244631811544,,30.655913793223135,40.59227049234115,-9.936356699118015,31.792472826647245,3952.2067622718323,3985.310500000001,4018.4142377281696,-66.2074754563373,1582.524651718599,0.5567812027718597
2019-01-07 13:00:00,3956.87,3982.96,3955.02,3980.26,849.436031,2019-01-07 13:59:59.999,3372610.29195181,8071,473.906493,1881743.45258044,0,58.84684922980646,-0.30058162544523653,3983.968000000001,3958.092124108849,3899.2317391348347,,29.05198017598059,38.28421242906904,-9.232232253088455,31.517296196172445,3952.446691851943,3983.968000000001,4015.4893081480595,-63.04261629611665,1512.7066878406372,0.5615338636550588
2019-01-07 14:00:00,3980.98,4000.0,3975.8,3985.46,1168.983601,2019-01-07 14:59:59.999,4660659.30757944,9416,619.493437,2470381.93285649,0,59.80941616251645,-0.08173047995346286,3983.7865000000006,3960.698588479435,3902.6132395609197,,27.879075146220657,36.203184972499365,-8.324109826278708,30.994632182160117,3952.3476756782597,3983.7865000000006,4015.2253243217415,-62.877648643481734,1479.9711557605765,0.789869178497093
2019-01-07 15:00:00,3985.48,3990.0,3964.49,3969.91,1269.785993,2019-01-07 15:59:59.999,5048909.11353388,9238,558.880529,2222694.91789188,0,55.61984694999929,-0.6270400704888205,3982.159000000001,3961.5758657671076,3905.2523282055895,3795.6099,25.40196636055498,34.04294125011049,-8.640974889555508,30.60287274057727,3951.4283159341626,3982.159000000001,4012.8896840658394,-61.46136813167686,1459.9535212119501,0.8697441216799241
2019-01-07 16:00:00,3969.91,3985.98,3965.0,3978.96,1225.540906,2019-01-07 16:59:59.999,4872742.92938484,9127,693.463793,2757200.28060718,0,57.486359734920995,-0.29618270112609973,3982.2490000000007,3963.231497598812,3908.1428251387038,3797.434279104478,23.893667837762223,32.01308656764083,-8.11941872987861,29.915524687678896,3951.5694591402535,3982.2490000000007,4012.928540859748,-61.3590817194945,1437.6285102393836,0.8524739856445471
2019-01-07 17:00:00,3978.96,3989.18,3941.0,3979.34,2244.208569,2019-01-07 17:59:59.999,8913570.55908698,12430,1098.800677,4364592.22836327,0,57.56705815206639,-0.5413646588352875,3982.8415000000005,3964.7656406846395,3910.9348712116957,3799.244286277568,22.469973350243436,30.104463924161358,-7.6344905739179225,31.220130067130395,3952.9136018903837,3982.8415000000005,4012.769398109617,-59.855796219233525,1514.4456586927754,1.4818680063681744
2019-01-07 18:00:00,3979.34,3994.98,3976.0,3977.89,1326.024328,2019-01-07 18:59:59.999,5282719.14575152,9216,751.807581,2995428.60528491,0,57.121498960297025,-0.743818150061131,3983.2180000000003,3966.015579667055,3913.5605625367275,3801.0218555683387,20.982805608167382,28.280132260962564,-7.2973266527951814,30.34583506233537,3953.765557978173,3983.2180000000003,4012.6704420218275,-58.90488404365442,1496.5007700553683,0.8860832914579383
2019-01-07 19:00:00,3977.0,3989.35,3974.31,3988.52,906.537352,2019-01-07 19:59:59.999,3610063.71833509,7383,511.66883,2037784.81317321,0,59.590733183303975,0.7963083237090571,3983.264,3968.158857794002,3916.500148319601,3802.887508746763,20.42650261243034,26.709406331256123,-6.282903718825782,29.252561129311413,3953.7798844550134,3983.264,4012.748115544987,-58.968231089973415,1440.313777859619,0.6294026801209676
2019-01-07 20:00:00,3987.71,3988.74,3961.0,3970.96,1272.856043,2019-01-07 20:59:59.999,5061051.39328129,9232,664.806349,2643327.90534142,0,54.05315730827555,0.29322994936037805,3981.4094999999998,3968.425633242192,3918.6358287776557,3804.5598718438105,18.357074309645668,25.03893992693403,-6.681865617288363,29.144521048646297,3953.8891867559773,3981.4094999999998,4008.929813244022,-55.040626488044836,1424.365422158703,0.8936302603238695
2019-01-07 21:00:00,3969.88,3981.25,3967.0,3971.98,776.604485,2019-01-07 21:59:59.999,3087541.07040205,6775,445.256844,1770251.38765738,0,54.31870328629558,-0.1201983524276094,3980.7945,3968.764144361983,3920.727757060885,3806.2257437657627,16.607897442112062,23.352731429969637,-6.744833987857575,28.080626688028705,3952.995948371757,3980.7945,4008.593051628243,-55.59710325648575,1362.6739043340647,0.5699122016866718
2019-01-07 22:00:00,3971.99,3975.35,3951.55,3964.81,1130.427113,2019-01-07 22:59:59.999,4482979.34293251,9750,585.844953,2323595.14116368,0,52.04182286902576,0.20066365586941332,3979.675,3968.3875591846518,3922.4564724702623,3807.8036965641136,14.47623012490385,21.577431168956483,-7.101201044052633,27.77486763888378,3951.168248445201,3979.675,4008.1817515547996,-57.01350310959879,1340.555162302249,0.843252963241454
2019-01-07 23:00:00,3965.61,3978.97,3954.19,3975.45,796.669144,2019-01-07 23:59:59.999,3161440.16001275,7031,406.320335,1612498.12430786,0,55.05275561548676,-0.12084637686986277,3978.8345,3969.0601725956376,3924.534650020448,3809.4718189863615,13.489924048744342,19.959929744914056,-6.470005696169714,27.560948521820634,3950.904680828657,3978.8345,4006.764319171343,-55.859638342685685,1288.756493892511,0.6181688688091658
2019-01-08 00:00:00,3976.76,3989.0,3973.79,3981.12,930.173886,2019-01-08 00:59:59.999,3703205.01115012,7707,466.438347,1857097.30162857,0,56.615886102346494,-0.10889583636519111,3978.4545000000003,3970.208727586529,3926.75368335298,3811.179761086,13.01575348709548,18.571094493350344,-5.555341006254864,26.678737913119164,3950.8865258462124,3978.4545000000003,4006.022474153788,-55.135948307575745,1254.6057693313194,0.741407307967159
2019-01-08 01:00:00,3981.12,3982.1,3960.0,3961.03,965.357437,2019-01-08 01:59:59.999,3830122.30509952,6936,487.972185,1936111.03501196,0,49.98308760449694,-0.22368265275534344,3976.758,3969.334563054479,3928.0978526332556,3812.6708082393734,10.893303577118331,17.035536310103943,-6.142232732985612,26.351685205039217,3949.290939842772,3976.758,4004.2250601572277,-54.93412031445587,1227.058309109289,0.7867249908447664
2019-01-08 02:00:00,3961.53,3966.39,3922.0,3949.16,2296.01163,2019-01-08 02:59:59.999,9051478.6671204,12229,1106.501319,4362012.70047629,0,46.5156173090897,-0.7489394213563388,3974.677,3967.41317609691,3928.9238191966574,3814.028909649927,8.159380672411316,15.26030518256542,-7.100924510154103,27.64013626182212,3945.43388467894,3974.677,4003.92011532106,-58.48623064212006,1328.8633872893568,1.7278011057881972
2019-01-08 03:00:00,3949.0,3957.49,3942.0,3945.61,1034.499947,2019-01-08 03:59:59.999,4085109.80356869,7703,554.170293,2188463.42064433,0,45.499008384066116,-0.8476279986128358,3971.9075000000007,3965.336683135299,3929.578179228161,3815.3381742305246,5.641243004365151,13.336492746925368,-7.695249742560216,26.77226938597767,3942.669469340622,3971.9075000000007,4001.1455306593793,-58.476061318757274,1300.8287739284656,0.7952621957122303
2019-01-08 04:00:00,3944.94,3947.62,3936.26,3944.88,1460.014763,2019-01-08 04:59:59.999,5755045.71703581,7986,786.762798,3101436.28058678,0,45.27985943631748,-0.8298369235951664,3968.7665000000006,3963.3884275986043,3930.1782506309783,3816.6271476212655,3.545821834194612,11.378358564379218,-7.832536730184605,25.671393001264953,3942.358121524961,3968.7665000000006,3995.1748784750403,-52.81675695007925,1315.989344316231,1.1094426936705954
2019-01-08 05:00:00,3943.86,3952.54,3939.81,3950.49,1002.696468,2019-01-08 05:59:59.999,3957065.98697191,6631,488.068093,1926257.04596657,0,47.37751182882456,-0.9534865062730086,3968.4405,3962.1600059225466,3930.9747898219202,3817.959116301651,2.3112232326739104,9.564931498038156,-7.253708265364246,24.747007786888886,3941.271046196202,3968.4405,3995.6099538037984,-54.33890760759641,1286.151927524209,0.7796096608354431
2019-01-08 06:00:00,3950.49,3965.66,3940.0,3958.56,1044.670249,2019-01-08 06:59:59.999,4127405.26632324,7439,533.156158,2107066.1340621,0,50.32735521278769,-0.31226705884723316,3968.401,3961.8171482156376,3932.0565627700803,3819.358130069794,1.961367083531968,8.044218615136918,-6.08285153160495,24.812221516396814,3941.1736639686296,3968.401,3995.62833603137,-54.45467206274043,1263.1536724266653,0.8270333782848978
2019-01-08 07:00:00,3959.59,3968.42,3946.09,3953.6,1038.145484,2019-01-08 07:59:59.999,4110609.55947461,7134,496.417211,1965703.37909572,0,48.52681752973,-0.4627415042371842,3967.2429999999995,3961.034562671291,3932.9014034457637,3820.6938700691,1.2692419856734887,6.689223289244233,-5.4199813035707445,24.634919979511324,3939.546583283317,3967.2429999999995,3994.939416716682,-55.39283343336501,1241.7243211479351,0.8360515021887202
2019-01-08 08:00:00,3953.14,3974.2,3948.75,3960.64,1238.26706,2019-01-08 08:59:59.999,4903701.40030705,8649,633.721912,2509370.08302739,0,51.195714053433925,-0.10517527952159303,3967.4314999999997,3960.996985274025,3933.98919154593,3822.0863688743825,1.274109877828323,5.6062006069610515,-4.332090729132728,24.693139980974788,3939.982122842903,3967.4314999999997,3994.880877157096,-54.898754314192956,1241.3950581814652,0.9974802556520183
2019-01-08 09:00:00,3960.67,3982.0,3958.48,3973.62,1716.901261,2019-01-08 09:59:59.999,6812603.63645437,12239,821.128333,3258627.7433782,0,55.751240118052046,-0.04603252461985253,3967.0995,3962.1991771526896,3935.5433408970703,3823.5941661990155,2.2988455782024175,4.944729601209325,-2.645884023006907,24.60934426804802,3940.147311943195,3967.0995,3994.051688056805,-53.90437611360994,1286.681363211802,1.334363977041128
2019-01-08 10:00:00,3972.12,3982.25,3964.0,3980.69,1303.373959,2019-01-08 10:59:59.999,5176651.93340527,9123,813.001138,3228747.02554419,0,58.04823593883939,-0.010800980628562724,3966.8610000000003,3963.9602079000524,3937.313798116793,3825.157308823901,3.6394921174905903,4.6836821044655785,-1.0441899869749882,24.155105391758873,3940.5153095305413,3966.8610000000003,3993.2066904694593,-52.69138093891797,1288.2711342392492,1.0117233277680084
2019-01-08 11:00:00,3981.81,4018.0,3967.93,4001.59,2222.315967,2019-01-08 11:59:59.999,8874956.80300894,12727,1204.528426,4812458.64250576,0,63.997971085031544,1.0239760870278676,3968.445,3967.543997623857,3939.834433484762,3826.9128579898324,6.315616988812508,5.010069081334964,1.3055479074775436,26.006169292347536,3937.859213483403,3968.445,3999.0307865165973,-61.17157303319436,1377.2277849783684,1.6136154027962086
2019-01-08 12:00:00,4002.32,4007.0,3988.64,3988.83,1582.579228,2019-01-08 12:59:59.999,6324672.33490804,9735,823.768844,3292148.94117559,0,58.53933361670102,1.0045174163619623,3968.9385,3969.5712359453946,3941.755828250066,3828.52397383073,7.322431437982232,5.472541552664418,1.8498898853178138,25.46001434289415,3937.336730379382,3968.9385,4000.5402696206183,-63.203539241236285,1396.785065266143,1.1330155707946776
2019-01-08 13:00:00,3989.16,4039.0,3988.83,4026.72,2585.67229,2019-01-08 13:59:59.999,10380813.57005678,15447,1425.434377,5722111.29409633,0,67.424535137311,2.0557024135684894,3971.3075,3975.013975379167,3945.087756553985,3830.4960735936083,11.050363767810268,6.588105995693589,4.462257772116679,27.225013318401714,3930.6239754024323,3971.3075,4011.9910245975675,-81.36704919513522,1510.0124200027008,1.712351670587832
2019-01-08 14:00:00,4027.3,4028.19,4002.76,4008.81,2165.90347,2019-01-08 14:59:59.999,8696010.30718926,13184,1167.327538,4686320.32293037,0,60.792639708995665,1.620581614649871,3972.8535000000006,3978.232644390675,3947.586668061672,3832.27034151805,12.41646045052039,7.753776886658949,4.662683563861441,27.09679808137301,3928.8983447308683,3972.8535000000006,4016.808655269133,-87.91031053826464,1572.4782342881579,1.3773821619734399
2019-01-08 15:00:00,4008.81,4069.8,3981.0,4000.48,4677.308972,2019-01-08 15:59:59.999,18827171.89000393,20635,2298.297174,9255597.37467491,0,57.93821295413235,1.2654126450136627,3973.4515,3980.351440162992,3949.660916372979,3833.944069463144,12.68076457001689,8.739174423330539,3.9415901466863517,31.504169646989236,3928.2900430867985,3973.4515,4018.6129569132017,-90.32291382640324,1868.1763997845237,2.5036762976662605
2019-01-08 16:00:00,4002.04,4007.84,3938.82,3968.77,3645.257845,2019-01-08 16:59:59.999,14497855.81235102,17807,1735.808363,6905229.71109166,0,48.58598944745262,0.2579220726728921,3973.3420000000006,3979.2484458617546,3950.4102922014895,3835.285621010775,10.213757659993007,9.034091070663033,1.1796665893299743,34.18387181506143,3928.144501885767,3973.3420000000006,4018.539498114234,-90.39499622846688,2037.4222517098071,1.7891518765640728
2019-01-08 17:00:00,3970.76,3984.4,3956.0,3962.0,1615.968972,2019-01-08 17:59:59.999,6419165.90393716,9662,854.464664,3395200.81184961,0,46.84734076639608,0.21246458923512979,3972.8430000000003,3977.6057367320636,3950.8647905465295,3836.5464606027076,7.624464409575467,8.75216573844552,-1.127701328870053,33.77073811398562,3927.362705551145,3972.8430000000003,4018.3232944488554,-90.9605888977103,1997.283844118397,0.8090832841604896
2019-01-08 18:00:00,3962.0,3977.06,3954.0,3968.46,892.064159,2019-01-08 18:59:59.999,3537767.99046852,7840,543.161654,2153742.15993009,0,48.732598044796504,0.19744283752121283,3973.0255000000006,3976.734714186153,3951.5547987603913,3837.8590331340242,6.024255003583676,8.206583591473152,-2.182328587889476,33.005685391558075,3927.651760562712,3973.0255000000006,4018.3992394372895,-90.74747887457761,1892.0248264880734,0.4714864976987781
2019-01-08 19:00:00,3969.42,3983.0,3957.93,3976.12,906.055119,2019-01-08 19:59:59.999,3598745.40171415,7803,553.1157,2197161.83416576,0,50.95401471901849,0.062914923923274,3973.0590000000007,3976.6761699779477,3952.518139985474,3839.2347641476163,5.3129313378794905,7.62785314075442,-2.314921802874929,32.43885072073251,3927.676735019796,3973.0590000000007,4018.4412649802052,-90.76452996040916,1798.1229495844473,0.5038894137964217
2019-01-08 20:00:00,3976.11,3985.8,3965.4,3965.4,771.559473,2019-01-08 20:59:59.999,3065726.19632006,7311,382.306135,1519374.53008696,0,47.830494727442534,-0.3841042633312306,3972.273,3975.602249027667,3953.023310966436,3840.4901396287346,3.8399235503579803,6.870267222675133,-3.0303436723171524,31.578932812108768,3926.9340727961426,3972.273,4017.6119272038577,-90.67785440771513,1700.3549994335476,0.4537637571313259
2019-01-08 21:00:00,3965.4,3976.46,3960.9,3963.23,682.332459,2019-01-08 21:59:59.999,2708073.03450476,7048,314.408375,1247925.69907548,0,47.1997477311098,-0.9586189489677884,3972.3830000000007,3974.4239395964605,3953.4235732814777,3841.7114317717324,2.4689923943183203,5.99001225700377,-3.52101986268545,30.434723325529568,3927.1483699962564,3972.3830000000007,4017.617630003745,-90.46926000748863,1603.4004717732098,0.42555336050600295
2019-01-08 22:00:00,3963.34,3968.47,3952.3,3967.83,607.332968,2019-01-08 22:59:59.999,2405352.6700647,7129,323.444195,1280955.94223763,0,48.74282531834308,-0.5264701679439836,3973.3165000000004,3973.795945349179,3953.988531192008,3842.9663428983818,1.733715934238262,5.1387529924506685,-3.4050370582124065,29.415814516563145,3929.346870637082,3973.3165000000004,4017.286129362919,-87.93925872583713,1508.536899985285,0.40259735642258687
2019-01-08 23:00:00,3967.83,3971.4,3903.0,3955.13,2516.960056,2019-01-08 23:59:59.999,9929535.34092785,12794,1234.574369,4871985.4821444,0,44.846040346001914,-1.7778738029959793,3973.7925000000005,3972.018236268305,3954.0332946746744,3844.08239918795,0.12478177395632883,4.1359587487518015,-4.011176974795473,32.2003991939515,3930.892674028119,3973.7925000000005,4016.692325971882,-85.79965194376291,1604.5772005581148,1.568612625883338
2019-01-09 00:00:00,3955.45,3970.47,3930.04,3955.73,1725.742603,2019-01-09 00:59:59.999,6833071.23645478,10271,864.848315,3425140.16681579,0,45.06947047753718,-1.3240837056383299,3974.335000000001,3970.466975671324,3954.0998321384127,3845.193320589065,-1.0893379444864877,3.090899410104144,-4.1802373545906315,32.78822782295495,3932.719436868722,3974.335000000001,4015.95056313128,-83.23112626255806,1616.116762695437,1.0678328712597
2019-01-09 01:00:00,3955.76,3997.74,3936.26,3986.0,2380.545266,2019-01-09 01:59:59.999,9457363.80659639,12935,1030.026692,4092549.37493645,0,54.9784950667524,-0.361956565212175,3976.1105000000007,3971.946311321674,3955.3508191133774,3846.594382075741,0.3865436202040655,2.5500282521241284,-2.163484631920063,34.83764012131528,3935.767883392579,3976.1105000000007,4016.4531166074225,-80.68523321484372,1688.9194772958717,1.4095078528027223
2019-01-09 02:00:00,3985.74,3999.89,3977.3,3980.64,1439.526341,2019-01-09 02:59:59.999,5739201.97639516,9793,714.629612,2849049.99966476,0,53.1501479533279,0.29908510697268653,3977.214500000001,3972.7742816719906,3956.3425516971665,3847.9281693187686,1.110877682338014,2.2621981381669056,-1.1513204558288916,33.96280868407845,3937.694027237583,3977.214500000001,4016.7349727624187,-79.04094552483548,1665.1677500295982,0.864493286621971
2019-01-09 03:00:00,3981.89,3992.75,3977.42,3981.03,986.812642,2019-01-09 03:59:59.999,3934224.28200092,8864,433.012093,1726125.44377934,0,53.27191458440749,0.4803129732458405,3978.5860000000007,3973.5605405603724,3957.3106869247285,3849.252565643955,1.6968274155497056,2.1491239936434656,-0.45229657809376,32.63189377807284,3940.6437583549796,3978.5860000000007,4016.528241645022,-75.88448329004223,1600.5625016458268,0.6165411478685024
2019-01-09 04:00:00,3981.98,4002.0,3981.03,3994.0,928.313063,2019-01-09 04:59:59.999,3704281.20851616,8104,431.214492,1721116.53672832,0,57.2511912594959,0.6435745856075143,3980.254000000001,3975.5071557450988,3958.7494835159155,3850.6928386226223,3.1712116519347546,2.353541525301724,0.8176701266330308,31.79890136535334,3942.7024828816307,3980.254000000001,4017.805517118371,-75.10303423674031,1536.5387455843197,0.604158577626351
2019-01-09 05:00:00,3994.0,3999.2,3983.0,3987.98,802.910191,2019-01-09 05:59:59.999,3203397.82473787,7068,411.094666,1640034.97077714,0,54.91371002102035,0.2982807359938867,3980.972000000001,3976.695045674137,3959.8957782799976,3852.0588800293626,3.8099889123277535,2.6448310027069297,1.1651579096208238,30.684694124970946,3943.405431099663,3980.972000000001,4018.538568900339,-75.1331378006762,1466.6693594334322,0.5474377615075838
2019-01-09 06:00:00,3988.19,3990.0,3978.0,3986.63,801.934331,2019-01-09 06:59:59.999,3195489.20837446,6799,403.355502,1607391.65321012,0,54.3775368267826,0.5353810460483184,3981.2690000000002,3977.6412318004095,3960.9441791317627,3853.3978961484736,4.15934444212553,2.94773369059065,1.21161075153488,29.350073116044452,3943.617990423871,3981.2690000000002,4018.9200095761294,-75.30201915225825,1403.3612614873912,0.5714382696797885
2019-01-09 07:00:00,3986.44,4000.0,3985.02,3987.88,797.726342,2019-01-09 07:59:59.999,3184855.29219176,7428,374.056175,1493403.31480122,0,54.81743897568437,0.6219674356522354,3980.5835000000006,3978.616352581323,3962.0004858324783,3854.736026535056,4.485371202597889,3.255261192992098,1.2301100096057915,28.323639322041277,3944.006380160052,3980.5835000000006,4017.1606198399495,-73.15423967989773,1345.681745345735,0.5928046098262608
2019-01-09 08:00:00,3987.76,3991.78,3971.11,3982.54,1076.596718,2019-01-09 08:59:59.999,4288752.72005875,8026,628.774013,2505016.11319217,0,52.48901683788667,0.37073160896510277,3980.2690000000007,3978.9900332878638,3962.8059569763027,3856.0077078630657,4.263707026870179,3.4569503597677143,0.8067566671024649,27.776950799038335,3943.882762057951,3980.2690000000007,4016.6552379420505,-72.77247588409955,1320.0545998842363,0.8155698393796843
2019-01-09 09:00:00,3982.85,3996.98,3976.0,3978.0,930.436261,2019-01-09 09:59:59.999,3707677.46215059,7990,559.87866,2231126.26502493,0,50.524114506779476,0.5782363664405441,3977.8330000000005,3978.8957444033053,3963.4018018007614,3857.2215615161695,3.6792840170905947,3.50141709123229,0.17786692585830455,27.291454313392745,3948.7502758099877,3977.8330000000005,4006.9157241900134,-58.16544838002574,1282.948091419071,0.7252329749139288
2019-01-09 10:00:00,3977.7,3987.07,3971.5,3982.77,1215.609054,2019-01-09 10:59:59.999,4840254.75252479,7626,720.727261,2869749.22616032,0,52.53458197156295,0.6835653596175665,3976.531,3979.2647211268004,3964.1613389850454,3858.4707997100386,3.5599863995471424,3.513130952895261,0.04685544665188157,26.454207576721846,3951.1975672117123,3976.531,4001.8644327882876,-50.66686557657522,1276.534849760112,0.9522725166715494
2019-01-09 11:00:00,3982.53,4006.81,3980.58,3986.44,1377.455574,2019-01-09 11:59:59.999,5501104.94040565,9033,833.485354,3328976.96009494,0,54.08066024498963,0.011038635223282854,3975.8289999999997,3979.9480810194864,3965.0350119660243,3859.7441250860584,3.718713492360166,3.554247460788242,0.1644660315719242,26.438192749813144,3952.5990466503226,3975.8289999999997,3999.058953349677,-46.45990669935418,1286.146347306768,1.0709944298986167
2019-01-09 12:00:00,3985.52,3996.3,3956.0,3976.72,1947.409478,2019-01-09 12:59:59.999,7749174.23523106,11018,821.899953,3270304.38740891,0,49.483404899017614,-0.09847662687407233,3976.2264999999998,3979.640644731916,3965.493246790886,3860.9080641399287,3.025309209038369,3.4484598104382678,-0.4231506013998989,27.42832183911222,3953.2342804693853,3976.2264999999998,3999.218719530614,-45.98443906122884,1349.123788325171,1.4434624123095128
2019-01-09 13:00:00,3976.86,3977.71,3952.0,3968.09,1406.145935,2019-01-09 13:59:59.999,5576075.48435384,9084,760.0595,3014015.85463901,0,45.763711890748425,-0.3250415093581323,3976.5310000000004,3978.5405833288764,3965.595080250067,3861.97455106391,1.7591342382420407,3.1105946959990227,-1.351460457756982,27.30558456488992,3954.1797128359167,3976.5310000000004,3998.882287164084,-44.70257432816743,1354.5544689608691,1.038087406022667
2019-01-09 14:00:00,3968.07,3968.11,3941.0,3951.22,1689.845892,2019-01-09 14:59:59.999,6690201.90902774,10051,860.502275,3407363.15197379,0,39.51117281686227,-1.0711066599899899,3975.669000000001,3975.9386230118407,3965.0313516128094,3862.862565481185,-0.5986852886012457,2.368738699078969,-2.9674239876802146,27.291614238826366,3950.8172289946606,3975.669000000001,4000.520771005341,-49.703542010680394,1386.4869854407864,1.218796793438902
2019-01-09 15:00:00,3951.22,3971.18,3942.39,3958.28,1552.413564,2019-01-09 15:59:59.999,6145699.32104011,9381,763.079947,3021211.06236605,0,43.01977122551193,-0.7447379375021895,3974.7770000000014,3974.256849391665,3964.7665927260323,3863.8119926903278,-1.875966282126683,1.5197977028378387,-3.3957639849645216,27.39864179319591,3948.7409496083496,3974.7770000000014,4000.813050391653,-52.07210078330354,1402.2895167321399,1.1070563856297702
2019-01-09 16:00:00,3957.59,3977.93,3952.44,3963.03,1328.487833,2019-01-09 16:59:59.999,5267254.2878444,9085,775.913053,3076512.64520728,0,45.317914799036835,-0.591978688767202,3974.658500000001,3973.187625640078,3964.6984910505016,3864.7992365441555,-2.4763890972008085,0.7205603428301093,-3.1969494400309175,27.262310236539044,3948.421949942038,3974.658500000001,4000.895050057964,-52.47310011592617,1395.2607849481265,0.952143031131912
2019-01-09 17:00:00,3965.05,3972.0,3955.68,3968.0,888.102025,2019-01-09 17:59:59.999,3520443.32860462,7646,477.165846,1891513.55828568,0,47.69499418463252,-0.49851048677493076,3974.897000000001,3972.6935660553086,3964.8279619896975,3865.826109812373,-2.5221176378181553,0.07202474670045633,-2.594142384518612,26.48071664821484,3949.0135323238183,3974.897000000001,4000.7804676761834,-51.76693535236518,1346.9599506673524,0.659338107684634
2019-01-09 18:00:00,3967.14,3975.0,3958.0,3971.38,815.142596,2019-01-09 18:59:59.999,3233960.91055447,7306,463.12111,1837544.44749976,0,49.308889708876066,-0.2802231741551837,3975.074500000001,3972.5684645262313,3965.0849046567682,3866.8763972769266,-2.259573131032994,-0.3942948288462337,-1.86527830218676,25.803522601913784,3949.346867118587,3975.074500000001,4000.802132881415,-51.455265762828276,1296.3106787942713,0.6288173115708521
2019-01-09 19:00:00,3970.06,3983.66,3964.79,3978.34,920.183472,2019-01-09 19:59:59.999,3654673.57166984,7274,571.107971,2268572.79153689,0,52.55525580841287,0.008547008547012205,3976.2350000000006,3973.118134571352,3965.604712317287,3867.985487851286,-1.472912071517385,-0.6100182773804639,-0.862893794136921,25.308270987491362,3952.261229684206,3976.2350000000006,4000.2087703157954,-47.94754063158962,1260.4890400519598,0.7300210019771916
2019-01-09 20:00:00,3978.98,3981.0,3961.0,3967.0,881.474455,2019-01-09 20:59:59.999,3500950.53736328,7958,447.456775,1777183.91193887,0,47.24615843067186,-0.3959555786550562,3976.7985000000003,3972.5354550883662,3965.659429481315,3868.9707068776415,-1.744412243446277,-0.8368970705936265,-0.9075151728526505,24.92910877409912,3954.3743473493014,3976.7985000000003,3999.2226526506993,-44.848305301397886,1224.392412904154,0.7199280604077071
2019-01-09 21:00:00,3967.0,3990.0,3955.0,3966.48,1534.088939,2019-01-09 21:59:59.999,6090363.55411234,11714,814.40395,3233195.7394811,0,47.01163573812304,-0.5006973640641784,3975.8225,3971.958745079951,3965.6916087173418,3869.9409486002523,-1.9787281930380232,-1.0652632950825058,-0.9134648979555173,25.648458147377756,3953.3854311653386,3975.8225,3998.259568834662,-44.87413766932332,1253.8873201513775,1.2234663468921552
2019-01-09 22:00:00,3966.23,3977.67,3962.21,3967.4,851.947204,2019-01-09 22:59:59.999,3380997.23422492,8357,485.94487,1928400.1127507,0,47.5080907576301,-0.23436399847109451,3975.1605000000004,3971.52457888186,3965.7586044539166,3870.910690405225,-2.066369142797612,-1.265484464625527,-0.8008846781720849,24.920711136850777,3952.5413646682837,3975.1605000000004,3997.779635331717,-45.23827066343347,1215.6073090893415,0.7008408041230245
2019-01-09 23:00:00,3968.59,3973.55,3961.88,3966.65,710.589732,2019-01-09 23:59:59.999,2819481.23111482,6429,338.578935,1343513.05696046,0,47.12050531986653,-0.03628949948211997,3974.4415000000004,3971.060333274064,3965.7935611419985,3871.863320351442,-2.1713143981041867,-1.446650451321259,-0.7246639467829277,23.97423176993287,3951.6941070667476,3974.4415000000004,3997.188892933253,-45.49478586650548,1167.5103969855948,0.608636748618837
2019-01-10 00:00:00,3966.06,3989.81,3963.7,3987.66,877.788054,2019-01-10 00:59:59.999,3490568.09610408,8006,532.821381,2118998.44423395,0,57.564732127794784,0.9222467997226187,3974.1245,3972.641253914629,3966.651068548195,3873.0155261190894,-0.5527807445905637,-1.2678765099751201,0.7150957653845564,24.126786643509103,3952.3696820461037,3974.1245,3995.879317953896,-43.50963590779247,1139.9177928917286,0.7700450501550982
2019-01-10 01:00:00,3988.76,3993.46,3974.31,3982.44,1018.105854,2019-01-10 01:59:59.999,4056020.03211264,8652,573.623252,2285478.64952934,0,54.67532016270818,0.6103661186171735,3973.8474999999994,3973.5744678275214,3967.2702423306187,3874.104326854223,0.30519041693196414,-0.9532631245937033,1.2584535415256675,23.771301883258463,3952.702981860182,3973.8474999999994,3994.992018139817,-42.289036279635184,1128.3166558544212,0.9023228086879886
2019-01-10 02:00:00,3982.54,3985.0,3975.02,3981.0,901.010983,2019-01-10 02:59:59.999,3585736.94927445,7270,445.775967,1774276.77224846,0,53.87199255895948,0.453440927774955,3973.566,3974.281661367758,3967.808664200006,3875.167965392987,0.859040296564217,-0.5908024403621194,1.4498427369263363,22.786208891597145,3952.995905816125,3973.566,3994.136094183875,-41.14018836774994,1106.6684965349525,0.814165204685162
2019-01-10 03:00:00,3981.0,3990.49,3975.13,3978.94,1111.381074,2019-01-10 03:59:59.999,4427394.92744095,8830,414.118655,1649567.45894445,0,52.679562469317226,0.2757056451612917,3973.1189999999997,3974.7253126660667,3968.2451871725552,3876.200522951266,1.1188481475974186,-0.2488723227702118,1.3677204703676304,22.255765399340184,3953.491657203283,3973.1189999999997,3992.7463427967164,-39.25468559343335,1107.1173134363855,1.0038512274280853
2019-01-10 04:00:00,3978.96,3993.82,3976.14,3993.0,1075.455887,2019-01-10 04:59:59.999,4284051.38729624,9230,527.560716,2101517.41561793,0,59.3010540709074,0.5443951472787769,3973.642,3976.465759078822,3969.2159641461803,3877.3627068024975,2.4312463425940223,0.287151410302635,2.144094932291387,21.92892501367305,3952.4616559841857,3973.642,3994.822344015814,-42.36068803162834,1104.1019394900632,0.9740548843675672
2019-01-10 05:00:00,3993.0,3996.01,3986.57,3989.79,1464.983995,2019-01-10 05:59:59.999,5847544.72940758,11767,707.053406,2822453.1492229,0,57.32870575574523,0.2878084829350889,3974.2315000000003,3977.7347344046484,3970.0227890816245,3878.4813863368013,3.175703659555893,0.8648618601532866,2.3108417994026063,21.03685894126784,3951.914649368652,3974.2315000000003,3996.5483506313485,-44.63370126269638,1138.471659062438,1.2867988266009658
2019-01-10 06:00:00,3988.57,3990.47,3731.01,3781.31,11092.600113,2019-01-10 06:59:59.999,42564747.17053469,47228,4630.161019,17769137.68899972,0,17.234990598465945,-4.680867154020673,3964.1585000000005,3959.0276168423006,3962.622287549012,3877.514506870764,-12.908105606751178,-1.8897316332276066,-11.018373973523572,38.06708330260582,3875.3272688218362,3964.1585000000005,4052.9897311781647,-177.66246235632843,2086.4838927707774,5.316408217400335
2019-01-10 07:00:00,3779.63,3784.73,3747.61,3777.02,4132.69587,2019-01-10 07:59:59.999,15569627.76169391,23761,1933.994996,7286950.64562357,0,16.971955546620446,-4.77652729876364,3953.6875000000005,3941.693558095415,3955.3437664686585,3876.514561528766,-25.70450197657283,-6.652685701896652,-19.051816274676177,37.99943449527682,3832.4537480772774,3953.6875000000005,4074.9212519227235,-242.46750384544612,2281.361223935465,1.8115043889765459
2019-01-10 08:00:00,3777.54,3783.32,3752.5,3759.07,2371.377103,2019-01-10 08:59:59.999,8942625.76510951,15783,1200.942963,4529054.51154464,0,15.87990599109632,-5.251046025104601,3942.8050000000003,3924.300838276804,3947.6467560189076,3875.34595892649,-36.869148682540526,-12.695978298025427,-24.1731703845151,37.48661774561421,3794.274934640199,3942.8050000000003,4091.335065359802,-297.06013071960297,2289.934164798754,1.0355656243106026
2019-01-10 09:00:00,3757.89,3766.51,3715.65,3732.79,4205.651455,2019-01-10 09:59:59.999,15740413.53901218,27397,2097.754693,7853150.2871171,0,14.417261352696958,-5.895655023760607,3931.040000000001,3906.0617108218703,3939.2210008809116,3873.92749167349,-47.29262802559151,-19.615308243538642,-27.67731978205287,38.44185933521321,3756.027656976647,3931.040000000001,4106.052343023355,-350.0246860467082,2472.3834305322057,1.7010514643736676
2019-01-10 10:00:00,3732.77,3751.12,3725.0,3736.45,1579.290062,2019-01-10 10:59:59.999,5907698.89423815,14225,848.156634,3173408.25850802,0,15.58342376296183,-6.299684526765072,3920.3015000000014,3889.9082145531206,3931.2691969247976,3872.5595564329574,-54.62825853053937,-26.61789830093879,-28.01036022960058,37.561726525555116,3725.2894900837478,3920.3015000000014,4115.3135099162555,-390.02401983250775,2387.326919243424,0.6615307058576201
2019-01-10 11:00:00,3735.46,3744.7,3720.0,3739.99,1961.528236,2019-01-10 11:59:59.999,7324549.93219727,14060,1131.64148,4226630.30286047,0,16.764796017218984,-6.087976215586432,3909.3870000000015,3875.6302893575853,3923.7680519473547,3871.240456368948,-59.470609968540884,-33.18844063445921,-26.282169334081672,36.64303177372974,3699.4605249414117,3909.3870000000015,4119.313475058591,-419.8529501171797,2346.774663696431,0.8358400430786886
2019-01-10 12:00:00,3738.01,3750.0,3728.06,3732.81,1439.657104,2019-01-10 12:59:59.999,5379494.97964482,11396,753.381672,2815653.50549679,0,16.26753251791244,-6.234363225320273,3897.8760000000007,3862.028357037815,3916.279500890596,3869.8630388926404,-63.159510839128416,-39.18265467539305,-23.976856163735363,35.592815218463336,3675.4585894357556,3897.8760000000007,4120.293410564246,-444.8348211284906,2260.382515153914,0.6369086180539539
2019-01-10 13:00:00,3732.81,3736.11,3707.07,3725.62,2036.145041,2019-01-10 13:59:59.999,7576371.45007949,15168,1029.073471,3829409.18715369,0,15.763307055343425,-6.366519726359285,3885.757000000001,3849.0370849389756,3908.802657718416,3868.427784774306,-65.90347008714889,-44.526817757744226,-21.376652329404664,35.1247569885731,3653.2432777473377,3885.757000000001,4118.270722252664,-465.02744450532646,2239.026565234494,0.9093885140155781
2019-01-10 14:00:00,3725.19,3732.98,3713.3,3726.32,1921.461884,2019-01-10 14:59:59.999,7153047.81779312,12686,1180.063461,4392860.03786529,0,16.036172881777787,-6.6786877034810885,3873.504000000001,3837.3497435162158,3901.646475062792,3867.0137769656067,-67.24641855682694,-49.07073791756077,-18.17568063926617,34.02156006081787,3634.257975524425,3873.504000000001,4112.7500244755765,-478.49204895115145,2208.7823098788276,0.8699190841063057
2019-01-10 15:00:00,3726.32,3735.65,3713.4,3726.39,1861.669661,2019-01-10 15:59:59.999,6937004.35465387,12918,813.721362,3031823.13051098,0,16.065453030199162,-6.601851225252458,3860.9065000000014,3826.782148895624,3894.773672119153,3865.61453540376,-67.526661163477,-52.76192256674402,-14.764738596732983,33.180734342188025,3618.392631463311,3860.9065000000014,4103.420368536692,-485.0277370733811,2175.723962366558,0.8556552638116105
2019-01-10 16:00:00,3726.79,3726.79,3540.0,3583.21,8950.301648,2019-01-10 16:59:59.999,32160599.78313619,41193,4073.530304,14628591.12459703,0,9.085987338170153,-5.2389251344110885,3841.717,3803.584801381755,3882.5554888987945,3862.8045400266083,-78.39845624089867,-57.88922930157496,-20.50922693932371,44.15282474631745,3575.0192940441643,3841.717,4108.414705955836,-533.395411911672,2820.921837188791,3.1728286583507344
2019-01-10 17:00:00,3583.21,3588.78,3561.6,3574.18,1842.25247,2019-01-10 17:59:59.999,6584338.91014903,12241,987.707267,3530112.0417097,0,8.825574575624687,-5.370371350959226,3822.1020000000003,3781.736725059683,3870.4623324713907,3859.932654056194,-86.74315658656042,-63.66001475857205,-23.083141827988364,42.940480121580514,3536.9716730412924,3822.1020000000003,4107.232326958709,-570.2606539174162,2727.715230789858,0.6753829905721291
2019-01-10 18:00:00,3574.15,3576.61,3557.16,3573.78,1118.035194,2019-01-10 18:59:59.999,3989932.91925526,10202,611.768958,2183661.71879074,0,8.813524308659211,-4.929144708664642,3802.4210000000003,3761.931322673047,3858.8277311980028,3857.085363966083,-92.32441005867031,-69.39289381859172,-22.931516240078594,41.26258868432478,3505.426524566709,3802.4210000000003,4099.415475433292,-593.9889508665833,2574.412370143205,0.43428753177479795
2019-01-10 19:00:00,3573.78,3606.88,3540.33,3596.12,3226.02017,2019-01-10 19:59:59.999,11555156.83195439,18616,1432.645069,5134387.54783055,0,15.733675627863754,-3.661336426640665,3783.8945,3746.1397681327567,3848.5254672294536,3854.488693677864,-93.86294870424172,-74.28690479572172,-19.576043908519992,43.068832349730165,3483.823814750145,3783.8945,4083.9651852498546,-600.1413704997094,2636.470255843852,1.2236133378896972
2019-01-10 20:00:00,3596.73,3609.21,3582.0,3585.62,1613.426758,2019-01-10 20:59:59.999,5801166.64323738,13374,799.209554,2873796.69189728,0,15.151658007301483,-4.036719345903195,3763.7925,3730.852171167732,3838.2154489067298,3851.8133832930093,-94.83630007949887,-78.39678385247716,-16.439516227021713,41.93605861046373,3467.353257276777,3763.7925,4060.231742723223,-592.8784854464457,2539.037541763485,0.6354481694191086
2019-01-10 21:00:00,3585.07,3593.98,3574.65,3586.29,1029.946687,2019-01-10 21:59:59.999,3691427.28047397,10323,531.590847,1905409.17724512,0,15.366795900210718,-4.1096366567825005,3743.9849999999997,3717.084345342234,3828.336019537838,3849.171359578651,-94.46469446091714,-81.61036597416515,-12.854328486751996,40.32134013828775,3456.2476438463045,3743.9849999999997,4031.722356153695,-575.4747123073903,2395.314603214582,0.4299838883868456
2019-01-10 22:00:00,3586.29,3590.46,3574.64,3583.43,1215.705903,2019-01-10 22:59:59.999,4355185.97013745,10078,493.015011,1766412.11895594,0,15.189744271337219,-4.001810968144644,3724.1064999999994,3704.355360071545,3818.7318619089033,3846.5271669460276,-93.32517787130564,-83.95332835359325,-9.371849517712391,38.57124441412435,3450.7397955803385,3724.1064999999994,3997.4732044196603,-546.7334088393218,2282.97091747986,0.532510464190232
2019-01-10 23:00:00,3583.43,3597.72,3577.05,3585.88,1355.737304,2019-01-10 23:59:59.999,4864641.90976145,10356,539.010436,1933512.19690477,0,16.081729907316454,-3.7507851042242577,3704.453499999999,3693.071992445684,3809.6004163438483,3843.933662797311,-91.17341783247866,-85.39734624937033,-5.776071583108333,37.29258409882973,3452.5529009513743,3704.453499999999,3956.354099048624,-503.80119809724965,2194.662954291302,0.617742829872386
2019-01-11 00:00:00,3585.88,3617.04,3557.52,3607.72,2396.186279,2019-01-11 00:59:59.999,8601743.33248498,14322,1189.056107,4269129.28343457,0,23.777690329954485,-3.1827647652375632,3685.189499999999,3684.943231260381,3801.683537271541,3841.583278092861,-86.70633041935162,-85.65914308336659,-1.0471873359850292,38.880256663199035,3469.9381979096684,3685.189499999999,3900.4408020903297,-430.50260418066136,2213.8556518826067,1.0823588597397233
2019-01-11 01:00:00,3608.36,3609.09,3586.63,3592.95,1248.320598,2019-01-11 01:59:59.999,4490848.59331371,9714,651.566809,2344239.53623114,0,22.288983726536706,-3.5809456337098386,3665.3475,3676.1819711403446,3793.4979083589315,3839.109315126763,-83.3966028971654,-85.20663504612635,1.810032148960957,37.707381187256246,3501.2327160512937,3665.3475,3829.462283948706,-328.2295678974124,2121.8999324652154,0.5883032365950008
2019-01-11 02:00:00,3591.17,3596.74,3572.76,3579.76,1203.732473,2019-01-11 02:59:59.999,4314031.78148667,10129,637.064509,2283548.0331672,0,21.0231237233979,-0.09628238367273528,3655.2699999999995,3666.9989262698355,3785.116029599758,3836.528724926497,-80.90531662881904,-84.34637136266488,3.4410547338458457,36.726853959595054,3496.4707592487844,3655.2699999999995,3814.0692407512147,-317.59848150243033,2034.4554125161474,0.5916730667059759
2019-01-11 03:00:00,3579.78,3589.79,3576.76,3583.09,1151.795595,2019-01-11 03:59:59.999,4127006.42586744,9329,650.720584,2331738.42032855,0,22.224073172294165,0.24928794856443462,3645.5735,3659.0075999584224,3777.193440203689,3834.0069465690194,-77.76581523192272,-83.03026013651645,5.264444904593731,35.03422153390967,3494.585077819237,3645.5735,3796.561922180763,-301.97684436152576,1950.3925727527048,0.5905455194460685
2019-01-11 04:00:00,3583.05,3583.12,3546.36,3562.0,2425.338605,2019-01-11 04:59:59.999,8632449.34149671,13220,1135.319173,4041057.60773613,0,20.135698122290947,-0.3296229762324541,3635.72,3649.7687809147633,3768.754481764329,3831.3004097872386,-76.10226496105543,-81.64466110142425,5.542396140368822,35.15749142434468,3490.2990955445657,3635.72,3781.140904455434,-290.84180891086817,1995.6255282048282,1.2153275104581978
2019-01-11 05:00:00,3562.0,3575.78,3560.0,3573.49,1339.354444,2019-01-11 05:59:59.999,4777819.87540181,9010,729.187821,2601164.54726294,0,24.308794293072083,-0.6292893451831448,3627.755,3642.5041351133573,3761.097051106904,3828.735132077913,-73.01507013389664,-79.91874290791874,6.903672774022098,33.77338489403436,3487.3566562550654,3627.755,3768.153343744935,-280.7966874898693,1933.1235201853208,0.6928447303106641
2019-01-11 06:00:00,3573.47,3590.0,3570.55,3584.48,883.608776,2019-01-11 06:59:59.999,3162791.01227552,8398,463.500902,1659119.01307733,0,28.17465128179372,-0.03179366469396848,3620.1565,3636.978027007323,3754.1708922399666,3826.3047327537547,-68.88755201992444,-77.71250473031988,8.824952710395436,32.75028597303189,3488.3400970154144,3620.1565,3751.9729029845857,-263.6328059691714,1833.1697350248141,0.4820114357757708
2019-01-11 07:00:00,3584.76,3597.0,3578.95,3595.47,1112.017007,2019-01-11 07:59:59.999,3990040.6250344,8923,597.967597,2145761.46243377,0,31.919283436110806,0.2559748375061648,3612.9305000000004,3633.0248815780537,3747.9473278383994,3824.0078697412796,-63.992003047212165,-74.96840439369834,10.97640134648617,31.700265546386774,3493.5117467384975,3612.9305000000004,3732.3492532615032,-238.8375065230057,1764.4885228319747,0.6302205951531105
2019-01-11 08:00:00,3595.47,3635.0,3590.82,3605.61,2203.902177,2019-01-11 08:59:59.999,7951440.23519463,15365,1073.860833,3874959.48000708,0,35.272379580416384,0.6189600466592146,3606.5705,3630.413940475382,3742.365471844737,3821.834756609526,-58.61831649540409,-71.69838681403948,13.080070318635393,32.591675150216275,3501.3264360893613,3606.5705,3711.8145639106383,-210.48812782127698,1806.3374422765487,1.2200943884673041
2019-01-11 09:00:00,3606.49,3612.0,3587.43,3591.3,1532.501414,2019-01-11 09:59:59.999,5520389.35304924,11325,785.67113,2830867.00870563,0,32.816008341585466,0.15114839314199227,3599.8545,3626.6888032872503,3736.441335693963,3819.5408784343067,-54.88168667281434,-68.33504678579446,13.453360112980121,32.018698353772265,3510.6819312948237,3599.8545,3689.027068705176,-178.34513741035244,1780.257820535925,0.8608311651953081
2019-01-11 10:00:00,3589.98,3597.64,3562.0,3586.06,1755.507344,2019-01-11 10:59:59.999,6293050.2227578,12365,957.447352,3433151.25153694,0,31.938895490580403,-0.6003791868548517,3592.8415,3622.8193934503693,3730.5440284118467,3817.217685614065,-51.746701066252626,-65.0173776418861,13.270676575633473,32.277362757074236,3526.3759640868943,3592.8415,3659.3070359131057,-132.93107182621134,1777.9006322944083,0.9874046457447347
2019-01-11 11:00:00,3586.45,3596.99,3580.02,3594.0,1249.106564,2019-01-11 11:59:59.999,4483309.30989762,9329,710.960223,2551787.6451436,0,34.7833695395714,0.029223896797900942,3586.222,3620.0746893122387,3725.18936063099,3814.9966141154177,-48.067419453518596,-61.6273860042126,13.559966550694007,31.183979702997494,3564.343362882683,3586.222,3608.1006371173175,-43.75727423463468,1727.5392924568455,0.7230553709858399
2019-01-11 12:00:00,3593.57,3594.18,3571.18,3585.4,1311.359197,2019-01-11 12:59:59.999,4700379.07593519,9326,734.26929,2631868.15813911,0,33.166534505847025,0.15755246161753503,3586.3315000000002,3616.7723379491686,3719.707424919971,3812.712070691384,-45.32305443552468,-58.366519690475016,13.043465254950334,30.59940972421196,3564.49445347217,3586.3315000000002,3608.1685465278306,-43.674093055660705,1687.9030928895268,0.7769161645145635
2019-01-11 13:00:00,3584.97,3590.94,3569.16,3569.67,1214.857829,2019-01-11 13:59:59.999,4353272.60362096,9365,595.460635,2134213.8601779,0,30.384508234961856,-0.37453706158650973,3586.106,3612.2864010016287,3713.8236043348743,3810.293741629778,-43.91122367287426,-55.475460486954866,11.564236814080608,29.96945188676826,3563.6560628061907,3586.106,3608.5559371938098,-44.89987438761909,1642.8511629952861,0.7394813701717456
2019-01-11 14:00:00,3570.12,3612.0,3569.17,3598.72,1940.375892,2019-01-11 14:59:59.999,6982160.10430675,13338,1043.217186,3753671.09891917,0,40.33771667015772,1.0308815272318865,3587.353,3610.9943628109972,3709.3097374982126,3808.188530270278,-39.987296737203906,-52.37782773700468,12.390530999800774,30.888062466284808,3565.0154883823393,3587.353,3609.690511617661,-44.67502323532153,1671.1868514719256,1.1610765668069862
2019-01-11 15:00:00,3599.79,3616.13,3585.5,3585.51,1337.323926,2019-01-11 15:59:59.999,4814689.86565829,11469,618.676556,2227357.73412332,0,37.69822969017842,0.3363658496316049,3586.8224999999998,3608.5672806385214,3704.4548458316162,3805.97282350142,-37.51108849145339,-49.404479887894425,11.893391396441032,30.86962943297876,3564.86086467105,3586.8224999999998,3608.7841353289496,-43.92327065789959,1639.3903823793612,0.8157446453108068
2019-01-11 16:00:00,3586.49,3620.24,3582.5,3601.05,1439.993298,2019-01-11 16:59:59.999,5186891.8250699,11260,815.399772,2936875.39708137,0,42.467524352837465,0.4622706780341964,3587.594,3607.8513491491385,3700.3997538382196,3803.9337904317545,-33.90390438448139,-46.304364787211824,12.400460402730431,31.360370187765977,3564.744099481832,3587.594,3610.443900518168,-45.699801036335884,1620.400183867041,0.8886652274770145
2019-01-11 17:00:00,3601.22,3615.82,3599.85,3608.9,1101.792551,2019-01-11 17:59:59.999,3975453.02793286,9544,557.632045,2012092.66983357,0,44.76764519489263,0.37352557523773783,3588.7245,3607.951220658744,3696.811528197505,3801.9931557010905,-30.06518288318466,-43.05652840640639,12.991345523221732,30.261058031496997,3563.9869517445613,3588.7245,3613.4620482554383,-49.47509651087694,1571.0089807368465,0.7013279774398419
2019-01-11 18:00:00,3608.93,3612.67,3594.0,3605.88,1092.006884,2019-01-11 18:59:59.999,3933622.45660962,7870,548.43191,1975532.54503721,0,44.03820586174517,0.007488330684682531,3589.847,3607.7539615483875,3693.24558591525,3800.0417810174977,-26.955926061561968,-39.83640793743751,12.880481875875539,29.433125314961504,3564.104042986569,3589.847,3615.5899570134316,-51.4859140268627,1525.3897334285755,0.7158871336740459
2019-01-11 19:00:00,3605.88,3613.0,3602.0,3606.15,866.679655,2019-01-11 19:59:59.999,3126803.22271326,6975,435.240214,1570389.9347886,0,44.12586097911557,0.41349928995071167,3590.8605000000002,3607.6012033056836,3689.8300727421033,3798.1125095645875,-24.191170135088214,-36.70736037696765,12.516190241879436,28.11647350674997,3564.1955958234853,3590.8605000000002,3617.525404176515,-53.329808353029875,1462.6554402449015,0.5925384961853261
2019-01-11 20:00:00,3606.36,3624.82,3601.58,3610.7,1123.724109,2019-01-11 20:59:59.999,4057509.16218311,8776,558.970193,2018242.89225725,0,45.6702464142494,0.6871050679575877,3591.0095000000006,3607.8963268003804,3686.72693263457,3796.2477084743928,-21.386405005969664,-33.64316930276805,12.256764296798387,27.768153970553563,3563.9180358363164,3591.0095000000006,3618.1009641636847,-54.182928327368245,1430.3762658406251,0.7856143420693525
2019-01-11 21:00:00,3611.51,3658.0,3594.06,3602.52,2024.504846,2019-01-11 21:59:59.999,7326089.67740944,12178,998.777331,3615559.93918121,0,43.35037302901766,0.2370617696160262,3591.4880000000007,3607.3842956765347,3683.424699982234,3794.3200695841006,-19.597755346335816,-30.83408651148161,11.236331165145792,30.351857258371172,3563.918386215684,3591.4880000000007,3619.0576137843173,-55.13922756863303,1486.959940141518,1.3615059769581435
2019-01-11 22:00:00,3602.52,3606.88,3571.43,3578.85,1307.059206,2019-01-11 22:59:59.999,4694484.52130152,9143,636.471293,2286632.26855361,0,37.426099134476345,-0.18268533496960399,3591.4425000000006,3604.666743707341,3679.32373135548,3792.176088792219,-19.86126053783255,-28.6395213167518,8.77826077891925,30.71601031134468,3563.7885147536413,3591.4425000000006,3619.09648524636,-55.307970492718596,1469.826536889945,0.8892608571115134
2019-01-11 23:00:00,3578.85,3615.0,3465.0,3601.31,5077.606064,2019-01-11 23:59:59.999,18064467.97385839,24323,2782.481121,9901055.85806425,0,45.093717788484895,0.8863564419119939,3592.3535,3604.3470538304514,3676.2643693415393,3790.27692372961,-18.04969041108143,-26.521555135617728,8.4718647245363,39.236295289105776,3564.657657047529,3592.3535,3620.0493429524713,-55.39168590494228,1813.4245870909026,2.8000094959258823
2019-01-12 00:00:00,3601.31,3618.19,3588.01,3601.46,1929.34205,2019-01-12 00:59:59.999,6954996.06885581,11482,1049.97365,3785309.81906591,0,45.142065165823574,0.07613818246488298,3594.3265000000006,3604.072096322789,3673.3308646614787,3788.3981483691164,-16.41270879711874,-24.499785867917932,8.087077070799193,38.58941705416964,3570.3648092810417,3594.3265000000006,3618.2881907189594,-47.92338143791767,1824.4643454631978,1.0574841074848058
2019-01-12 01:00:00,3601.01,3601.53,3533.0,3590.17,1787.064551,2019-01-12 01:59:59.999,6409249.61669326,10871,947.372426,3400486.42071198,0,42.134751773982245,0.129967563889094,3595.1605,3602.74808714919,3670.0696542825976,3786.4257289823595,-15.843760708718492,-22.768580836078048,6.924820127359556,40.72803012172896,3573.1725698419036,3595.1605,3617.1484301580963,-43.975860316192666,1820.9024602762267,0.9814169566934993
2019-01-12 02:00:00,3590.17,3596.55,3579.0,3594.88,785.189702,2019-01-12 02:59:59.999,2816488.32967691,7760,433.6331,1555443.2174579,0,43.81633730374516,-0.1713389150386713,3595.6805,3601.9987455159335,3667.1210403891628,3784.519801330794,-14.84172148608377,-21.183208966079192,6.341487479995422,39.072456541605476,3574.271816591885,3595.6805,3617.089183408115,-42.81736681622988,1722.2631499642052,0.4559057667908177
2019-01-12 03:00:00,3594.0,3603.19,3589.33,3601.15,741.299788,2019-01-12 03:59:59.999,2666034.23406896,8002,385.515556,1386546.40536052,0,46.06340414505671,-0.21474687577932333,3595.9645,3601.917912609654,3664.533940766058,3782.695226193174,-13.387340653693627,-19.624035303602078,6.236694649908451,37.27156678863366,3574.4173243637256,3595.9645,3617.5116756362745,-43.09435127254892,1628.838067872376,0.4551095671335224
2019-01-12 04:00:00,3600.64,3601.14,3589.47,3590.35,555.013774,2019-01-12 04:59:59.999,1994764.38949814,5695,275.156794,988976.87361769,0,42.88197933006174,-0.43068543601007797,3595.2015,3600.81620664683,3661.62476661837,3780.781343345481,-12.956844666451161,-18.290597176171897,5.3337525097207354,35.443597732302706,3574.0147253018304,3595.2015,3616.38827469817,-42.37354939633951,1526.5690875035782,0.36356937825042857
2019-01-12 05:00:00,3591.52,3598.77,3586.42,3587.72,433.6271,2019-01-12 05:59:59.999,1557105.30258727,5744,232.238021,833960.07012926,0,42.11909043207398,-0.5110713641972822,3595.0225,3599.5689488709413,3658.726540476473,3778.8603349539844,-12.681705705888817,-17.168818882115282,4.487113176226465,33.79405503713822,3573.637371989961,3595.0225,3616.407628010039,-42.770256020077795,1422.4793744079993,0.30483893671953227
2019-01-12 06:00:00,3588.21,3592.46,3567.31,3571.74,898.063944,2019-01-12 06:59:59.999,3215985.68265107,8199,423.588111,1516919.80440158,0,37.727242944744766,-1.0790151494170117,3594.3065,3596.9185727879944,3655.3153035950427,3776.7994360987213,-13.596377965210195,-16.454330698734264,2.857952733524069,33.1766225344855,3570.803833387454,3594.3065,3617.8091666125465,-47.00533322509273,1372.5350477024756,0.6543103912015172
2019-01-12 07:00:00,3572.74,3583.0,3571.37,3582.38,721.767199,2019-01-12 07:59:59.999,2580969.16445686,6713,443.321432,1585331.28718085,0,42.05936842517025,-0.5590531072693523,3593.7255000000005,3595.5339468081856,3652.4550956109233,3774.8649143464954,-13.309282123194407,-15.825320983626295,2.5160388604318875,31.63757806773655,3569.624051714068,3593.7255000000005,3617.8269482859328,-48.202896571864585,1310.5571573498587,0.5507330946629756
2019-01-12 08:00:00,3582.09,3582.81,3571.2,3574.06,565.230882,2019-01-12 08:59:59.999,2022228.9932469,5848,283.026339,1012710.00277462,0,39.731774185731155,-0.13384187658046479,3593.1585000000005,3593.48880901693,3649.380778135985,3772.866855497277,-13.596380456393945,-15.379532878179827,1.783152421785882,30.207036777183948,3567.735065907447,3593.1585000000005,3618.581934092554,-50.84686818510727,1239.573702554634,0.4559881198149954
2019-01-12 09:00:00,3574.8,3579.78,3559.5,3578.3,883.056768,2019-01-12 09:59:59.999,3154311.76324369,7269,444.844011,1589178.70029935,0,41.508278013374216,-0.6389341656230584,3593.59,3592.0422557772226,3646.5932966404566,3770.9308668853637,-13.328136923073089,-14.96925368715848,1.6411167640853908,29.497962721670824,3569.5921544825487,3593.59,3617.5878455174516,-47.99569103490285,1205.6197087875262,0.7324505078704105
2019-01-12 10:00:00,3578.0,3585.71,3572.93,3575.89,610.818668,2019-01-12 10:59:59.999,2186951.19341137,6404,331.56655,1187066.63594548,0,40.77260958451523,-0.7099898374548146,3592.4485,3590.5039457032017,3643.8206183408306,3768.9901617422256,-13.158337722629312,-14.607070494252648,1.4487327716233356,28.30382252726578,3567.3322588505066,3592.4485,3617.5647411494933,-50.232482298986724,1148.9719906172857,0.5316218959104804
2019-01-12 11:00:00,3575.91,3578.79,3569.32,3571.16,518.629268,2019-01-12 11:59:59.999,1853420.9287664,5907,275.589862,984921.01981997,0,39.30038852045092,-0.5295013885136419,3591.7309999999998,3588.66166516004,3640.9711823274647,3767.0217024214076,-13.25267353171057,-14.336191101744234,1.0835175700336634,26.958549489603925,3565.0114712457735,3591.7309999999998,3618.450528754226,-53.439057508452606,1088.9393503680203,0.4762701135051488
2019-01-12 12:00:00,3571.89,3605.0,3530.0,3590.36,2214.429136,2019-01-12 12:59:59.999,7913248.43824523,12700,1095.383576,3915881.53675243,0,47.575331055127556,-0.12573437778173352,3591.1965,3588.8234113352737,3638.9864300793292,3765.2638745366175,-11.643931803421765,-13.797739242079741,2.153807438657976,30.390081668917933,3564.836622773915,3591.1965,3617.556377226085,-52.71975445216958,1196.1288537615421,1.8513299207156024
2019-01-12 13:00:00,3590.38,3593.18,3574.0,3587.73,1194.251472,2019-01-12 13:59:59.999,4281875.16186258,7736,637.964037,2287310.13038967,0,46.63743875569102,-0.37265873401552485,3590.138,3588.7192769223902,3636.976373997787,3763.497368322323,-10.460627807714445,-13.130316955206684,2.669689147492239,29.589361549709498,3565.10455239578,3590.138,3615.17144760422,-50.066895208439746,1195.9500554985382,0.9985797203731638
2019-01-12 14:00:00,3588.0,3594.82,3582.61,3592.5,840.431086,2019-01-12 14:59:59.999,3016923.71253198,6752,499.854011,1794418.80937312,0,48.615986295652924,0.0598827412369293,3589.469,3589.079345786925,3635.232202468462,3761.7959019708574,-9.03381552836845,-12.311016669839038,3.277201141470588,28.347978581873107,3565.515024920462,3589.469,3613.422975079538,-47.90795015907588,1162.0911060224869,0.7232058499066918
2019-01-12 15:00:00,3592.25,3594.0,3584.0,3591.11,730.155121,2019-01-12 15:59:59.999,2620306.0065035,6198,387.057637,1388942.65236018,0,48.056813672479535,0.09448897907306945,3588.717,3589.2727414262654,3633.501920018719,3760.0975347870676,-7.923876386108077,-11.433588613092846,3.509712226984769,27.037408683167886,3566.0586987675,3588.717,3611.3753012325,-45.31660246499996,1120.9543455441549,0.6513691872487049
2019-01-12 16:00:00,3591.11,3599.0,3587.01,3589.9,992.706557,2019-01-12 16:59:59.999,3566357.64062849,7606,502.616829,1805739.48151687,0,47.54416565364828,0.5084356644100722,3587.6769999999997,3589.3324803380497,3631.7920408022987,3758.4040269782413,-7.060489577942462,-10.55896880606277,3.498479228120308,25.96259377722731,3567.492802846218,3587.6769999999997,3607.861197153781,-40.368394307562994,1108.7402704447115,0.8953463524886934
2019-01-12 17:00:00,3590.0,3600.0,3572.19,3592.0,1163.453707,2019-01-12 17:59:59.999,4175100.63595246,7794,708.188829,2541538.47268541,0,48.56958833516777,0.26853655949396465,3587.151,3589.586529829664,3630.2315686139736,3756.7482655157714,-6.136064134758726,-9.674387871801963,3.538323737043237,26.09455136456821,3568.0777407911496,3587.151,3606.22425920885,-38.14651841770046,1113.9510739261675,1.044438785717364
2019-01-12 18:00:00,3592.02,3599.86,3588.7,3591.92,568.264349,2019-01-12 18:59:59.999,2042700.10054841,5631,280.265406,1007577.07517613,0,48.53066762448805,0.4997118123366739,3587.8044999999997,3589.808765083982,3628.729154158524,3755.1081832718337,-5.348254295971401,-8.80916115663585,3.4609068606644495,25.027797695670507,3569.035576664769,3587.8044999999997,3606.5734233352305,-37.53784667046148,1061.9809096474849,0.535098459715844
2019-01-12 19:00:00,3591.92,3596.0,3587.0,3593.74,437.944824,2019-01-12 19:59:59.999,1573237.78061444,4741,217.400775,780996.9805367,0,49.52169843683665,0.43148981359862504,3587.426,3590.183168409317,3627.357030466033,3753.50252970694,-4.524890413206322,-7.952307007949945,3.4274165947436233,23.882955003122614,3569.518279347911,3587.426,3605.3337206520887,-35.81544130417751,1002.5489014905814,0.4368313838346112
2019-01-12 20:00:00,3592.79,3600.62,3585.0,3594.62,606.483465,2019-01-12 20:59:59.999,2179699.42712924,5509,349.612197,1256845.72860933,0,50.02277801368347,0.5237856869199002,3587.084,3590.605723798906,3626.073225349718,3751.9216090133386,-3.758039617157465,-7.11345352979145,3.355413912633985,23.292743931470994,3570.0656082148384,3587.084,3604.102391785161,-34.03678357032277,964.8283837295736,0.6285920638607455
2019-01-12 21:00:00,3594.6,3603.55,3588.43,3591.3,573.886906,2019-01-12 21:59:59.999,2063212.96579357,5212,324.318037,1166160.86593055,0,48.08350831910873,0.5639624099732392,3587.1405,3590.6718453418675,3624.709569453651,3750.323384048032,-3.379247231453519,-6.3666122701238645,2.9873650386703456,22.708976507794517,3570.071542056732,3587.1405,3604.209457943268,-34.137915886535666,927.5958620410428,0.6186820462278081
2019-01-12 22:00:00,3590.72,3612.39,3571.14,3580.01,1067.24493,2019-01-12 22:59:59.999,3832839.33059266,8647,511.61812,1838050.7316244,0,42.10558124590679,-0.28827192816319,3586.3970000000004,3589.656431499785,3622.9566451613514,3748.628723510241,-3.944589410957178,-5.882207698290528,1.9376182873333496,24.03333532866634,3569.4525233652103,3586.3970000000004,3603.3414766347905,-33.88895326958027,940.8957732752292,1.1342860286054355
2019-01-12 23:00:00,3580.43,3590.71,3563.01,3583.13,1181.573107,2019-01-12 23:59:59.999,4230763.80902117,7259,605.49354,2168522.78508988,0,44.171236351694176,-0.12821477647425836,3585.4959999999996,3589.0348665950432,3621.3948159393376,3746.9819700424773,-4.093679843206701,-5.524502127273763,1.4308222840670624,24.295239948047303,3570.000099828949,3585.4959999999996,3600.9919001710505,-30.99180034210167,963.8174241061597,1.2259304277423557
2019-01-13 00:00:00,3584.1,3587.01,3566.19,3570.47,885.225956,2019-01-13 00:59:59.999,3168184.69913113,6178,449.98124,1610567.0324903,0,38.21325736618412,-0.6132219902574865,3584.5019999999995,3587.266784062182,3619.3977643338735,3745.225632032105,-5.173751494191947,-5.4543520006574004,0.2806005064654533,24.047008523186793,3567.8126241166915,3584.5019999999995,3601.1913758833075,-33.378751766616006,956.3325223817635,0.9256466085617675
2019-01-13 01:00:00,3570.67,3583.58,3564.41,3569.04,862.431207,2019-01-13 01:59:59.999,3080391.55919877,6205,492.609951,1759746.6380038,0,37.596388913682105,-0.6145732099545869,3583.568,3585.530899865784,3617.4229500462707,3743.472541166114,-6.075075420243593,-5.578496684574639,-0.4965787356689537,23.698650771530602,3565.595428382887,3583.568,3601.5405716171135,-35.945143234226634,947.3895399644526,0.9103237587279669
2019-01-13 02:00:00,3568.48,3588.24,3568.0,3588.24,578.587992,2019-01-13 02:59:59.999,2069618.66926877,5482,319.231394,1141627.70936852,0,49.4058191409495,-0.04624084236330564,3584.3929999999996,3585.788909402376,3616.278520632691,3741.9279387664515,-5.180385329028013,-5.498874413465314,0.3184890844373012,23.45160428784983,3567.2089999753243,3584.3929999999996,3601.577000024675,-34.368000049350485,912.2655830154572,0.6342319635555039
2019-01-13 03:00:00,3588.24,3595.0,3585.12,3593.24,486.308453,2019-01-13 03:59:59.999,1745953.29922901,4930,286.806312,1029805.08054959,0,51.95567024587663,0.03452115812916987,3584.9359999999997,3586.4985370783397,3615.375049235331,3740.448456788676,-4.021521179739011,-5.203403766720054,1.1818825869810432,22.48220398157485,3567.338469790348,3584.9359999999997,3602.5335302096514,-35.195060419303445,871.6982372996994,0.5578862411222266
2019-01-13 04:00:00,3593.27,3598.88,3585.07,3586.49,510.48798,2019-01-13 04:59:59.999,1833298.01309259,4922,322.388505,1157898.33923138,0,48.408710815471046,-0.15117263190717753,3585.5574999999994,3586.4977240232597,3614.2423022064945,3738.9165318455052,-3.606211419700685,-4.883965297316181,1.2777538776154964,21.862760840033786,3568.7155137749155,3585.5574999999994,3602.3994862250834,-33.68397245016786,837.2972604140137,0.60968547747019
2019-01-13 05:00:00,3587.21,3591.56,3581.62,3582.26,341.071476,2019-01-13 05:59:59.999,1223305.57601519,4057,182.57616,654905.42019272,0,46.27661775232149,-0.3194443671495312,3585.7554999999993,3586.09413125914,3612.988094276828,3737.357760384356,-3.5771657510699697,-4.6226053880669395,1.0454396369969698,21.011135065745663,3569.1817890790826,3585.7554999999993,3602.329210920916,-33.14742184183342,790.0376618983934,0.4317154642734806
2019-01-13 06:00:00,3582.28,3592.71,3575.84,3580.94,570.494181,2019-01-13 06:59:59.999,2043488.37352162,5061,350.293608,1255095.19673391,0,45.60165241952142,-0.3805687388374804,3586.0080000000003,3585.6032616154125,3611.7313062659723,3735.801364758641,-3.6189428967177264,-4.421872889797097,0.8029299930793705,20.71533970390668,3569.9203890751596,3586.0080000000003,3602.095610924841,-32.17522184968129,769.1287589556892,0.7417408000379649
2019-01-13 07:00:00,3581.93,3586.22,3579.47,3583.68,336.028279,2019-01-13 07:59:59.999,1203708.3330334,3937,186.123838,666758.38752158,0,47.31929482009655,-0.2121794336312852,3586.6340000000005,3585.420093842516,3610.6312550398557,3734.287719338157,-3.3918572655675234,-4.215869764951183,0.8240124993836595,19.717815439341916,3572.0775958747186,3586.6340000000005,3601.1904041252824,-29.11280825056383,727.8810941980046,0.461652709046171
2019-01-13 08:00:00,3583.68,3587.85,3574.0,3575.1,303.638042,2019-01-13 08:59:59.999,1087660.40320541,3990,151.519399,542838.31367423,0,42.765608520147616,-0.13715045488700614,3585.8710000000005,3584.437227762276,3609.237872489273,3732.703761931807,-3.859731973178441,-4.144642206596635,0.2849102334181941,19.2986857651032,3570.5568924343534,3585.8710000000005,3601.1851075656477,-30.628215131294382,687.4769939886708,0.44167011355292535
2019-01-13 09:00:00,3576.32,3586.97,3571.7,3586.0,395.895963,2019-01-13 09:59:59.999,1417234.24720356,4268,244.501345,875330.05781213,0,49.424323683498365,0.08009756832712993,3585.7845,3584.586063213488,3608.3265833720466,3731.244023007113,-3.3127992572244693,-3.9782736167222024,0.665474359497733,19.010922496167257,3570.495080920278,3585.7845,3601.0739190797226,-30.578838159444786,659.7073719897497,0.6001084417261162
2019-01-13 10:00:00,3586.0,3588.36,3580.05,3584.09,483.44536,2019-01-13 10:59:59.999,1732911.64844405,4433,270.397692,969286.25499271,0,48.36254484363883,0.3814623845040106,3585.3640000000005,3584.5388190979174,3607.3761291221626,3729.779803872714,-2.998902693360378,-3.782399432049838,0.7834967386894598,18.246570889298166,3570.3929607291943,3585.3640000000005,3600.3350392708066,-29.942078541612318,642.9205137050117,0.7519519904785882
2019-01-13 11:00:00,3584.91,3590.02,3583.88,3589.38,576.042209,2019-01-13 11:59:59.999,2066296.13417093,4746,300.06249,1076381.69908033,0,51.47205661570329,0.5699011498890498,3585.2775000000006,3584.999883945735,3606.6703985683525,3728.3827908988565,-2.2968025057934938,-3.4852800467985694,1.1884775410050756,17.381815825776858,3570.426739430939,3585.2775000000006,3600.128260569062,-29.7015211381231,636.5511513521534,0.9049425294045559
2019-01-13 12:00:00,3589.28,3611.1,3560.26,3583.36,1503.317532,2019-01-13 12:59:59.999,5391785.56968699,9330,842.577589,3023459.09825695,0,47.934517601731905,-0.13599982163956856,3584.950500000001,3584.8437045223313,3605.7562652911624,3726.9397780540917,-2.200777543958793,-3.2283795462306144,1.0276020022718213,19.771686123935634,3570.2409621345055,3584.950500000001,3599.660037865496,-29.4190757309907,719.1003304614721,2.090553248717419
2019-01-13 13:00:00,3583.74,3593.08,3583.36,3590.48,576.846502,2019-01-13 13:59:59.999,2070072.20879496,4552,315.983737,1133967.17037996,0,52.12537858892651,-0.07681090046865123,3584.8745000000004,3585.380494567824,3605.157196064058,3725.5819693172352,-1.5324870178033052,-2.889201040545153,1.3567140227418477,19.053708543654505,3570.303264492452,3584.8745000000004,3599.4457355075488,-29.142471015096817,705.5523467984748,0.8175814376034714
2019-01-13 14:00:00,3588.6,3590.47,3570.0,3572.18,761.637302,2019-01-13 14:59:59.999,2726901.02823787,5939,374.297847,1340317.09447488,0,42.627993831527526,-0.39899734838240025,3583.8875000000003,3584.1233046089837,3603.863972688997,3724.0555815628354,-2.451262394544301,-2.8016133113449824,0.3503509168006813,19.15558650482204,3568.6659627996128,3583.8875000000003,3599.109037200388,-30.443074400775004,710.8937711033819,1.0713799064772487
2019-01-13 15:00:00,3570.55,3577.01,3566.12,3575.53,730.582892,2019-01-13 15:59:59.999,2610717.94599626,5669,412.139664,1472861.33299877,0,44.617325230789675,-0.18787022717502408,3582.9770000000003,3583.3048946462236,3602.7528365051144,3722.5777150796234,-2.8759295712557105,-2.8164765633271283,-0.05945300792858221,18.565187468763344,3568.061462216388,3582.9770000000003,3597.8925377836126,-29.831075567224616,712.7689254744884,1.024992625083442
2019-01-13 16:00:00,3576.32,3576.33,3441.3,3462.18,7490.318082,2019-01-13 16:59:59.999,26195024.58036576,36639,3433.923465,12005058.48861195,0,19.711823284341396,-3.316447636654069,3576.355,3571.7691903942023,3597.240176250012,3719.9866930390303,-12.21803713624331,-4.696788677910365,-7.521248458332946,26.884102649565946,3520.8457099287284,3576.355,3631.8642900712716,-111.01858014254321,1358.249797524537,5.514683746429704
2019-01-13 17:00:00,3464.91,3490.81,3444.28,3479.01,2170.826603,2019-01-13 17:59:59.999,7540664.14774852,13420,1149.494611,3992362.84726743,0,26.290833251902686,-2.920740691133126,3570.7405,3562.934981785231,3592.603698750012,3717.588914998841,-18.055551187031597,-7.368541179734612,-10.687010007296985,28.287381031739788,3500.7655723171747,3570.7405,3640.715427682825,-139.94985536565036,1435.6380647126762,1.5120988056515916
2019-01-13 18:00:00,3478.56,3486.13,3449.2,3462.75,1671.060564,2019-01-13 18:59:59.999,5800107.80386582,10772,849.172923,2948614.65161698,0,24.225444480637762,-3.142569438617099,3564.8774999999996,3553.3935549485423,3587.511396838247,3715.053204401838,-23.720434831528564,-10.638919910093403,-13.081514921435161,28.90471095804411,3480.090635358148,3564.8774999999996,3649.664364641851,-169.57372928370296,1458.0592551209927,1.1460854955866195
2019-01-13 19:00:00,3463.0,3474.91,3457.18,3465.82,1406.087608,2019-01-13 19:59:59.999,4875185.99899058,10067,785.028999,2722250.45627686,0,25.41679894749276,-3.351366424986052,3559.0119999999997,3545.0532163820144,3582.7391851975317,3712.57327201973,-27.64351535264177,-14.039838998603077,-13.603676354038694,28.10651731818382,3463.935286685208,3559.0119999999997,3654.088713314791,-190.153426629583,1453.1095744428028,0.9676404537759422
2019-01-13 20:00:00,3465.03,3475.61,3457.63,3462.32,1083.886426,2019-01-13 20:59:59.999,3757871.0803056,6900,597.983335,2073029.22937769,0,24.935461813094655,-3.3975151293633803,3553.6045,3537.1738624408704,3578.0168642093936,3710.0831897110766,-30.681330400776915,-17.368137279037846,-13.313193121739069,27.38319465259926,3449.407068275888,3553.6045,3657.801931724112,-208.394863448224,1417.9454650672978,0.7644062855044691
2019-01-13 21:00:00,3462.85,3497.98,3454.0,3479.63,1330.696549,2019-01-13 21:59:59.999,4622651.83972668,9280,700.955078,2436216.96472382,0,31.813155280072007,-3.057631122923736,3549.1339999999996,3531.693494589359,3574.1585558090255,3707.7901231467877,-31.330885433922504,-20.16068691001478,-11.170198523907725,28.568680748842173,3440.1622390225216,3549.1339999999996,3658.1057609774775,-217.94352195495594,1409.63604448946,0.9440000872579488
2019-01-13 22:00:00,3480.14,3482.48,3465.0,3470.51,614.856849,2019-01-13 22:59:59.999,2136243.90646009,5722,322.949107,1122139.85081693,0,30.241030412061274,-3.149278889087334,3543.2475,3525.866495104658,3570.0939065616126,3705.4291268965712,-32.21027031249605,-22.570603590511034,-9.639666721985016,27.776632123924877,3430.515914947596,3543.2475,3655.979085052404,-225.46317010480834,1333.9427877761782,0.4609319489818829
2019-01-13 23:00:00,3469.83,3477.56,3457.2,3476.81,715.983447,2019-01-13 23:59:59.999,2482972.40168546,6614,351.422351,1218985.70087378,0,32.71464061232759,-3.1658719725496334,3537.4259999999995,3521.1944479518334,3566.435714147432,3703.1543097135213,-32.02961435909947,-24.46240574422872,-7.567208614870747,27.246872686501682,3423.545321097146,3537.4259999999995,3651.306678902853,-227.76135780570712,1275.089517226066,0.5615162208827572
2019-01-14 00:00:00,3477.56,3483.07,3467.02,3483.05,707.905444,2019-01-14 00:59:59.999,2459557.49410545,6456,395.338006,1373538.83206085,0,35.16684728997784,-2.4951150277981418,3532.254,3517.5616433849923,3563.1656861416504,3700.9642170795564,-31.02528716644838,-25.774982028672653,-5.250305137775726,26.44709606603729,3418.359936128042,3532.254,3646.1480638719577,-227.78812774391554,1221.071986442631,0.5797409586492541
2019-01-14 01:00:00,3482.47,3493.78,3479.75,3487.98,1033.687887,2019-01-14 01:59:59.999,3604249.08780353,8143,574.256913,2002234.95343001,0,37.116774141699466,-2.4485880414931542,3527.5399999999995,3514.7443440149927,3560.217227861586,3698.8449711384665,-29.491580252930362,-26.518301673524196,-2.9732785794061662,25.56016063274893,3414.5598195303533,3527.5399999999995,3640.5201804696458,-225.9603609392925,1203.225881733809,0.8590971177502347
2019-01-14 02:00:00,3488.62,3499.9,3486.05,3496.0,1075.489977,2019-01-14 02:59:59.999,3759123.58038971,8038,449.030613,1569662.31762128,0,40.26428596716776,0.9768411809900168,3523.293,3512.959168394517,3557.6989052003473,3696.826613216691,-27.314099562819138,-26.677461251383185,-0.6366383114359522,24.72372058755257,3412.3981261020213,3523.293,3634.187873897979,-221.78974779595774,1191.0605574734461,0.9029683421650685
2019-01-14 03:00:00,3497.41,3497.41,3487.51,3489.45,594.679479,2019-01-14 03:59:59.999,2076416.87806611,5357,359.863353,1256570.50204335,0,38.566457085207475,0.3000853691136156,3518.5815,3510.7201999759914,3555.022477545432,3694.763164328963,-25.81933150574787,-26.505835302256123,0.686503796508255,23.664883402727362,3410.518417784558,3518.5815,3626.6445822154415,-216.12616443088336,1134.2623595235941,0.5242874137600525
2019-01-14 04:00:00,3489.43,3499.65,3487.52,3498.31,589.75883,2019-01-14 04:59:59.999,2061311.03538878,5351,296.007617,1034617.21627549,0,42.12168077657818,1.0269294635766355,3514.7419999999997,3509.5382761687542,3552.7984588181603,3692.8084064749437,-23.647198908262453,-25.93410802345739,2.2869091151949377,22.840963159675415,3409.7201988346865,3514.7419999999997,3619.763801165313,-210.04360233062653,1082.4048805213472,0.5448597291208988
2019-01-14 05:00:00,3498.31,3514.8,3495.41,3504.72,1139.395352,2019-01-14 05:59:59.999,3994214.83274513,8252,574.81443,2014829.1934008,0,44.618763931091564,1.122389506667964,3510.6780000000003,3509.079392724111,3550.9130290605854,3690.936880042357,-21.16456284005244,-24.9801989867764,3.8156361467239606,22.594465791127195,3411.118004948055,3510.6780000000003,3610.2379950519457,-199.1199901038908,1087.8325444716952,1.047399581663873
2019-01-14 06:00:00,3503.22,3522.15,3500.08,3518.18,1076.665498,2019-01-14 06:59:59.999,3781953.79291284,7521,500.597377,1757952.35570811,0,49.541671355436314,1.6133690704498622,3507.3825000000006,3509.9461172265765,3549.6293808621313,3689.2179061115876,-17.904553808377386,-23.565069951096596,5.66051614271921,22.557003948903837,3413.8746429982534,3507.3825000000006,3600.890357001748,-187.0157140034944,1086.7690162362956,0.9907031594705505
2019-01-14 07:00:00,3518.82,3527.83,3509.0,3511.83,1085.856926,2019-01-14 07:59:59.999,3820781.65936739,8039,593.04916,2087018.85803994,0,47.40095340837234,0.9253857450361049,3503.5050000000006,3510.1255346335693,3548.1470522008713,3687.4528523194326,-15.65292788546003,-21.982641537969283,6.329713652509252,22.290789381124988,3418.2460669597353,3503.5050000000006,3588.763933040266,-170.51786608053044,1086.6821504995055,0.9992406017719844
2019-01-14 08:00:00,3511.73,3511.89,3496.0,3501.85,1082.261649,2019-01-14 08:59:59.999,3794121.20506859,6713,604.4746,2119276.03047256,0,44.170506036861575,0.9030373057562056,3499.4295,3509.337388477991,3546.3314815263275,3685.6060577689905,-14.506577912969533,-20.487428812969334,5.980850899999801,21.833590139616053,3422.896905093226,3499.4295,3575.9620949067744,-153.0651898135484,1086.2611503566955,0.9963181032890829
2019-01-14 09:00:00,3501.91,3511.21,3495.01,3505.02,881.120897,2019-01-14 09:59:59.999,3087352.58674711,7074,456.180907,1598634.33740808,0,45.442380964903386,0.8113759451911389,3495.1565000000005,3508.9262086229446,3544.711423427256,3683.809181572284,-13.190245850044448,-19.02799222038436,5.837746370339911,21.43119084392918,3431.5826383486137,3495.1565000000005,3558.7303616513873,-127.14772330277356,1066.7239833703436,0.8260064559681826
2019-01-14 10:00:00,3505.3,3540.0,3498.55,3502.75,1489.478154,2019-01-14 10:59:59.999,5230296.35683769,8780,824.694043,2896539.46592893,0,44.65781500115518,0.5655962446706139,3491.6850000000004,3508.3379982779024,3543.065877410501,3682.0075976760427,-12.18969798478929,-17.660333373265345,5.470635388476055,22.86110578364851,3439.205859482265,3491.6850000000004,3544.1641405177356,-104.95828103547046,1106.9862853350728,1.3455253906322344
2019-01-14 11:00:00,3503.8,3505.38,3485.02,3488.28,1148.399636,2019-01-14 11:59:59.999,4013925.8940953,7817,561.129803,1961467.79469895,0,39.92576827485964,0.008600966748667765,3487.3225000000007,3506.427712727626,3540.917411629697,3680.0799598882218,-12.421181019306914,-16.61250290247366,4.191321883166747,22.68245537053077,3452.7338867990584,3487.3225000000007,3521.911113200943,-69.17722640188458,1110.9304139698277,1.0337277848900355
2019-01-14 12:00:00,3488.8,3509.0,3487.0,3506.25,1434.914743,2019-01-14 12:59:59.999,5016591.6102435,8529,781.887608,2733409.85451656,0,47.382462022944765,0.2931922196796339,3489.5260000000007,3506.4107877059473,3539.5579052912776,3678.3503085460507,-11.027486177184983,-15.495499557415927,4.4680133802309445,22.633708558350005,3456.085512468831,3489.5260000000007,3522.9664875311705,-66.88097506233953,1141.7860643536537,1.2567281978627771
2019-01-14 13:00:00,3505.78,3514.19,3495.63,3496.8,1094.605957,2019-01-14 13:59:59.999,3836954.54835844,7696,551.375492,1932901.39209354,0,44.27045558130981,0.21063491381164265,3490.4155000000005,3505.4954745910954,3537.88112469162,3676.5438378142494,-10.563736814528966,-14.509147008838536,3.94541019430957,22.342729375610713,3457.207177976967,3490.4155000000005,3523.623822023034,-66.41664404606672,1137.292720796163,0.9624663351698233
2019-01-14 14:00:00,3496.36,3500.0,3487.0,3497.0,949.617001,2019-01-14 14:59:59.999,3318105.01926138,6359,503.038201,1757763.17266444,0,44.35375492865581,-0.03744665281235641,3492.1280000000006,3504.6863817728963,3536.277943331164,3674.7573319653516,-10.064061538207625,-13.620129914712354,3.5560683765047294,21.67539156306709,3461.4940397596642,3492.1280000000006,3522.761960240337,-61.26792048067273,1119.418842720338,0.8483125035597071
2019-01-14 15:00:00,3497.0,3647.0,3495.0,3630.98,6878.355908,2019-01-14 15:59:59.999,24696526.68434215,28767,3682.54701,13224090.95134367,0,73.2254712777352,3.602570248122538,3500.386000000001,3516.714345413573,3539.99174947504,3674.321736622413,1.1299753482344386,-10.670108862122996,11.800084210357435,30.984292165705156,3432.8247786716756,3500.386000000001,3567.947221328326,-135.1224426566505,1667.8890394136392,4.123988913805769
2019-01-14 16:00:00,3630.98,3671.87,3611.0,3616.65,3464.957219,2019-01-14 16:59:59.999,12578185.33642965,19532,1716.43014,6232767.5646977,0,69.09612475368975,2.79889033534385,3508.102500000001,3526.2320268027565,3542.9979553779795,3673.7478884968173,8.744221053016645,-6.787242879095068,15.531463932111713,33.118985582440494,3425.3105942488874,3508.102500000001,3590.8944057511144,-165.58381150222704,1839.0383898504354,1.8841135879071
2019-01-14 17:00:00,3616.67,3634.99,3616.67,3627.71,1963.059255,2019-01-14 17:59:59.999,7111782.21311933,11763,1220.152954,4420197.47808817,0,70.47979360189355,3.2997041428542984,3515.5065000000004,3535.896595678684,3546.319996343549,3673.289800054063,15.492428131658016,-2.3313086769444507,17.82373680860247,32.0633437551233,3418.2193397555593,3515.5065000000004,3612.7936602444415,-194.57432048888222,1850.8499008170606,1.0606258530923574
2019-01-14 18:00:00,3627.45,3647.97,3623.21,3628.01,1726.870117,2019-01-14 18:59:59.999,6279712.36236618,12670,898.858864,3268641.61048836,0,70.51835224881195,3.6026671616431405,3523.3815,3544.669300852143,3549.5235258987045,3672.8392547798935,20.626864696044777,2.260325997653395,18.36653869839138,31.541676344043047,3416.4139202041806,3523.3815,3630.3490797958193,-213.9351595916387,1839.042302358293,0.9390051086837702
2019-01-14 19:00:00,3629.32,3644.22,3623.15,3638.08,1107.160541,2019-01-14 19:59:59.999,4021986.71892043,9360,554.902965,2015883.31988825,0,71.84761398594705,3.796269350816827,3531.445,3553.565557913844,3552.9963288046374,3672.493391548253,25.217812264198983,6.851823250962513,18.36598901323647,30.793699462325666,3415.3359401059497,3531.445,3647.5540598940506,-232.21811978810092,1769.339277467027,0.6257480151489108
2019-01-14 20:00:00,3638.74,3665.0,3623.45,3629.45,1507.930859,2019-01-14 20:59:59.999,5486946.18114445,11543,785.919704,2860532.50531782,0,68.97729021040406,3.6171579473270947,3538.765,3560.792647636335,3555.9945119887693,3672.0650990950367,27.838892982676498,11.049237197305311,16.78965578537119,31.56200664358813,3417.172499798426,3538.765,3660.3575002015737,-243.18500040314757,1744.4432376130244,0.8644195617756806
2019-01-14 21:00:00,3629.46,3629.46,3590.0,3623.7,1446.165233,2019-01-14 21:59:59.999,5230193.51129925,10002,683.688934,2474187.73499653,0,67.0551183977533,3.8821424885616866,3545.551,3566.7838240519222,3558.6496291656804,3671.5838543279224,29.11650445176656,14.662690648197563,14.453813803568996,32.12614902618898,3420.7848283195476,3545.551,3670.3171716804522,-249.53234336090463,1716.0358086022602,0.8427360465035549
2019-01-14 22:00:00,3623.02,3633.13,3614.36,3622.86,852.109899,2019-01-14 22:59:59.999,3088875.69686055,7578,384.701726,1394413.97043337,0,66.76242407605537,3.325775401069522,3551.894,3572.1244122374537,3561.167682923889,3671.099039856998,29.718661534936928,17.673884825545436,12.044776709391492,31.1721383814612,3424.856462671331,3551.894,3678.9315373286686,-254.0750746573376,1633.757150544902,0.5215646026190602
2019-01-14 23:00:00,3623.0,3635.99,3620.0,3626.09,904.764754,2019-01-14 23:59:59.999,3282655.78117763,8112,463.476482,1681699.69239309,0,67.35254313324982,3.6973804621368096,3558.726,3577.263992024363,3563.71365614256,3670.6511887141423,30.109426639586673,20.160993188353686,9.948433451232987,30.087699925642525,3431.1326374601836,3558.726,3686.3193625398167,-255.1867250796331,1564.3293032549113,0.5783723108155358
2019-01-15 00:00:00,3626.08,3643.27,3624.22,3633.22,886.705047,2019-01-15 00:59:59.999,3220955.4765296,8953,451.243757,1639093.40681395,0,68.6746831816146,3.895338861881607,3565.4715,3582.59313564109,3566.4393951173615,3670.278739075196,30.641229195769938,22.257040389836938,8.384188805933,29.299292788096643,3437.0646286844076,3565.4715,3693.8783713155926,-256.81374263118505,1499.7936598020626,0.5912180260296768
2019-01-15 01:00:00,3632.88,3648.42,3631.93,3633.44,901.142694,2019-01-15 01:59:59.999,3279406.40109052,8755,468.257955,1704279.70236987,0,68.71678078537045,0.06775030432555498,3571.9075000000003,3587.4356941514625,3569.0668698186414,3669.9121844575325,30.72624568057745,23.95088144798504,6.775364232592409,28.384343303232615,3443.4182441108255,3571.9075000000003,3700.396755889175,-256.97851177834946,1442.779282106628,0.624588046956306
2019-01-15 02:00:00,3633.46,3636.97,3623.14,3624.98,833.865584,2019-01-15 02:59:59.999,3026491.55343201,7129,436.499511,1584422.63122593,0,65.094053942845,0.23032364204443137,3577.2475000000004,3591.011342327514,3571.2595415904593,3669.46509804502,29.767825596815783,25.11427027775119,4.653555319064594,27.34474735300171,3449.2838487671265,3577.2475000000004,3705.2111512328743,-255.92730246574774,1384.787501334568,0.6021614025230403
2019-01-15 03:00:00,3624.89,3632.07,3623.0,3629.38,637.583367,2019-01-15 03:59:59.999,2312677.06612029,6758,338.811677,1229029.83834607,0,66.09520789452482,0.04603455072208288,3583.125,3594.665500201084,3573.538775253579,3669.066241348055,29.02868934205253,25.89715409061146,3.131535251441072,26.039408256358744,3457.027916015159,3583.125,3709.222083984841,-252.19416796968198,1313.625202826514,0.48536170410564466
2019-01-15 04:00:00,3629.38,3631.86,3624.83,3627.19,785.077054,2019-01-15 04:59:59.999,2848744.61795908,6569,375.976252,1364309.86484902,0,65.09446699437682,-0.022601922265929907,3589.3920000000003,3597.7630716105045,3575.642744851478,3668.649562329667,27.94408185650309,26.306539643789783,1.6375422127133064,24.681593380904562,3467.929121009595,3589.3920000000003,3710.8548789904057,-242.92575798081089,1263.2872838906555,0.6214556767975452
2019-01-15 05:00:00,3627.4,3630.06,3612.48,3619.43,889.939896,2019-01-15 05:59:59.999,3224303.78996216,6624,434.620251,1574984.73409947,0,61.53894001849447,-0.512633037206441,3595.112500000001,3599.8265885999804,3577.3598921122043,3668.1598154408143,26.156835742678595,26.27659886356755,-0.11976312088895469,24.174336710839945,3479.7576590913554,3595.112500000001,3710.4673409086467,-230.7096818172913,1227.7303898058312,0.7248659016583814
2019-01-15 06:00:00,3619.14,3621.92,3610.12,3616.81,1309.362526,2019-01-15 06:59:59.999,4735717.89531982,8104,711.76097,2574410.39780884,0,60.34056288565923,-0.3482621333810873,3600.8155000000006,3601.444056352363,3578.906955166628,3667.6488720035923,24.249485246176846,25.87117614008941,-1.6216908939125645,23.290455517208535,3493.7036767840837,3600.8155000000006,3707.9273232159176,-214.2236464318339,1235.5048789671807,1.0597793244609122
2019-01-15 07:00:00,3616.03,3629.45,3616.03,3629.09,1118.748268,2019-01-15 07:59:59.999,4055196.53338462,8685,569.785621,2065537.04407689,0,63.88994986756613,0.14874299748876363,3607.8560000000007,3604.077003366424,3580.8749177091136,3667.2652016353973,23.458376050955394,25.388616122262608,-1.9302400713072139,22.58542298026504,3514.227041951385,3607.8560000000007,3701.484958048616,-187.25791609723092,1224.385201732211,0.9137224677472743
2019-01-15 08:00:00,3629.09,3630.43,3616.0,3624.34,1091.327945,2019-01-15 08:59:59.999,3955120.55708898,6602,533.58574,1933896.38308015,0,61.59368021500222,0.04085170279834214,3613.760500000001,3606.0068125696216,3582.579430740129,3666.838085201214,22.192311854687887,24.749355268747667,-2.5570434140597804,22.002892767388957,3533.1170428698592,3613.760500000001,3694.4039571301423,-161.28691426028308,1211.713082043429,0.9006488096667142
2019-01-15 09:00:00,3623.64,3625.04,3578.07,3604.06,2603.260356,2019-01-15 09:59:59.999,9372517.00140755,14245,1106.917417,3986272.17149516,0,52.85863241393063,-0.607541456499982,3619.1235000000006,3605.821401848705,3583.421806005222,3666.213427637023,19.329699600009462,23.665424135000027,-4.335724534990565,23.786257569718305,3559.7759955430365,3619.1235000000006,3678.4710044569647,-118.69500891392818,1344.2413938488166,1.9366018394556161
2019-01-15 10:00:00,3604.51,3618.0,3591.02,3610.64,1608.014451,2019-01-15 10:59:59.999,5792679.20396513,9044,972.836099,3504489.04747906,0,55.08434702152243,-0.6214872757498838,3624.8055000000004,3606.2803159583523,3584.4891861618803,3665.660458207799,17.39153102896489,22.410645513793,-5.019114484828108,24.01438202902414,3608.633933692178,3624.8055000000004,3640.977066307823,-32.34313261564512,1369.3626373870245,1.1742794838249446
2019-01-15 11:00:00,3610.56,3617.59,3606.37,3611.39,1017.478956,2019-01-15 11:59:59.999,3674475.71784311,7345,482.86419,1743871.46023629,0,55.34315365404639,-0.6068629177859048,3623.8260000000005,3606.7669525337474,3585.544120037885,3665.1204536485175,15.734657863286884,21.075447983691777,-5.340790120404893,23.10049759837958,3606.8747964716713,3623.8260000000005,3640.7772035283297,-33.902407056658376,1335.8499058263556,0.7616716156225564
2019-01-15 12:00:00,3612.1,3618.0,3591.0,3602.6,1149.622173,2019-01-15 12:59:59.999,4145852.08117579,8541,596.321149,2150566.36408448,0,51.591134414318404,-0.6173827165943014,3623.1235,3606.370099911486,3586.2129780756154,3664.4983595823633,13.55602894016829,19.57156417498708,-6.015535234818792,23.379033484209607,3603.906957482627,3623.1235,3642.340042517373,-38.433085034746,1318.1139312714647,0.8721720829481439
2019-01-15 13:00:00,3602.06,3634.75,3600.0,3624.78,1675.951607,2019-01-15 13:59:59.999,6061756.49777037,10758,1002.158121,3624785.43131437,0,59.122047541955915,-0.1267434107202858,3622.9770000000008,3608.1234237294393,3587.725410307944,3664.10315202433,13.463986006781852,18.350048541346034,-4.886062534564182,24.191245378194637,3603.863282577939,3622.9770000000008,3642.0907174220624,-38.22743484412331,1352.1937099122774,1.2394315952769268
2019-01-15 14:00:00,3624.96,3626.31,3612.91,3625.09,1501.964222,2019-01-15 14:59:59.999,5437800.14341315,9715,753.223725,2726989.61678794,0,59.217542613585614,-0.057896057278496824,3622.831,3609.7392881361593,3589.1906883350835,3663.714961456924,13.263166204194022,17.33267207391563,-4.06950586972161,23.420442136895026,3603.8349074376392,3622.831,3641.827092562361,-37.9921851247218,1366.4575682063464,1.09916638243771
2019-01-15 15:00:00,3625.09,3640.77,3580.0,3596.98,3168.354473,2019-01-15 15:59:59.999,11404163.66961119,17796,1493.999286,5378947.56499073,0,48.21778911326382,-0.6202634116421597,3620.7760000000007,3608.524117837477,3589.4961515376294,3663.050931989691,10.712288396420718,16.008595338416647,-5.29630694199593,26.08826769854538,3599.924007895095,3620.7760000000007,3641.6279921049063,-41.7039842098111,1538.0667972343135,2.0599589554219624
2019-01-15 16:00:00,3597.31,3610.73,3583.5,3599.01,1557.843901,2019-01-15 16:59:59.999,5609235.88078914,10306,854.833224,3078101.23651163,0,48.955190641796825,-0.4921463941981947,3619.254000000001,3607.618011376765,3589.869243634193,3662.413708785814,8.753597368719056,14.55759574447713,-5.8039983757580735,26.16982000579214,3596.6940574840723,3619.254000000001,3641.8139425159293,-45.11988503185694,1539.9503309262836,1.0116195761086355
2019-01-15 17:00:00,3599.01,3604.5,3592.05,3602.37,1000.566765,2019-01-15 17:59:59.999,3600716.45558981,7934,532.654134,1916874.41626854,0,50.21881105214151,-0.7362727295272439,3618.187500000001,3607.118200769454,3590.359469374029,3661.8162589471494,7.387288473867557,13.123534290355215,-5.736245816487658,25.18983286252126,3594.5228633807333,3618.187500000001,3641.8521366192685,-47.32927323853528,1488.5804675047327,0.672161691518916
2019-01-15 18:00:00,3602.25,3607.62,3590.5,3596.98,1022.589069,2019-01-15 18:59:59.999,3678235.34850167,7933,519.570949,1868904.66170043,0,48.159230618713636,-0.7548960638350741,3616.893500000001,3606.1526578390294,3590.6190980260276,3661.1711220422026,5.802661408398762,11.659359713963926,-5.856698305565164,24.61341622948402,3591.5349824647597,3616.893500000001,3642.2520175352424,-50.71703507048278,1444.2003343138058,0.7080659412018976
2019-01-15 19:00:00,3596.96,3605.0,3589.01,3604.14,811.118759,2019-01-15 19:59:59.999,2917727.12544227,7206,427.131547,1536726.49284515,0,51.03220541450892,0.002219718872602766,3615.7960000000003,3605.9609761400743,3591.1493294759875,3660.603648191037,5.066185372394102,10.34072484564996,-5.274539473255858,23.997457927378,3590.214368102631,3615.7960000000003,3641.3776318973696,-51.16326379473867,1383.9068509505862,0.5861079150253891
2019-01-15 20:00:00,3604.14,3605.0,3516.62,3532.59,4462.085756,2019-01-15 20:59:59.999,15875334.01458987,23706,1983.440969,7058261.95315632,0,31.96694310564164,-2.1616666297387646,3610.7645000000007,3598.973264126734,3588.8528851828114,3659.329880547345,-1.2762523808560218,8.017329400348764,-9.293581781204786,28.596210932565295,3566.702779425264,3610.7645000000007,3654.8262205747374,-88.12344114947336,1677.066746669578,2.660648876892398
2019-01-15 21:00:00,3534.42,3550.0,3524.42,3539.33,1930.763014,2019-01-15 21:59:59.999,6834008.85939379,11917,1044.2396,3696887.35203406,0,34.451208989835635,-1.9953535896150776,3606.059,3593.2929532575217,3586.910811254074,3658.1358518851825,-5.693190764389783,5.275225367401055,-10.968416131790839,28.380767294524915,3553.0094855322004,3606.059,3659.1085144678,-106.09902893559956,1701.228295939142,1.134922936920789
2019-01-15 22:00:00,3539.57,3557.5,3536.05,3543.97,1109.863839,2019-01-15 22:59:59.999,3937906.5037512,8564,590.927847,2096532.38004891,0,36.1789738624338,-1.627435740853831,3602.0085000000004,3588.5955291377577,3585.226857871561,3656.9998732594595,-8.718732908020229,2.4764337123167985,-11.195166620337027,27.885712487773123,3543.0051979424857,3602.0085000000004,3661.011802057515,-118.0066041150294,1644.9078714687475,0.6747270520439521
2019-01-15 23:00:00,3543.97,3565.1,3542.43,3553.06,1064.767737,2019-01-15 23:59:59.999,3784417.83474427,8495,543.962443,1933622.76094664,0,39.54107637470475,-1.9786028393447395,3598.1925,3585.2111930294,3583.9654124648337,3655.965645664838,-10.264684924733047,-0.07179001509317051,-10.192894909639875,27.513161595789335,3536.8185463696805,3598.1925,3659.5664536303198,-122.7479072606393,1589.6564300907717,0.669809977077374
2019-01-16 00:00:00,3553.06,3565.47,3543.51,3561.05,1070.838554,2019-01-16 00:59:59.999,3807636.42686283,8123,545.648855,1939937.68705271,0,42.41278784249206,-1.766576829816638,3594.8855000000003,3582.9101270266,3583.0667688387616,3655.021211379616,-10.721545508485633,-2.201741113771663,-8.51980439471397,27.11650719609007,3532.9651680019974,3594.8855000000003,3656.805831998003,-123.84066399600579,1540.2452037964124,0.6952390121784414
2019-01-16 01:00:00,3561.05,3569.89,3558.34,3568.74,674.116413,2019-01-16 01:59:59.999,2402590.58930364,6155,365.186854,1301707.37128714,0,45.114874642055284,-0.7851030586770078,3592.3509999999997,3581.560591119305,3582.5049347666536,3654.162691863401,-10.34385456403561,-3.8301638038244525,-6.513690760211157,26.004613824940762,3530.511161741839,3592.3509999999997,3654.1908382581605,-123.6796765163217,1457.7567475300875,0.4624340886380198
2019-01-16 02:00:00,3567.83,3568.79,3555.38,3564.83,762.129933,2019-01-16 02:59:59.999,2714630.47051462,6518,383.383021,1365425.4565984,0,43.9847902733592,-0.9497056134881617,3589.7520000000004,3579.967201488895,3581.8118000699224,3653.273809357298,-10.241973002839586,-5.11252564362748,-5.129447359212106,25.1049985517307,3527.871209136432,3589.7520000000004,3651.632790863569,-123.76158172713713,1391.5065747176982,0.5477012806458476
2019-01-16 03:00:00,3564.85,3575.37,3560.0,3572.5,703.880532,2019-01-16 03:59:59.999,2510976.46031726,6735,417.792084,1490457.98310641,0,46.79997094615252,-0.8291763477932553,3586.9224999999997,3579.256039442334,3581.446631439729,3652.4700898612055,-9.4335817739493,-5.976736869691845,-3.456844904257455,24.409641512321354,3527.488529251333,3586.9224999999997,3646.356470748666,-118.86794149733305,1326.0183801731555,0.5308226058737475
2019-01-16 04:00:00,3572.55,3583.71,3570.57,3572.95,1437.677955,2019-01-16 04:59:59.999,5143076.33727081,8220,815.207397,2916529.18042175,0,46.96836902131069,-0.6680604284705558,3584.353,3578.6554642573496,3581.1134302067985,3651.6788451859697,-8.656824181241063,-6.5127543320016885,-2.144069849239375,23.604667118584103,3527.335920342782,3584.353,3641.370079657218,-114.03415931443578,1336.6526253947598,1.075580841039686
2019-01-16 05:00:00,3572.63,3582.53,3570.0,3578.81,910.571205,2019-01-16 05:59:59.999,3255776.03198465,7026,466.221277,1666936.48836187,0,49.22243642064618,-0.7028028877901504,3583.0905,3578.670181947126,3581.0230996104538,3650.9537820497912,-7.482135763235874,-6.706630618248526,-0.7755051449873482,22.813619467256682,3526.7971314178862,3583.0905,3639.3838685821133,-112.58673716422709,1296.0734425000207,0.7025614252565671
2019-01-16 06:00:00,3578.97,3580.89,3565.5,3569.93,801.808254,2019-01-16 06:59:59.999,2864034.92613895,6478,428.492628,1530623.79280831,0,46.02965170534061,1.0570148248169102,3581.055,3577.837783666447,3580.588076096318,3650.1475752632264,-7.184905398552019,-6.8022855743092245,-0.38261982424279406,22.283360933881198,3526.0261281521416,3581.055,3636.083871847858,-110.05774369571645,1249.0005674047807,0.6419598797028785
2019-01-16 07:00:00,3570.12,3572.0,3552.25,3555.07,920.516591,2019-01-16 07:59:59.999,3278380.38006686,8078,453.805336,1616299.2856529,0,41.21214552245337,0.4447169379515399,3578.2390000000005,3575.6694233172616,3579.587367229796,3649.201529738219,-8.055566447319507,-7.052941748911281,-1.0026246984082254,22.10240658146111,3523.987634981951,3578.2390000000005,3632.49036501805,-108.50273003609891,1217.716379175754,0.755936773736326
2019-01-16 08:00:00,3556.04,3599.99,3553.96,3585.0,1375.809092,2019-01-16 08:59:59.999,4917429.2446899,10353,686.683422,2453169.13201988,0,52.08877752562484,1.1577411772673076,3577.3590000000004,3576.5580496679986,3579.7996273384315,3648.562708546794,-6.258328620031989,-6.894019123135423,0.6356905031034339,23.811520397071014,3524.211706797593,3577.3590000000004,3630.506293202408,-106.29458640481516,1232.7728280161584,1.116028079734709
2019-01-16 09:00:00,3585.71,3603.96,3580.0,3580.63,1719.166766,2019-01-16 09:59:59.999,6171495.05103288,10708,957.975552,3439501.11413303,0,50.61627381171137,0.7759508705172489,3575.151500000001,3576.9458544615227,3579.8321909722185,3647.88676119807,-5.127520309535612,-6.540719360415461,1.4131990508798493,23.822126082994515,3526.850901213198,3575.151500000001,3623.4520987868036,-96.60119757360553,1279.0960602050957,1.3440482067659105
2019-01-16 10:00:00,3580.64,3597.62,3580.55,3585.46,712.24549,2019-01-16 10:59:59.999,2557336.36066878,6289,367.619311,1319975.67286522,0,52.223857863243104,0.6854719815784629,3573.170000000001,3577.7567254651876,3580.052889365465,3647.2655993951043,-3.7978269573286525,-5.992140879798099,2.194313922469447,23.3398313627806,3530.5816724663796,3573.170000000001,3615.7583275336224,-85.17665506724279,1225.1102916141342,0.5813725465170868
2019-01-16 11:00:00,3587.06,3593.85,3583.08,3589.02,510.838845,2019-01-16 11:59:59.999,1833494.4524659,4520,268.579405,963965.81404517,0,53.42725566393209,0.5682677919938186,3572.772000000001,3578.829418278027,3580.4045407628983,3646.686041192168,-2.4287757331508146,-5.2794678504686425,2.850692117317828,22.441986265439127,3530.9792151277984,3572.772000000001,3614.5647848722033,-83.58556974440489,1157.0844395556453,0.44148795674426083
2019-01-16 12:00:00,3589.08,3645.0,3589.0,3611.94,2079.265153,2019-01-16 12:59:59.999,7517699.76595095,13524,1129.868547,4084959.58264199,0,60.35152458307574,1.321521643388328,3573.418500000001,3581.9828070134527,3581.641225438863,3646.340309439012,0.49989717163953173,-4.123594846047008,4.62349201768654,24.83898724647919,3529.5673991795693,3573.418500000001,3617.269600820433,-87.70220164086368,1244.9111741693932,1.670211655371548
2019-01-16 13:00:00,3611.11,3619.4,3574.93,3592.1,2109.110302,2019-01-16 13:59:59.999,7597794.24742277,13446,919.621781,3313017.9927918,0,53.00516733036051,0.5486354093771842,3572.9050000000007,3582.9463492026475,3582.0513734608685,3645.8006048674797,1.2060665737217278,-3.0576625620932614,4.263729135814989,26.241202443159267,3530.2573594777978,3572.9050000000007,3615.5526405222035,-85.29528104440578,1327.2158530104034,1.5891238016906566
2019-01-16 14:00:00,3592.11,3609.14,3587.11,3598.21,1271.276094,2019-01-16 14:59:59.999,4572236.93663046,9302,630.864736,2269368.6006671,0,54.82876887618195,0.7069788270196957,3572.9665000000005,3584.400030230967,3582.685045089854,3645.3270665105897,2.232996258273488,-1.999530798019912,4.232527056293399,25.940402268647873,3530.1693956832305,3572.9665000000005,3615.7636043167704,-85.59420863353989,1321.8882569141745,0.961712222913362
2019-01-16 15:00:00,3598.23,3612.24,3579.0,3590.22,1568.32532,2019-01-16 15:59:59.999,5635478.11985312,10343,825.730053,2967332.23742339,0,51.98776861370733,0.318821060631882,3572.2705,3584.9543130661127,3582.9805335177034,3644.778737490584,2.3747446292672976,-1.12467571256247,3.499420341829768,26.46180210660158,3531.1896541750907,3572.2705,3613.3513458249095,-82.16169164981875,1345.3584533985386,1.1657304534997495
2019-01-16 16:00:00,3591.16,3594.51,3560.2,3581.57,1726.814007,2019-01-16 16:59:59.999,6182141.42018093,11912,805.604938,2884640.66214635,0,49.02605064294887,0.3260568134389282,3574.7195,3584.6319975360066,3582.925218477794,3644.149794828986,1.768709938401571,-0.5459985823696618,2.314708520771233,27.02238767041578,3537.989311369285,3574.7195,3611.449688630715,-73.46037726143004,1381.6875537415349,1.2497861780138941
2019-01-16 17:00:00,3582.01,3592.0,3581.59,3590.5,1005.381069,2019-01-16 17:59:59.999,3606975.78156932,8038,486.649644,1745917.26105656,0,52.06231522298485,0.9966048488496664,3577.2780000000002,3585.1908549135296,3583.222268733567,3643.6159660247176,1.986104867911763,-0.03957789231337683,2.02568276022514,25.837217122528926,3543.9567688354464,3577.2780000000002,3610.599231164554,-66.64246232910773,1345.8488409090078,0.7470237655522664
2019-01-16 18:00:00,3590.51,3610.0,3576.81,3588.75,1479.794814,2019-01-16 18:59:59.999,5318465.15681288,10177,740.267804,2660701.81771039,0,51.41597574177567,0.10460251046025104,3579.5170000000003,3585.529821112241,3583.4390425087213,3643.070036014522,1.9941937173243787,0.3671764296141743,1.6270172877102045,26.36241589949115,3549.795954399537,3579.5170000000003,3609.2380456004635,-59.44209120092637,1358.605600251007,1.0892011734138318
2019-01-16 19:00:00,3588.46,3592.16,3561.53,3576.4,1264.132377,2019-01-16 19:59:59.999,4520444.99115763,9813,629.516415,2251237.81452161,0,46.9830355390112,-0.11813563534908712,3580.6840000000007,3584.660314339647,3583.163001626026,3642.4066525715916,0.9926200954419073,0.49226516277972093,0.5003549326621863,26.66724333524176,3553.6231614086146,3580.6840000000007,3607.7448385913867,-54.121677182772146,1349.6081504175777,0.9366662290894353
2019-01-16 20:00:00,3576.6,3582.81,3561.81,3577.91,897.59865,2019-01-16 20:59:59.999,3206568.17603962,7973,443.479024,1584770.16952783,0,47.578150411829824,-0.21057270196851122,3581.527000000001,3584.0174272596805,3582.9570015622608,3641.7648948345613,0.3170553478648799,0.45722319979675274,-0.14016785193187287,26.26244023986735,3556.0366062675084,3581.527000000001,3607.0173937324935,-50.98078746498504,1306.5596265682846,0.6869940198271456
2019-01-16 21:00:00,3577.91,3609.0,3575.31,3584.29,1259.127036,2019-01-16 21:59:59.999,4517126.93488905,9050,752.961047,2701441.68501504,0,50.125524362542116,-0.13179085098439178,3582.3045000000006,3584.043386568282,3583.0092760107996,3641.19300533372,0.29309943055704935,0.4243984459488121,-0.13129901539176275,26.79298022273397,3557.51741722212,3582.3045000000006,3607.0915827778813,-49.57416555576128,1302.0422369903526,0.9670400853588664
2019-01-16 22:00:00,3584.29,3586.29,3576.05,3579.89,626.97428,2019-01-16 22:59:59.999,2245497.47962732,6091,325.40494,1165438.30539826,0,48.37946848751639,-0.8873347840772599,3583.057500000001,3583.6478259427317,3582.8869514613566,3640.583025181146,-0.08000676597293932,0.32351740356446185,-0.40352416953740117,25.610624492538673,3559.627743952893,3583.057500000001,3606.4872560471085,-46.85951209421546,1237.750050610319,0.5065435300857769
2019-01-16 23:00:00,3580.18,3598.98,3578.0,3591.84,592.781245,2019-01-16 23:59:59.999,2127169.46521422,6287,337.135809,1209781.70798032,0,53.15241261650371,-0.0072381058433719425,3584.024500000001,3584.4280329958046,3583.2380514040487,3640.098019955463,0.5818616756741903,0.3751862579864076,0.20667541768778275,25.279865600214485,3560.8342175749567,3584.024500000001,3607.214782425045,-46.380564850088376,1176.324450076003,0.5039266547266786
2019-01-17 00:00:00,3591.84,3597.29,3582.08,3587.73,968.626011,2019-01-17 00:59:59.999,3478544.93133671,7362,561.766675,2017622.32318507,0,51.392378068192684,-0.29125593003187744,3584.763500000001,3584.742506043823,3583.4142062509486,3639.5769451300357,0.7659254214013345,0.453334090669393,0.31259133073194145,24.560589485913454,3562.123700600535,3584.763500000001,3607.403299399467,-45.27959879893206,1156.5436463544788,0.8375179043637386
2019-01-17 01:00:00,3587.53,3600.51,3582.99,3593.46,778.057422,2019-01-17 01:59:59.999,2794657.68210479,6717,340.035565,1221649.89059311,0,53.69449974661948,0.09024516603440003,3585.496,3585.572743563459,3583.80815894699,3639.1180700541154,1.3585004310580189,0.6343673587471182,0.7241330723109006,24.057690236919665,3562.719667500863,3585.496,3608.272332499137,-45.55266499827394,1120.4973392731,0.6943857827496039
2019-01-17 02:00:00,3593.46,3600.0,3551.16,3557.4,1102.69794,2019-01-17 02:59:59.999,3950062.8193613,8378,513.647095,1840802.12123802,0,40.64743473474701,-0.674843713790323,3584.8695000000007,3582.889625128844,3582.7725448706374,3638.304954929199,-1.0692940819581054,0.2936350706060735,-1.362929152564179,25.827855219996845,3559.7242332275327,3584.8695000000007,3610.0147667724686,-50.2905335449359,1118.8021583899474,0.9856058390045271
2019-01-17 03:00:00,3558.57,3576.64,3556.82,3574.59,1455.80137,2019-01-17 03:59:59.999,5192279.17904125,10109,810.423725,2890548.11096344,0,47.23013184880931,-0.44311377245508576,3585.8455,3582.0991846403826,3582.451660758063,3637.6709752781626,-1.5879445513360224,-0.08268085378234566,-1.5052636975536768,25.398722704282765,3564.3148242337043,3585.8455,3607.3761757662955,-43.06135153259129,1150.8973214004286,1.2649272380168195
2019-01-17 04:00:00,3574.57,3584.7,3568.17,3574.78,729.026598,2019-01-17 04:59:59.999,2606424.86270472,6065,399.210707,1427460.57566527,0,47.29970470528345,-0.3892720306513354,3585.3345,3581.402119436537,3582.1508113165705,3637.045194429624,-1.9610417048215822,-0.45835302399019295,-1.5026886808313893,24.76524251111969,3563.2415599748847,3585.3345,3607.427440025115,-44.18588005023048,1110.7191572670545,0.6563554731456904
2019-01-17 05:00:00,3573.75,3580.84,3568.16,3571.56,634.092423,2019-01-17 05:59:59.999,2267122.91081223,5655,354.27764,1266848.61851821,0,46.18829868405292,-0.13533161838720908,3584.881,3580.464774728295,3581.7354853825873,3636.3936004552,-2.487872332711504,-0.8642568857344552,-1.6236154469770487,23.902010903182592,3562.022364501614,3584.881,3607.7396354983857,-45.71727099677173,1065.3261349559064,0.5952096754166695
2019-01-17 06:00:00,3571.58,3587.95,3568.19,3577.22,787.333087,2019-01-17 06:59:59.999,2816318.15490514,7537,431.234476,1542667.25002278,0,48.47988581989289,-0.019285001579135715,3584.4689999999996,3580.155748563696,3581.558407524447,3635.80480841087,-2.4207695786913064,-1.1755594243258254,-1.245210154365481,23.606152981526677,3561.3586579085268,3584.4689999999996,3607.5793420914724,-46.22068418294566,1038.8506065791535,0.7578886531073229
2019-01-17 07:00:00,3576.64,3584.36,3570.0,3584.0,699.825101,2019-01-17 07:59:59.999,2504161.60576191,6994,412.996026,1477954.62358486,0,51.16280921878092,-0.008090863183502552,3584.2179999999994,3580.521867748106,3581.6541562489783,3635.289337680414,-1.7997543773512916,-1.3003984149309187,-0.49935596242037295,22.94571348284621,3561.206945814178,3584.2179999999994,3607.2290541858206,-46.02210837164239,1006.5624631906627,0.695262466654729
2019-01-17 08:00:00,3583.73,3585.0,3574.0,3581.69,727.963239,2019-01-17 08:59:59.999,2605852.55669868,7058,424.280588,1518773.17388497,0,50.203556779004174,0.05028087455201646,3582.7054999999996,3580.6331184387627,3581.6555618862735,3634.7560109373258,-1.4769674888107147,-1.335712229706878,-0.14125525910383674,22.09244823407148,3563.74685084188,3582.7054999999996,3601.664149158119,-37.917298316238885,980.0292037439328,0.7427974964613464
2019-01-17 09:00:00,3580.76,3582.47,3567.0,3570.18,980.439212,2019-01-17 09:59:59.999,3505161.64475492,7654,535.660812,1915275.93325609,0,45.614441965405305,-0.603033542696788,3581.6095,3579.637583349357,3581.2055398515176,3634.1134635648154,-2.1254168782575107,-1.4936531594170046,-0.6317637188405061,21.619416217352075,3562.404777472082,3581.6095,3600.814222527918,-38.40944505583593,980.0682521492726,1.000378504098989
2019-01-17 10:00:00,3570.56,3588.9,3530.39,3572.71,3209.878767,2019-01-17 10:59:59.999,11436931.03348043,17412,1604.246809,5716253.59724012,0,46.76633119033755,-0.41864911796595566,3580.3345,3578.9778135065612,3580.872381425968,3633.5024838278523,-2.407416634910078,-1.6764058545156193,-0.7310107803944585,24.254457916112656,3562.428232382044,3580.3345,3598.240767617956,-35.81253523591204,1192.4311583255324,2.6918776355252763
2019-01-17 11:00:00,3572.71,3583.37,3569.75,3579.56,1199.338241,2019-01-17 11:59:59.999,4289575.16267249,8346,722.031528,2582538.31210381,0,49.86263364968566,-0.38681382288936267,3579.8014999999996,3579.0332598392697,3580.820915487695,3632.965742695237,-2.0544829213481535,-1.7520212678821263,-0.30246165346602716,23.494853779247457,3562.5101364421403,3579.8014999999996,3597.092863557859,-34.582727115718626,1193.0889757231007,1.0052378870344616
2019-01-17 12:00:00,3580.3,3581.51,3560.84,3570.0,911.865943,2019-01-17 12:59:59.999,3257835.83561552,8011,457.155124,1633515.07415382,0,45.854086218297134,0.3541912632821698,3579.223,3578.172949378387,3580.3965658607267,3632.3392178922995,-2.5171760754365096,-1.9050522293930032,-0.6121238460435063,23.293078509301218,3561.414326654643,3579.223,3597.031673345357,-35.61734669071393,1166.305829749472,0.7818411944282857
2019-01-17 13:00:00,3569.34,3575.65,3563.02,3568.2,909.283051,2019-01-17 13:59:59.999,3246059.58288194,7725,500.706807,1787568.17083957,0,45.11861302132931,-0.17876176008997752,3578.1079999999997,3577.223144675683,3579.9182691603064,3631.701016719242,-2.994588933193427,-2.122959570153088,-0.8716293630403387,22.53143004435114,3560.4806986868443,3578.1079999999997,3595.735301313155,-35.25460262631077,1141.8274698685698,0.7963401433183799
2019-01-17 14:00:00,3568.2,3579.57,3558.87,3575.83,1096.288328,2019-01-17 14:59:59.999,3914901.58410945,8543,544.085133,1943142.69622597,0,48.8628396787371,0.029372436905200517,3577.461999999999,3577.09046423038,3579.75794487951,3631.145086204623,-2.7258430076954028,-2.243536257661551,-0.4823067500338518,22.400613612611792,3560.5441233133474,3577.461999999999,3594.3798766866507,-33.835753373303305,1137.4904087382297,0.9637780851410138
2019-01-17 15:00:00,3575.83,3605.0,3570.0,3597.62,2046.588773,2019-01-17 15:59:59.999,7341862.26920587,13463,1027.768173,3688022.21471173,0,57.731723534158384,0.729653148764124,3578.5229999999992,3579.0456581132007,3580.4584176293333,3630.8115032573137,-0.7459897269468456,-1.94402695151861,1.1980372245717643,23.300569783139522,3559.371406304997,3578.5229999999992,3597.6745936950015,-38.303187390004496,1224.0712053345887,1.6719523864958359
2019-01-17 16:00:00,3597.17,3633.0,3576.12,3581.98,2791.456293,2019-01-17 16:59:59.999,10049452.49247309,16242,1467.50101,5284008.01901871,0,50.90715238182725,0.13306422305589868,3578.7264999999998,3579.325119245277,3580.518087526222,3630.3256176527634,-0.43395664685112934,-1.642012890585114,1.2080562437339846,25.69910051291528,3559.5159291433747,3578.7264999999998,3597.937070856625,-38.42114171325011,1373.3459755884373,2.032595094476427
2019-01-17 17:00:00,3581.98,3600.98,3573.0,3594.27,1597.202835,2019-01-17 17:59:59.999,5726639.65916604,10059,907.612935,3253836.11163125,0,55.37163967524787,0.2865513392857138,3579.225499999999,3580.7484412219173,3581.0573782114684,3629.9668552880594,0.7958579503388137,-1.1544387224003283,1.950296672739142,25.862021904849907,3558.919231872423,3579.225499999999,3599.531768127575,-40.61253625515201,1394.6656764847767,1.145222731103352
2019-01-17 18:00:00,3594.02,3618.78,3593.75,3605.69,1757.906618,2019-01-17 18:59:59.999,6336019.93620386,11756,949.537518,3422467.67909808,0,59.09416400143309,0.6700747412534306,3580.5155,3583.123827772211,3582.0233633796465,3629.7252945389246,2.661315450127404,-0.39128788789478186,3.0526033380221858,25.802591768789213,3557.006116901116,3580.5155,3604.024883098884,-47.018766197767945,1429.2600518671788,1.229941756018073
2019-01-17 19:00:00,3605.97,3613.91,3600.72,3604.95,1122.245956,2019-01-17 19:59:59.999,4047611.41071469,8261,619.627648,2235169.93351389,0,58.75218382907637,0.9739004756062715,3581.171,3585.202510841524,3582.9224471686803,3629.4787741952537,4.033496506086067,0.49366899090138794,3.5398275151846788,24.90169235673285,3555.6842043267475,3581.171,3606.657795673252,-50.97359134650469,1400.0206141655426,0.8015924513146506
2019-01-17 20:00:00,3604.15,3610.59,3598.0,3605.46,680.811553,2019-01-17 20:59:59.999,2453930.5886212,7239,360.087302,1298088.64807847,0,58.92859214881372,0.9166710984098905,3582.0575,3587.1317955232835,3583.806272769909,3629.2397814171914,5.103285122508169,1.4155922172227442,3.6876929052854246,24.02228575982337,3554.4638051632664,3582.0575,3609.6511948367333,-55.187389673466896,1331.5245131021577,0.5113023052154403
2019-01-17 21:00:00,3606.05,3634.7,3597.5,3603.02,1440.514939,2019-01-17 21:59:59.999,5204751.99791531,10516,830.038998,2999459.8859689,0,57.65806914848723,0.6553878130273004,3582.5355,3588.6449578543993,3584.5597522691282,3628.9788880697565,5.68863762685578,2.2702012991493516,3.418436327706428,24.963551062693117,3553.8024392876314,3582.5355,3611.2685607123685,-57.46612142473714,1341.9045536638569,1.073485394372426
2019-01-17 22:00:00,3603.02,3611.73,3590.0,3606.82,704.291117,2019-01-17 22:59:59.999,2536595.32272796,7106,437.923711,1577413.89648813,0,59.13574279725879,1.0313725490196124,3585.0065,3590.3759142492186,3585.4327031605353,3628.758401621302,6.38555326272035,3.0932716918635514,3.2922815708567987,24.73258312964361,3556.881315724474,3585.0065,3613.131684275526,-56.250368551051906,1281.179464457775,0.5497208912086897
2019-01-17 23:00:00,3606.83,3626.79,3604.88,3616.21,1423.906021,2019-01-17 23:59:59.999,5146383.74997392,9589,798.64739,2886109.07768954,0,62.60830256973761,1.345496328681134,3587.0875000000005,3592.8363033683404,3586.6396559777695,3628.6335419036773,7.607859777853719,3.9961893090615854,3.6116704687921333,24.530970048954774,3556.185559420403,3587.0875000000005,3617.989440579598,-61.80388115919504,1294.772469842749,1.0997345511778873
2019-01-18 00:00:00,3613.32,3620.0,3601.64,3607.42,636.158723,2019-01-18 00:59:59.999,2296234.31354554,6500,366.972296,1324734.8986926,0,57.66804789819711,0.8834312593160231,3588.7195000000006,3594.22522685707,3587.454571429622,3628.4224618847356,7.777611494520897,4.7524737461534485,3.025137748367449,24.090186474029444,3557.1147545367708,3588.7195000000006,3620.3242454632305,-63.209490926459694,1232.0473510958204,0.5163427545493127
2019-01-18 01:00:00,3608.18,3613.94,3594.35,3598.52,786.609808,2019-01-18 01:59:59.999,2834437.80286384,6458,469.523653,1691750.35648733,0,53.09935013290442,0.025016538711706376,3590.0675,3594.6342528706828,3587.888509804931,3628.1249249505595,7.112002594536534,5.224379515830066,1.8876230787064685,23.768744583027352,3559.2545021444166,3590.0675,3620.8804978555836,-61.62599571116698,1189.6247279438373,0.6612251658214826
2019-01-18 02:00:00,3598.52,3610.0,3598.5,3603.2,561.75177,2019-01-18 02:59:59.999,2024673.3400869,5337,363.573926,1310362.11479527,0,55.113152350418645,0.5924097845325713,3591.3665,3595.45003831157,3588.4889604008163,3627.8769157470715,6.882799010850249,5.556063414834102,1.3267355960161469,22.892405684239687,3560.6436291944838,3591.3665,3622.0893708055164,-61.445741611032645,1129.8273033777575,0.4972014469119077
2019-01-18 03:00:00,3603.53,3606.08,3597.78,3600.87,498.414073,2019-01-18 03:59:59.999,1795699.41014517,6183,291.385048,1049815.49250806,0,53.87291953686996,0.18362560408650183,3592.21,3595.9662251390396,3588.97449136549,3627.6081902172505,6.4389181517130964,5.732634362209901,0.7062837895031953,21.850090992508264,3561.4124553267493,3592.21,3623.007544673251,-61.59508934650148,1069.6927100084472,0.4659413571174698
2019-01-18 04:00:00,3600.87,3604.8,3585.7,3591.2,610.764723,2019-01-18 04:59:59.999,2196224.09696876,6401,316.938682,1139880.57467437,0,48.949658452090496,-0.4018648303098779,3592.685499999999,3595.5122989353213,3589.0617662139025,3627.245919667825,5.246374251800262,5.635382340127974,-0.38900808832771183,21.653655921614842,3562.2806898022022,3592.685499999999,3623.090310197796,-60.80962039559381,1025.9852826743092,0.5952957935302883
2019-01-18 05:00:00,3590.65,3600.0,3588.98,3598.43,808.205233,2019-01-18 05:59:59.999,2905923.22344097,6025,397.040169,1427491.82703197,0,52.44864114372382,-0.18086242527635563,3594.098,3595.7901752271955,3589.4291479310045,3626.9591940989912,4.82900938147759,5.474107748397897,-0.6450983669203065,20.894109070070925,3565.525846018123,3594.098,3622.670153981877,-57.14430796375382,1005.2443255624703,0.8039888537025863
2019-01-18 06:00:00,3598.34,3611.3,3596.3,3607.85,499.401591,2019-01-18 06:59:59.999,1799604.01026536,5305,268.993551,969343.67744136,0,56.62045939234862,0.06628835155569256,3595.8549999999996,3596.9387299674627,3590.1515342866514,3626.7690528641756,5.198435658216113,5.41897333036154,-0.22053767214542752,20.473101279351575,3568.5259027243674,3595.8549999999996,3623.1840972756318,-54.65819455126439,957.0688270327113,0.5218032150815535
2019-01-18 07:00:00,3608.85,3611.99,3597.0,3604.01,928.654706,2019-01-18 07:59:59.999,3345366.10915361,8019,599.705931,2160318.79768479,0,54.520609945655146,0.02747694989204158,3597.0774999999994,3597.6121842562757,3590.6950035303125,3626.5425946267214,5.122305981493355,5.359639860587904,-0.23733387909454873,20.081451187969304,3570.6448058304886,3597.0774999999994,3623.51019416951,-52.86538833902159,954.3627202676912,0.9730626377982574
2019-01-18 08:00:00,3604.01,3619.8,3600.0,3604.07,1139.14914,2019-01-18 08:59:59.999,4107937.18539067,8640,634.397431,2288141.71065456,0,54.54897366460309,-0.0762444480179216,3598.7809999999995,3598.2272143271066,3591.2195131957906,3626.318986719988,5.009072690824269,5.2895264266351765,-0.2804537358109078,20.061347531685797,3575.491379180823,3598.7809999999995,3622.070620819176,-46.57924163835287,971.9614269088635,1.1720106461661188
2019-01-18 09:00:00,3604.33,3613.0,3601.5,3611.15,1062.679271,2019-01-18 09:59:59.999,3834001.11088076,7895,487.822849,1759836.5968444,0,57.88658450734508,-0.13992550211409033,3600.9284999999995,3599.457955819763,3592.001100913603,3626.168051528745,5.428060025019931,5.3172331463121285,0.11082687870780283,19.449822707993956,3581.999324217737,3600.9284999999995,3619.857675782262,-37.85835156452504,980.6012215842098,1.0837017613369775
2019-01-18 10:00:00,3611.15,3616.12,3590.0,3594.97,2424.37805,2019-01-18 10:59:59.999,8736878.84327057,11247,1446.234836,5211978.87681232,0,49.02624130400959,-0.3451219985474459,3601.8855000000003,3599.030531455976,3592.1175283287557,3625.8576231553247,4.403755970329712,5.134537711115646,-0.7307817407859343,19.92626394313724,3586.742378615375,3601.8855000000003,3617.0286213846257,-30.286242769250748,1118.103776671428,2.168294303787546
2019-01-18 11:00:00,3594.97,3600.67,3590.0,3599.01,985.938077,2019-01-18 11:59:59.999,3545476.51056485,6802,525.441627,1889650.25786534,0,51.04131036805913,0.013616709091521972,3601.955,3599.0285760792162,3592.387821335471,3625.5904826264164,3.87333249762014,4.882296668416545,-1.0089641707964052,19.265102232913158,3586.8817088773053,3601.955,3617.0282911226946,-30.146582245389254,1105.5165671789111,0.8918347370550448
2019-01-18 12:00:00,3599.08,3599.83,3576.68,3589.3,1316.517853,2019-01-18 12:59:59.999,4725467.80568812,8784,676.961536,2430250.3879855,0,46.303480494621006,-0.3857682060390663,3602.321,3598.102045024053,3592.2667303027074,3625.2293832968003,2.639031115894795,4.4336435579121956,-1.7946124420174003,19.542594930562224,3589.0411079583478,3602.321,3615.600892041652,-26.559784083304294,1125.6119277333005,1.1696019032519815
2019-01-18 13:00:00,3589.53,3595.9,3583.4,3587.05,760.464549,2019-01-18 13:59:59.999,2730390.36945255,6906,450.616575,1617945.7077917,0,45.255208016741555,-0.38379613815549324,3601.96,3597.0494693074766,3592.0621526437776,3624.8494889356384,1.4624242656436763,3.839399699458492,-2.3769754338148155,19.039552435522065,3587.4253430505596,3601.96,3616.4946569494405,-29.069313898880864,1090.8359869015576,0.6971392199482214
2019-01-18 14:00:00,3587.51,3593.56,3577.41,3590.63,1091.584195,2019-01-18 14:59:59.999,3915135.3192375,8151,625.711784,2244385.4771363,0,47.299579521711806,-0.01587213187791571,3601.2070000000003,3596.438091278193,3592.0059897950023,3624.5089965084185,0.8094995337869477,3.2334196663241834,-2.4239201325372357,18.833155832984783,3585.9438140179677,3601.2070000000003,3616.470185982033,-30.52637196406522,1090.9072448156949,1.0006205387190543
2019-01-18 15:00:00,3591.91,3611.95,3590.0,3610.68,1601.614423,2019-01-18 15:59:59.999,5769774.0193551,9696,817.924597,2946434.19793757,0,56.98744835019785,0.3404262414441854,3601.4935000000005,3597.794463537413,3592.7383039206884,3624.3713945531113,1.8881539514632095,2.964366523351989,-1.0762125718887794,19.05578755920014,3585.7276538025353,3601.4935000000005,3617.2593461974657,-31.53169239493036,1139.5460236903905,1.4054846313387264
2019-01-18 16:00:00,3611.09,3612.07,3583.43,3590.75,1804.569351,2019-01-18 16:59:59.999,6479874.46799442,9810,1139.806211,4092357.65403184,0,47.6171183788035,-0.4739664897376529,3600.7580000000003,3597.1235622481354,3592.660331217917,3624.0368533137766,1.121878592646226,2.5958689372108363,-1.4739903445646103,19.74037416211444,3584.4095603832952,3600.7580000000003,3617.1064396167053,-32.69687923341007,1202.881578672258,1.5002053261069022
2019-01-18 17:00:00,3590.23,3597.61,3565.75,3577.44,1216.437877,2019-01-18 17:59:59.999,4362066.89146477,8768,598.511519,2146790.63784693,0,42.58150768016405,-0.7372343583952364,3599.479,3595.2489372721225,3592.063455483881,3623.5732030320473,-0.5530309174546346,1.966088966277742,-2.519119883732377,20.606061721963417,3580.145717108191,3599.479,3618.8122828918085,-38.66656578361744,1204.1726547034714,1.0101856010835497
2019-01-18 18:00:00,3577.44,3587.49,3575.23,3582.23,794.687627,2019-01-18 18:59:59.999,2846277.93099473,7193,484.299803,1734581.78963765,0,44.84218327778383,-0.6059815708351987,3598.2495,3594.009038484301,3591.677829778631,3623.1618278775,-1.476871349385874,1.277496903145019,-2.754368252530893,20.009914456108874,3577.7872652348233,3598.2495,3618.7117347651765,-40.924469530353235,1165.1740806364742,0.6820333890073348
2019-01-18 19:00:00,3582.56,3589.0,3566.1,3587.91,678.589643,2019-01-18 19:59:59.999,2428725.00945666,6830,355.728283,1273297.03063589,0,47.48268515369598,-0.6435623000983132,3596.8345,3593.4281776762723,3591.5300717480964,3622.8110634210075,-1.7307420997667577,0.6758491025626636,-2.4065912023294214,20.216349137815392,3577.7329944377916,3596.8345,3615.9360055622083,-38.20301112441666,1118.8327056234766,0.6065157369723578
2019-01-18 20:00:00,3588.0,3599.25,3585.98,3593.95,675.615327,2019-01-18 20:59:59.999,2427961.43860573,6893,372.947446,1340196.1994437,0,50.21214145836711,-0.02837297668687032,3596.161,3593.477875040437,3591.62497089523,3622.5238886605994,-1.4280967663071351,0.2550599287887039,-1.683156695095839,19.72018134225715,3577.691587562251,3596.161,3614.6304124377493,-36.93882487549854,1076.621526706955,0.6275328053921546
2019-01-18 21:00:00,3593.89,3605.0,3590.16,3600.5,616.576351,2019-01-18 21:59:59.999,2218331.46125316,5445,371.594753,1336962.89513042,0,53.061158484306766,0.04140027396422299,3596.2600000000007,3594.1466488461097,3591.97301125228,3622.3047454898474,-0.6521997470290444,0.07360799362515427,-0.7258077406541986,19.37159696066736,3577.7162696080777,3596.2600000000007,3614.8037303919236,-37.08746078384593,1032.8077004491497,0.596990466600764
2019-01-18 22:00:00,3600.65,3609.19,3596.65,3598.68,686.528596,2019-01-18 22:59:59.999,2472726.7488918,5395,272.436852,981363.48769027,0,52.16787457306915,0.2613322932047935,3596.034,3594.5783965750516,3592.236030418857,3622.069673395421,-0.1820559313891863,0.022475208622286164,-0.20453114001147246,18.88362574919112,3577.7378774310278,3596.034,3614.3301225689725,-36.5922451379447,999.8287381206592,0.6866461923173385
2019-01-18 23:00:00,3598.29,3605.92,3588.5,3594.87,528.155798,2019-01-18 23:59:59.999,1900536.1258199,8884,276.514399,995104.58992089,0,50.26032282135161,0.21800643983216594,3595.7340000000004,3594.6061683298085,3592.3393233436077,3621.7990298790487,-0.11556654954711121,-0.005133143011593313,-0.11043340653551789,18.77908105282033,3577.5755078296424,3595.7340000000004,3613.8924921703583,-36.31698434071586,954.9075057282155,0.5530962892549752
2019-01-19 00:00:00,3594.87,3610.0,3594.23,3597.85,633.784846,2019-01-19 00:59:59.999,2282015.57198253,8298,368.341856,1326296.66659185,0,51.74652453206706,0.20107891929827912,3596.066500000001,3594.9151046793504,3592.5554283105253,3621.560731074282,0.175564066420975,0.03100629887492035,0.14455776754605465,18.56414669190459,3578.014349493733,3596.066500000001,3614.1186505062688,-36.10430101253587,924.3243952779092,0.685673611167046
2019-01-19 01:00:00,3598.19,3603.0,3596.12,3602.5,610.91317,2019-01-19 01:59:59.999,2198718.14714971,5540,381.535809,1373232.29041597,0,54.053528450761135,-0.22655012352243445,3596.2700000000004,3595.6374756622695,3592.9454115140343,3621.3710720586178,0.7725972946991533,0.17932449803976694,0.5932727966593864,17.729564785339985,3578.015044219924,3596.2700000000004,3614.5249557800767,-36.50991156015243,894.4757071562035,0.6829846412959267
2019-01-19 02:00:00,3602.52,3614.79,3600.72,3605.07,772.514552,2019-01-19 02:59:59.999,2787135.1467055,6301,438.574412,1582536.83154891,0,55.32483633188029,0.3988024785908282,3596.1310000000003,3596.535811313482,3593.4208855723077,3621.2088723366414,1.4365680884243375,0.43077321611668107,1.0057948723076564,17.468167300672857,3578.2079869777517,3596.1310000000003,3614.054013022249,-35.846026044497194,882.8603590460889,0.8750132952335575
2019-01-19 03:00:00,3604.26,3609.5,3602.95,3606.13,512.210852,2019-01-19 03:59:59.999,1847259.55218527,4658,263.541882,950498.77454515,0,55.86723317697724,0.8019701238874741,3596.2370000000005,3597.4495435693407,3593.919282216531,3621.0588338059288,2.024960384494989,0.7496106497923427,1.2753497347026461,16.688298207767666,3578.09405867269,3596.2370000000005,3614.379941327311,-36.285882654620764,847.5604059940804,0.6043355121093015
2019-01-19 04:00:00,3605.04,3608.73,3604.0,3606.9,347.668227,2019-01-19 04:59:59.999,1254011.08544499,3934,194.650584,702116.28365259,0,56.28245134489615,0.6886771647828328,3596.3785000000007,3598.349587038927,3594.428329972746,3620.9179498874623,2.5242995294561297,1.1045484257251001,1.4197511037310295,15.834134050069977,3577.93665253558,3596.3785000000007,3614.8203474644215,-36.88369492884158,799.9516270422631,0.4346115630584647
2019-01-19 05:00:00,3606.66,3615.0,3602.0,3608.0,454.491742,2019-01-19 05:59:59.999,1640265.5002687,5046,246.470328,889635.66325721,0,56.90620991755687,0.5599360073134539,3596.221000000001,3599.268673987601,3594.960552326756,3620.789413072662,2.97450199881996,1.4785391403440722,1.495962858475888,15.631695903636409,3578.2628663492915,3596.221000000001,3614.1791336507104,-35.916267301418884,767.0506856096666,0.5925185265153127
2019-01-19 06:00:00,3608.0,3610.89,3600.72,3602.11,458.984666,2019-01-19 06:59:59.999,1655387.49614997,4599,249.541222,900092.81219575,0,52.5801747693611,0.22704823383742984,3596.5780000000004,3599.539276464972,3595.2409228237457,3620.6035482659686,2.823469722693517,1.7475252568139612,1.0759444658795556,15.241574767662385,3578.441584059575,3596.5780000000004,3614.714415940426,-36.2728318808513,737.7110646944602,0.6221740298691316
2019-01-19 07:00:00,3602.11,3606.02,3600.72,3604.4,402.464988,2019-01-19 07:59:59.999,1450644.41393791,4234,228.878305,824999.13623632,0,54.04298198572858,0.10831828912651273,3596.8475000000008,3600.002202515927,3595.600102320854,3620.442318929989,2.8556413613673612,1.9691484777246413,0.8864928836427199,14.531462284257943,3578.401379454907,3596.8475000000008,3615.2936205450947,-36.89224109018778,705.7828669140355,0.5702391016655557
2019-01-19 08:00:00,3604.42,3614.98,3604.01,3613.2,625.458339,2019-01-19 08:59:59.999,2258812.4970669,5847,314.36182,1135386.10047867,0,59.245723036618216,0.4034812764680378,3598.0425000000005,3601.259135609648,3596.290294386703,3620.3702560550637,3.5502984416802974,2.2853784705157727,1.2649199711645247,14.277072121096648,3578.58614682286,3598.0425000000005,3617.498853177141,-38.912706354281,698.1329118746035,0.8959015229930071
2019-01-19 09:00:00,3613.81,3616.4,3611.01,3614.53,514.531792,2019-01-19 09:59:59.999,1859399.43185669,5328,287.365891,1038515.12603916,0,59.98307982501313,0.5468904299738324,3599.4165000000007,3602.5230274563482,3597.005576959774,3620.312144054516,4.160183066521768,2.660339389716972,1.4998436768047956,13.642281255304022,3579.3568203308896,3599.4165000000007,3619.476179669112,-40.11935933822224,680.647090934165,0.7559450394386062
2019-01-19 10:00:00,3614.48,3720.0,3613.4,3698.1,6346.451492,2019-01-19 10:59:59.999,23441830.54023618,30592,3475.265215,12836654.48697606,0,82.00920925972157,2.786386314048668,3604.790000000001,3611.6255962700293,3600.970064137822,3621.0861525713867,11.257156113716064,4.3797027345167905,6.877453379199274,20.282118308496585,3556.6780765406984,3604.790000000001,3652.9019234593034,-96.22384691860498,1220.2475100832921,5.200954265062832
2019-01-19 11:00:00,3698.1,3702.5,3687.91,3695.38,1574.908223,2019-01-19 11:59:59.999,5820187.0070193,10349,864.491184,3195108.27774463,0,80.45696045948021,2.578209576682862,3609.0250000000015,3619.602206149074,3604.67241456379,3621.825394834358,16.472195895834375,6.798201366780308,9.673994529054067,19.87553842931827,3546.099399653609,3609.0250000000015,3671.950600346394,-125.85120069278491,1254.0247208372643,1.2558829158874107
2019-01-19 12:00:00,3695.78,3697.6,3689.07,3692.77,988.399126,2019-01-19 12:59:59.999,3650198.81188818,6843,512.325917,1892031.9422674,0,78.91346237851687,2.432685079623969,3614.126000000001,3626.57056746821,3608.1272218357985,3622.531311303668,20.16213081463593,9.470987256351433,10.691143558284496,19.06514282722409,3541.626136508251,3614.126000000001,3686.6258634917513,-144.9997269835003,1228.7270451384773,0.8044090263257839
2019-01-19 13:00:00,3692.63,3692.95,3681.84,3686.36,880.044841,2019-01-19 13:59:59.999,3244051.91184571,7038,439.905507,1621660.31456273,0,75.10279720864288,2.224822732402881,3619.572000000001,3632.264799137904,3611.1951739206693,3623.1664226339803,22.311998562247936,12.039189517530735,10.272809044717201,18.4969183395652,3542.4585452110964,3619.572000000001,3696.6854547889056,-154.22690957780924,1195.519216172908,0.7361193606048395
2019-01-19 14:00:00,3686.34,3689.64,3681.94,3685.28,723.033374,2019-01-19 14:59:59.999,2665157.83082641,6236,338.839547,1249150.67099379,0,74.45046694538527,2.173057195930026,3624.724500000001,3637.3138658866746,3614.100461217898,3623.784468179911,23.655946244140978,14.362540862852784,9.293405381288194,17.725709886739104,3544.412012283801,3624.724500000001,3705.0369877162016,-160.6249754324008,1150.520564537393,0.6284402002764033
2019-01-19 15:00:00,3685.28,3692.8,3684.45,3685.74,708.966261,2019-01-19 15:59:59.999,2615054.37870301,6922,329.564592,1215630.94940197,0,74.55185488710826,2.1546563192904595,3629.6160000000004,3641.9258786593723,3616.9098548956276,3624.400941133345,24.476008430875936,16.385234376457415,8.090774054418521,17.056016323400623,3546.8646249056433,3629.6160000000004,3712.3673750943576,-165.50275018871434,1108.467773724308,0.6395912247570043
2019-01-19 16:00:00,3685.64,3692.74,3684.5,3691.17,584.334454,2019-01-19 16:59:59.999,2156246.68791464,6694,279.302271,1030622.88120201,0,75.77397041914422,2.472439764471378,3634.477000000001,3646.6157949775275,3619.8220174487406,3625.065309878287,25.272740817281374,18.162735664622208,7.110005152659166,16.426300871729133,3549.164882245273,3634.477000000001,3719.7891177547294,-170.6242355094564,1058.5503147029453,0.5520138682911623
2019-01-19 17:00:00,3691.81,3694.47,3688.68,3691.57,575.87141,2019-01-19 17:59:59.999,2125860.55290194,6834,291.887467,1077556.62764389,0,75.86591619728556,2.4184330263011895,3639.0305000000008,3650.8971478368103,3622.6356638233,3625.7270480884536,25.64086173748774,19.658360879195314,5.9825008582924255,15.66656509517705,3551.6574526142026,3639.0305000000008,3726.403547385799,-174.7460947715963,1012.5808952074268,0.5687164479654072
2019-01-19 18:00:00,3691.6,3695.98,3662.2,3682.35,1689.437957,2019-01-19 18:59:59.999,6215495.51707557,11675,819.526936,3015502.40209858,0,69.33385135019817,1.9138160079707764,3643.2140000000004,3653.892657566638,3624.9774024968965,3626.290460545285,24.901573435798127,20.70700339051588,4.194570045282248,16.96038187409299,3555.963462399443,3643.2140000000004,3730.464537600558,-174.50107520111487,1077.0434725210052,1.5685884554367897
2019-01-19 19:00:00,3682.33,3689.76,3677.59,3686.53,873.034319,2019-01-19 19:59:59.999,3216537.51194391,7478,383.42235,1412660.66752531,0,70.57096567635197,1.9919602271941304,3647.797000000001,3657.0009758936244,3627.3912298499595,3626.8898589478194,24.37202763321193,21.44000823905509,2.932019394156839,16.618211740229214,3561.615828262128,3647.797000000001,3733.9781717378737,-172.36234347574555,1057.6140293285287,0.8254753575406739
2019-01-19 20:00:00,3686.56,3688.0,3670.64,3683.4,677.120653,2019-01-19 20:59:59.999,2493396.63832446,6286,343.984518,1266767.04256954,0,68.34752210033301,-0.3975014196479224,3652.0745,3659.5151686656604,3629.5876522087847,3627.4521489085378,23.429710806305593,21.83794875250519,1.5917620538004016,16.671196615927137,3567.8616070065677,3652.0745,3736.2873929934326,-168.42578598686487,1021.3765649162879,0.6629490789770537
2019-01-19 21:00:00,3684.13,3689.23,3676.42,3681.71,405.180112,2019-01-19 21:59:59.999,1492138.99346118,4654,193.816105,713800.70415648,0,67.11791723107906,-0.3699213612673141,3656.0350000000008,3661.628962126074,3631.631665847656,3627.9920280238757,22.289608325894278,21.92828066718301,0.36132765871126793,16.395396857646624,3574.2226029210915,3656.0350000000008,3737.84739707891,-163.62479415781854,962.69118844807,0.42088274709689677
2019-01-19 22:00:00,3682.47,3687.0,3673.42,3678.14,373.636007,2019-01-19 22:59:59.999,1375696.57028058,4635,181.979954,670080.0630881,0,64.47899112951981,-0.39617956168405044,3659.6885,3663.2014419235907,3633.4555220889247,3628.4910128196584,20.85756668653039,21.714137871052486,-0.856571184522096,16.19429708210043,3580.992197599019,3659.6885,3738.3848024009812,-157.39260480196208,906.5906949768251,0.4121330707123032
2019-01-19 23:00:00,3678.16,3679.39,3665.3,3665.3,438.13672,2019-01-19 23:59:59.999,1608684.10809068,5033,209.684499,770003.59266018,0,55.95727938502631,-0.5712952614503181,3662.6470000000004,3663.4013045975344,3634.704325144261,3628.8572713985673,18.473630169233275,21.066036330688647,-2.592406161455372,16.043990147664665,3588.088390599092,3662.6470000000004,3737.205609400909,-149.11721880181722,861.976030693318,0.5082933914619309
2019-01-20 00:00:00,3665.75,3673.86,3655.0,3673.86,724.873105,2019-01-20 00:59:59.999,2656908.65430698,6681,371.596806,1362276.8152711,0,59.77414856901001,-0.3098814744062886,3665.9950000000003,3664.3973708263406,3636.2398418052703,3629.30505974286,17.078196941501574,20.26846845285123,-3.190271511349657,16.24513370854577,3596.109370274619,3665.9950000000003,3735.880629725382,-139.77125945076295,848.9186091987162,0.853878212994057
2019-01-20 01:00:00,3673.81,3686.0,3673.72,3680.01,780.193444,2019-01-20 01:59:59.999,2872525.43002433,5887,437.989078,1612712.77167539,0,62.30192328484816,-0.155464031646279,3669.5955000000004,3665.884287890499,3637.9563185972206,3629.809586511588,16.280883763746715,19.47095151503033,-3.190067751283614,15.961909872221085,3605.0766588594997,3669.5955000000004,3734.114341140501,-129.03768228100125,842.3733553702671,0.9261848550006241
2019-01-20 02:00:00,3680.0,3684.63,3676.39,3680.19,473.149312,2019-01-20 02:59:59.999,1741925.71992338,5071,251.457064,925768.3781926,0,62.3764436608381,-0.29746665691366203,3673.499500000001,3667.246736662832,3639.61254139733,3630.310884158239,15.485030034579722,18.67376721894021,-3.1887371843604875,15.410344881348168,3617.255931020188,3673.499500000001,3729.7430689798134,-112.48713795962522,807.2091607635749,0.586154537136852
2019-01-20 03:00:00,3680.59,3686.0,3679.16,3680.72,405.491774,2019-01-20 03:59:59.999,1493021.57349927,4620,223.875275,824337.96236879,0,62.61080716402209,-0.2939128880124273,3677.315500000001,3668.5299045997053,3641.224598597435,3630.8124674004457,14.727309534126107,17.884475681977392,-3.157166147851285,14.798177389823309,3631.404790103878,3677.315500000001,3723.226209896124,-91.82141979224616,768.9503620241869,0.5273315340311205
2019-01-20 04:00:00,3681.31,3686.0,3679.02,3679.93,441.779542,2019-01-20 04:59:59.999,1626777.95484899,5117,261.970648,964719.80963272,0,61.99094617242222,-0.06571890233139362,3680.6520000000014,3669.6156279711618,3642.742457475967,3631.301199068103,13.902801341074337,17.08814081379678,-3.1853394727224433,14.239736147693073,3646.055341445077,3680.6520000000014,3715.248658554926,-69.19331710984898,737.7912363075977,0.5987866489319678
2019-01-20 05:00:00,3679.61,3681.25,3673.42,3673.87,369.52028,2019-01-20 05:59:59.999,1358929.65070595,4324,183.058051,673212.53800129,0,57.304297354324376,-0.3434123688129571,3683.619000000001,3670.0208062596225,3643.9631454180862,3631.7247692266296,12.614963852602614,16.193505421557948,-3.578541568955334,13.781897851429276,3667.836087320784,3683.619000000001,3699.401912679218,-31.565825358434267,702.7178118973503,0.5258444766075999
2019-01-20 06:00:00,3673.87,3679.43,3668.3,3675.42,730.058125,2019-01-20 06:59:59.999,2682431.97473654,6032,395.180423,1452066.7188551,0,58.175282838351464,-0.21664766248574735,3682.485000000001,3670.5350151872776,3645.1967475585534,3632.159547642285,11.585860819155187,15.271976501077395,-3.6861156819222085,13.59247657632716,3667.866830339653,3682.485000000001,3697.103169660349,-29.23633932069606,705.3216512404599,1.035071195838148
2019-01-20 07:00:00,3675.42,3682.73,3671.82,3678.87,548.701174,2019-01-20 07:59:59.999,2018182.54161442,4744,294.729658,1084058.15589088,0,60.12511947769028,-0.07713806899511763,3681.659500000001,3671.32882326468,3646.5172672621393,3632.6243282627597,10.922764587032816,14.40213411826848,-3.4793695312356636,13.400871106589495,3668.2966300353423,3681.659500000001,3695.02236996466,-26.72573992931757,690.405415312797,0.7947521294447031
2019-01-20 08:00:00,3678.2,3683.84,3674.76,3682.19,482.667619,2019-01-20 08:59:59.999,1775879.25727468,5353,242.158583,890960.80780534,0,61.96282992639121,0.11011000125063707,3681.130500000001,3672.363221048996,3647.916197957742,3633.1175190263148,10.543612102184852,13.630429715051756,-3.086817612866904,13.092237456118813,3668.823623060332,3681.130500000001,3693.4373769396702,-24.61375387933822,670.6208632830068,0.7197324828773047
2019-01-20 09:00:00,3682.26,3693.73,3672.8,3682.07,812.428652,2019-01-20 09:59:59.999,2993061.00093558,6643,380.674877,1402586.34568036,0,61.85187198672203,0.4575341718276807,3680.9160000000006,3673.2876761871867,3649.255562743713,3633.604608389237,10.116827538817688,12.927709279804944,-2.8108817409872557,13.6520776378246,3668.845626700591,3680.9160000000006,3692.9863732994104,-24.140746598819533,684.1263669703394,1.1875417923122136
2019-01-20 10:00:00,3681.24,3683.03,3674.01,3680.0,806.547695,2019-01-20 10:59:59.999,2967328.91934833,5803,495.470521,1822668.29728767,0,59.860549395467004,0.1671266733081792,3680.6520000000005,3673.92694512174,3650.4612269498425,3634.0662540769063,9.502032481605966,12.24257392016515,-2.740541438559184,13.321214949408557,3668.7537761605167,3680.6520000000005,3692.5502238394843,-23.796447678967525,695.7855410684023,1.1591900771055383
2019-01-20 11:00:00,3679.98,3682.47,3572.0,3580.0,5165.152967,2019-01-20 11:59:59.999,18628796.81217881,27062,2351.798459,8478389.54732161,0,22.378153003514974,-2.717655658544412,3675.3650000000002,3664.9815217768123,3647.6980415792605,3633.5282813995245,0.9348621948265645,9.981031575097433,-9.046169380270868,20.260413881593646,3628.9836591509543,3675.3650000000002,3721.746340849046,-92.76268169809191,1121.4395816333163,4.605823667715771
2019-01-20 12:00:00,3580.0,3589.66,3475.0,3516.01,6069.771977,2019-01-20 12:59:59.999,21358732.59773517,31444,2854.016089,10043272.56290542,0,15.632631458516807,-4.46118271067526,3666.6070000000004,3650.7937577980683,3642.533804654584,3632.3589452661963,-10.892577342619916,5.806309791553963,-16.69888713417388,27.003241461479803,3582.2163003128194,3666.6070000000004,3750.9976996871815,-168.78139937436208,1592.7093335730005,3.810972817860866
2019-01-20 13:00:00,3515.99,3535.46,3510.12,3526.38,2267.514123,2019-01-20 13:59:59.999,7977995.7834913,13096,1306.029622,4594741.31883877,0,19.849119953722337,-4.193201330174523,3658.3475000000003,3638.9448284839664,3637.9787534916595,3631.304428397876,-19.20772139796827,0.803503553649517,-20.011224951617788,26.884438499945542,3554.217442885138,3658.3475000000003,3762.4775571148625,-208.26011422972442,1656.9764563755718,1.3684649014023427
2019-01-20 14:00:00,3526.31,3539.0,3522.51,3529.38,1165.820449,2019-01-20 14:59:59.999,4115995.48145878,8671,551.471145,1946974.52637112,0,21.077978233698076,-4.091110428730974,3650.6990000000005,3628.5100829140647,3633.719978844928,3630.290254980982,-25.26422775018773,-4.410042707117932,-20.854185043069798,26.141978607092277,3532.474341622704,3650.6990000000005,3768.923658377297,-236.44931675459338,1610.1996937683746,0.7240222771820388
2019-01-20 15:00:00,3529.39,3532.84,3508.0,3524.63,971.388219,2019-01-20 15:59:59.999,3423863.33593125,8086,456.166893,1608059.54840143,0,20.540981390963086,-4.06220143880975,3642.6040000000003,3618.616741684154,3629.441940458852,3629.238909160276,-30.100359761182972,-9.54810611793094,-20.55225364325203,26.048980135157127,3513.07852314818,3642.6040000000003,3772.1294768518205,-259.0509537036405,1549.360505695196,0.6269607463397548
2019-01-20 16:00:00,3524.57,3537.6,3511.2,3527.63,968.19939,2019-01-20 16:59:59.999,3416058.19397174,8749,424.74288,1498656.97103376,0,21.89441574049273,-4.021037051547849,3634.8155,3609.951337714235,3625.449315342819,3628.227875238283,-33.30701179531161,-14.299887253407075,-19.007124541904535,26.074052982645913,3497.1419533340336,3634.8155,3772.4890466659667,-275.34709333193314,1494.0118280099393,0.6480533633322472
2019-01-20 17:00:00,3527.64,3529.5,3513.99,3524.11,826.244554,2019-01-20 17:59:59.999,2910973.90514423,6878,329.91163,1162279.70367254,0,21.433113718727444,-4.206726522002674,3626.9355,3601.7759722176406,3621.4752245450613,3627.1918764796933,-35.72057664489603,-18.584025131704866,-17.13655151319116,25.319477769599793,3482.6796954136717,3626.9355,3771.1913045863284,-288.5116091726568,1430.4149447708974,0.5776257840569021
2019-01-20 18:00:00,3523.96,3529.68,3516.89,3523.0,487.312178,2019-01-20 18:59:59.999,1717014.26049558,6675,265.05631,933927.58921857,0,21.28084668090511,-4.323242418234802,3619.1785,3594.2734986731034,3617.61345103349,3626.1551413903435,-37.29302116642339,-22.325824338648573,-14.967196827774814,24.424515071771236,3469.9182060906637,3619.1785,3768.4387939093363,-298.52058781867254,1340.5956336498596,0.36350422585911357
2019-01-20 19:00:00,3523.02,3525.08,3513.44,3518.0,568.79021,2019-01-20 19:59:59.999,2001485.60413598,6261,313.750612,1104126.69564985,0,20.57187921586482,-4.455917459472529,3611.8134999999997,3587.0093559423312,3613.7070411890395,3625.078970829246,-38.498862074554836,-25.560431885829825,-12.938430188725011,23.511335423787568,3457.678528760654,3611.8134999999997,3765.9484712393455,-308.2699424786915,1267.0903552070158,0.44889475139842866
2019-01-20 20:00:00,3517.99,3544.51,3510.28,3534.0,993.747954,2019-01-20 20:59:59.999,3503923.37712352,8448,506.704476,1786651.76641041,0,28.75174700729297,-3.967391304347826,3604.8205,3581.9608458525854,3610.581274867901,3624.172712413035,-37.7285224775128,-27.99405000416642,-9.734472473346376,24.276954322088457,3449.849751592077,3604.8205,3759.7912484079225,-309.9414968158453,1241.0577455682524,0.8007266040187238
2019-01-20 21:00:00,3533.58,3547.09,3530.68,3541.05,753.491656,2019-01-20 21:59:59.999,2666969.72140406,7632,412.140028,1458754.59773196,0,32.07129644192793,-1.0879888268156375,3597.8725000000004,3578.064574819006,3607.854558206415,3623.3456207472336,-36.132632223675955,-29.621766448068332,-6.510865775607623,23.71502901336788,3444.6451815788637,3597.8725000000004,3751.099818421137,-306.45463684227343,1194.6228798950856,0.6307359993525098
2019-01-20 22:00:00,3541.39,3554.29,3538.29,3546.2,513.941439,2019-01-20 22:59:59.999,1822547.97843246,5848,272.04121,964712.02125135,0,34.473045877104994,0.8586437467470115,3591.1730000000002,3575.029853407672,3605.4367323943984,3622.578002630346,-34.059696757295114,-30.50935250991369,-3.5503442473814246,23.16395551241303,3441.4226019019243,3591.1730000000002,3740.923398098076,-299.5007961961519,1129.7960760003157,0.4548975252414103
2019-01-20 23:00:00,3546.2,3547.77,3524.0,3539.28,575.15276,2019-01-20 23:59:59.999,2035910.22509321,5816,293.121043,1037615.18861225,0,32.79514068365364,0.3658142344273757,3584.101,3571.6251054640843,3602.8423507318735,3621.749166783278,-32.5994801183092,-30.92737803159279,-1.6721020867164107,23.207244404383527,3438.8653890413507,3584.101,3729.3366109586495,-290.47122191729886,1076.9729030479048,0.5340457112451757
2019-01-21 00:00:00,3539.26,3549.07,3537.94,3539.0,700.116019,2019-01-21 00:59:59.999,2480964.85587654,6394,332.356521,1177859.43623759,0,32.72573200913945,0.27256911978874165,3577.0544999999997,3568.5179525627427,3600.3387291345452,3620.9257919894144,-31.106267878439212,-30.963156000962076,-0.1431118774771356,22.344584089784714,3437.8451480039375,3577.0544999999997,3716.263851996062,-278.4187039921244,1041.0817712338185,0.6724889805440265
2019-01-21 01:00:00,3539.0,3544.77,3531.9,3539.61,499.241032,2019-01-21 01:59:59.999,1766363.94114345,5547,270.16688,955954.27158659,0,33.05813014439599,0.4250091498965854,3570.3415000000005,3565.764814223434,3597.9572103449555,3620.116679631311,-29.533223897020434,-30.67716958017375,1.1439456831533157,21.667828083371514,3438.0109969682467,3570.3415000000005,3702.6720030317542,-264.66100606350756,989.4778913067881,0.5045499615364424
2019-01-21 02:00:00,3537.19,3547.0,3535.01,3535.81,689.470484,2019-01-21 02:59:59.999,2440221.83063878,5426,416.970546,1475858.42575333,0,31.99749970592925,0.23188372930267165,3563.361,3562.911974773583,3595.5200648412315,3619.2778071971684,-28.267354978278945,-30.195206659794792,1.9278516815158468,20.976554648844964,3439.9401492664438,3563.361,3686.781850733556,-246.84170146711222,960.9057572775702,0.7175214413881772
2019-01-21 03:00:00,3535.81,3536.68,3520.0,3530.95,773.444269,2019-01-21 03:59:59.999,2729676.77324701,5616,391.629975,1382257.84908122,0,30.643371740553253,0.1940915578685027,3555.9650000000006,3559.867977176099,3592.987905435693,3618.3989235434656,-27.34113454361568,-29.624392236558972,2.283257692943291,20.66965788821317,3444.544050538275,3555.9650000000006,3667.3859494617263,-222.84189892345148,943.0522822035159,0.8201499361125414
2019-01-21 04:00:00,3530.85,3534.94,3501.0,3523.86,1064.101921,2019-01-21 04:59:59.999,3746663.27437648,8285,538.136842,1895453.7646314,0,28.732994223638094,0.024411013340906253,3548.0485000000003,3556.4386460164706,3590.277007183313,3617.4582377370634,-26.86946742764121,-29.07340727477542,2.203939847134208,21.61753946762652,3453.109135578034,3548.0485000000003,3642.9878644219666,-189.87872884393255,954.5808192317525,1.1147321416497664
2019-01-21 05:00:00,3523.01,3527.29,3516.0,3525.88,626.945857,2019-01-21 05:59:59.999,2207606.57113288,5567,308.569832,1086508.1668502,0,30.07061248941019,0.22399090392268645,3540.2390000000005,3553.528298776807,3587.751634352595,3616.547011490924,-26.032583306263405,-28.46524248107302,2.432659174809615,20.879858077081767,3468.973805158521,3540.2390000000005,3611.50419484148,-142.53038968295914,923.377489495395,0.6789702631180795
2019-01-21 06:00:00,3525.65,3537.0,3520.0,3527.0,728.337501,2019-01-21 06:59:59.999,2569146.15081976,6404,433.253389,1528304.11995515,0,30.8456355216283,-0.19807583474816073,3532.5890000000004,3551.0017941313968,3585.3692173191603,3615.6559964512135,-24.990892518217606,-27.77037248850194,2.779479970284335,20.602725357290215,3505.0757802874377,3532.5890000000004,3560.102219712563,-55.02643942512532,904.8022524958336,0.8049687088984715
2019-01-21 07:00:00,3527.0,3530.0,3511.47,3526.83,714.063511,2019-01-21 07:59:59.999,2515753.18980116,6287,393.090217,1384977.94990694,0,30.789855571901274,-0.4015758037870195,3529.9305000000004,3548.6997184998354,3583.073561738017,3614.7721556905053,-23.90351776954185,-26.997001544709924,3.0934837751680746,20.454673546055215,3513.7756395938827,3529.9305000000004,3546.085360406118,-32.309720812235355,886.6366580676589,0.8053620437443159
2019-01-21 08:00:00,3526.82,3527.98,3516.35,3523.65,564.853495,2019-01-21 08:59:59.999,1990108.3399814,5400,312.700561,1101808.90788062,0,29.70763602877475,-0.6358919406688773,3530.3125000000005,3546.314031023661,3580.7432259835846,3613.8654675741823,-23.032856439159787,-26.204172523599897,3.171316084440111,19.824339721336994,3515.2170243793107,3530.3125000000005,3545.40797562069,-30.19095124137948,855.9906425374056,0.6598827918557727
2019-01-21 09:00:00,3524.28,3539.04,3520.21,3525.29,771.688189,2019-01-21 09:59:59.999,2722019.69395731,6710,408.18116,1439722.89125153,0,31.053561369553464,-0.3952781356660178,3530.258,3544.3117423547405,3578.5685896705027,3612.9841196381212,-21.95740546590696,-25.354819112061314,3.397413646154355,19.753315455527204,3515.0950248717095,3530.258,3545.42097512829,-30.325950256580654,847.9618374386051,0.9100506118659761
2019-01-21 10:00:00,3524.61,3547.26,3522.9,3532.01,1117.19679,2019-01-21 10:59:59.999,3945056.15682871,8747,563.036435,1988095.66497725,0,36.42521304090962,-0.19751342187057874,3530.3894999999998,3543.1401478447656,3576.742762624601,3612.178407004906,-20.328520453062993,-24.349559380261653,4.02103892719866,20.082364351560987,3515.2129745324405,3530.3894999999998,3545.566025467559,-30.353050935118517,873.6032614920713,1.2788377049919468
2019-01-21 11:00:00,3532.0,3550.0,3527.19,3545.05,1094.194544,2019-01-21 11:59:59.999,3871890.72860657,8525,556.524357,1969612.83662366,0,45.3267305758166,0.153689248250515,3531.4105,3543.3220385262166,3575.499909188342,3611.510462656599,-17.780436520458352,-23.035734808300994,5.255298287842642,20.277195469306626,3515.156188863238,3531.4105,3547.6648111367617,-32.50862227352354,894.611955064255,1.2230940328998958
2019-01-21 12:00:00,3545.07,3546.98,3534.03,3538.95,708.57123,2019-01-21 12:59:59.999,2507721.76207473,6041,361.859507,1280657.47315378,0,42.340187121072226,0.088805676775615,3531.9765000000007,3542.905653904672,3574.0665794162505,3610.7884680033,-16.068058094395383,-21.642199465519873,5.57414137112449,19.75382436435614,3515.4897764416773,3531.9765000000007,3548.463223558324,-32.97344711664664,876.8937907724211,0.8080468096094598
2019-01-21 13:00:00,3538.5,3559.51,3530.0,3536.41,1169.800011,2019-01-21 13:59:59.999,4144098.19315527,7871,651.811719,2309026.73192667,0,41.12509304854324,0.15463260595590525,3532.5915000000005,3542.287020199465,3572.5898508116916,3610.0483837445604,-14.745960374893912,-20.262951647394683,5.516991272500771,20.450694052616434,3516.4257997610716,3532.5915000000005,3548.7572002389293,-32.33140047785764,904.7896212702857,1.292897247602875
2019-01-21 14:00:00,3536.29,3539.95,3525.1,3526.14,845.897427,2019-01-21 14:59:59.999,2987947.37553823,7513,438.80755,1549988.45743323,0,36.55686772513981,0.06470177589347322,3532.7484999999997,3540.749208751897,3570.768288034763,3609.2134744535697,-14.361342955057808,-19.08262990892731,4.721286953869502,20.05064447742954,3516.9174920856776,3532.7484999999997,3548.5795079143218,-31.662015828644144,899.1808408635918,0.9407422718077296
2019-01-21 15:00:00,3526.84,3535.72,3518.32,3528.17,1032.248576,2019-01-21 15:59:59.999,3639547.63850571,8089,585.016279,2062577.65882495,0,38.02236792020896,0.06494832495717277,3533.257,3539.551188870764,3569.0977669353606,3608.4070717226887,-13.734405170798254,-18.0129849613015,4.278579790503244,19.86131272904169,3518.829527521785,3533.257,3547.684472478215,-28.85494495642979,911.8539584956306,1.1320327848365053
2019-01-21 16:00:00,3528.16,3540.81,3527.31,3536.75,767.711438,2019-01-21 16:59:59.999,2713033.11454403,7017,450.243276,1591220.59047354,0,43.91886382146838,0.27643889991494186,3533.3945000000003,3539.2844089783102,3567.8292270555426,3607.694066033906,-12.402252716796738,-16.89083851240055,4.488585795603811,19.406933248395855,3518.8850279937856,3533.3945000000003,3547.903972006215,-29.01894401242953,898.1260994008087,0.8547924823832469
2019-01-21 17:00:00,3536.75,3539.48,3530.0,3533.76,647.951469,2019-01-21 17:59:59.999,2290566.50093258,6097,333.852884,1180302.03650948,0,42.40480524299471,0.1964937351672831,3533.0299999999997,3538.7582747898996,3566.4931789357174,3606.9584036853103,-11.455725834409805,-15.803815976802401,4.348090142392596,18.697866587796153,3518.971008495996,3533.0299999999997,3547.0889915040034,-28.117983008007286,874.2999441245412,0.7411088990161269
2019-01-21 18:00:00,3533.71,3535.35,3520.9,3534.98,749.491602,2019-01-21 18:59:59.999,2644968.37599483,5457,390.049288,1376667.07489003,0,43.264257293247496,0.32154158330140414,3532.469,3538.3984390956234,3565.257367997062,3606.242200663566,-10.486273424171031,-14.740307466276128,4.254034042105097,18.3944475458107,3519.7955999243277,3532.469,3545.1424000756724,-25.346800151344723,862.4134353507753,0.8690629937776353
2019-01-21 19:00:00,3534.3,3540.22,3526.0,3528.82,506.213469,2019-01-21 19:59:59.999,1788933.48146191,4874,268.784181,950009.7962776,0,40.01721582417088,0.10013360602958055,3531.945999999999,3537.486206800802,3563.8284516050203,3605.47183050771,-10.098625257469394,-13.811971024514783,3.7133457670453893,18.09627272110992,3519.596898349138,3531.945999999999,3544.29510165086,-24.69820330172206,828.4896290316539,0.6110076110327015
2019-01-21 20:00:00,3528.78,3531.72,3524.62,3530.4,431.727041,2019-01-21 20:59:59.999,1523216.41580699,4213,228.273831,805416.80273523,0,41.235461752706776,-0.04558310990059845,3531.516,3536.81132996263,3562.517531934235,3604.724847119574,-9.553788371791143,-12.960334493970056,3.406546122178913,17.31082466960206,3519.610144032447,3531.516,3543.4218559675533,-23.81171193510636,790.7027158857821,0.546004247015086
2019-01-21 21:00:00,3530.42,3533.07,3501.0,3513.0,967.768086,2019-01-21 21:59:59.999,3405212.29606471,7700,483.680258,1702276.54262026,0,33.23105243562625,-0.9040775165371484,3530.1854999999996,3534.543584251903,3560.575667936814,3603.812162073608,-10.406080972792097,-12.449483789734465,2.0434028169423684,18.36505147891621,3516.3045437533974,3530.1854999999996,3544.066456246602,-27.761912493204363,807.5660844680885,1.198376336764353
2019-01-21 22:00:00,3512.48,3527.98,3475.5,3522.14,1693.7603,2019-01-21 22:59:59.999,5934551.50253409,11372,925.125794,3241885.80901882,0,39.83747176213833,-0.47499964678788753,3529.5020000000004,3533.3622905136267,3559.068386841253,3602.9995037445174,-10.226126959641988,-12.00481242371597,1.7786854640739822,20.801833516136483,3515.4420822041766,3529.5020000000004,3543.5619177958242,-28.119835591647643,891.9655335663658,1.8989077898871272
2019-01-21 23:00:00,3522.14,3534.34,3521.81,3526.9,779.642578,2019-01-21 23:59:59.999,2751280.60383241,5673,419.898996,1481734.37641924,0,43.000534657043616,-0.2689167828390872,3529.299500000001,3532.746834274234,3557.8068814749295,3602.2422947520345,-9.58888518911499,-11.521626976795776,1.9327417876807864,20.210988264983893,3515.2107609729383,3529.299500000001,3543.3882390270637,-28.17747805412546,881.2681092267119,0.8846826179652801
2019-01-22 00:00:00,3526.88,3537.87,3523.0,3534.39,846.67851,2019-01-22 00:59:59.999,2990835.76086259,6113,528.027245,1864934.83116506,0,47.663340153088555,0.2339668873045313,3529.826,3532.9033262481166,3556.8885723974813,3601.5671475405716,-8.382853771305236,-10.893872335697669,2.511018564392433,19.82948910319932,3515.806309485957,3529.826,3543.845690514043,-28.0393810280857,877.9738616813107,0.9643550303178953
2019-01-22 01:00:00,3534.99,3540.0,3532.0,3535.52,583.613351,2019-01-22 01:59:59.999,2063771.90553301,5212,318.206714,1125273.49375409,0,48.349822923525274,0.20832329507931616,3530.308,3533.1525332721058,3556.0505891662074,3600.9099619929043,-7.252283814088969,-10.16555463137593,2.9132708172869606,18.984525595827943,3516.196974672485,3530.308,3544.419025327515,-28.222050655030216,849.9395273307097,0.686652793796843
2019-01-22 02:00:00,3535.44,3550.0,3529.0,3529.23,588.845625,2019-01-22 02:59:59.999,2083528.04291146,5280,315.604032,1116888.77941796,0,44.82527449418062,-0.21262458471760745,3530.4195000000004,3532.778958674762,3554.998801355768,3600.196728540239,-6.785628903858651,-9.489569485872474,2.703940582013823,19.128488053268804,3516.3834899580033,3530.4195000000004,3544.4555100419975,-28.072020083994175,825.0734413944516,0.7136887402469235
2019-01-22 03:00:00,3530.75,3547.33,3514.43,3523.0,1042.082432,2019-01-22 03:59:59.999,3671670.1638198,7387,596.267452,2101435.74858668,0,41.591323602860136,-0.3044915330978962,3530.228,3531.847629277166,3553.7439464006397,3599.4286018880975,-6.839667035115326,-8.959588995721045,2.119921960605719,20.112167478035325,3515.8846426889777,3530.228,3544.5713573110224,-28.686714622044747,845.7409643092658,1.2321531958087075
2019-01-22 04:00:00,3523.66,3590.51,3500.04,3523.86,2294.868401,2019-01-22 04:59:59.999,8105515.92722574,7634,1238.653362,4383551.50404645,0,42.21112110293336,-0.3145703794646615,3530.2385000000004,3531.0869026793407,3552.572026933948,3598.6766755011517,-6.735455690258277,-8.514762334628493,1.779306644370216,25.137726943889962,3515.9151245155886,3530.2385000000004,3544.561875484412,-28.646750968823653,983.7531011369548,2.332768657448447
2019-01-22 05:00:00,3523.86,3534.8,3515.0,3520.62,711.148213,2019-01-22 05:59:59.999,2503673.13499237,4775,468.121257,1648435.96420556,0,40.468816047938624,-0.23237229442137236,3530.005,3530.0900548051177,3551.319006269872,3597.899992162832,-6.835512833857592,-8.178912434474313,1.3433996006167206,24.756460733612123,3515.197867294724,3530.005,3544.8121327052763,-29.614265410552434,957.7907308381972,0.7424880927565969
2019-01-22 06:00:00,3520.64,3521.9,3511.94,3514.95,579.667455,2019-01-22 06:59:59.999,2038725.13184498,5304,313.578508,1102895.93981531,0,37.547983495836164,-0.43762746431000094,3529.1520000000005,3528.6481448236777,3549.892770729877,3597.0746191064854,-7.288315292987136,-8.000793006176877,0.7124777131897417,23.69957068121126,3512.9329473959583,3529.1520000000005,3545.3710526040427,-32.43810520808438,921.7789902821785,0.6288573086511225
2019-01-22 07:00:00,3514.95,3518.0,3510.0,3515.7,579.094857,2019-01-22 07:59:59.999,2035208.00545562,4709,230.533241,810352.25827601,0,38.183538569582396,0.07685738684884195,3527.6845,3527.4149881738035,3548.5518777600782,3596.2649214039334,-7.500188270447779,-7.900672059031058,0.40048378858327904,22.578172775410458,3512.2288745889623,3527.6845,3543.1401254110374,-30.91125082207509,889.1424061600662,0.6512959600036775
2019-01-22 08:00:00,3516.58,3530.9,3515.07,3530.41,694.986904,2019-01-22 08:59:59.999,2449323.7399412,5940,430.687145,1517976.50014173,0,49.12027140114341,0.2348004338271614,3527.2575,3527.7002273953462,3547.8404315734088,3595.6096485541434,-6.407266093011458,-7.601990865827139,1.1947247728156807,22.096160434309706,3512.664545860056,3527.2575,3541.8504541399443,-29.18590827988828,870.6514059543457,0.7982378472566815
2019-01-22 09:00:00,3530.41,3532.0,3510.0,3511.29,697.078964,2019-01-22 09:59:59.999,2453934.59583346,5788,368.473043,1297353.24513888,0,39.37014267978402,-0.4425983158014156,3526.0015,3526.1373485957897,3546.407081315628,3594.7706470759927,-7.00321292159515,-7.482235276980742,0.4790223553855917,22.089291831859015,3510.4338205595036,3526.0015,3541.569179440496,-31.1353588809925,854.1206971967889,0.8161363684170194
2019-01-22 10:00:00,3510.13,3524.11,3495.5,3514.85,1279.423443,2019-01-22 10:59:59.999,4496853.98613318,7420,641.09671,2254417.4020983,0,41.69091538748938,-0.5528535334244371,3525.437,3525.0623630152386,3545.1695487150155,3593.9754167568285,-7.106325531777657,-7.407053327940125,0.3007277961624686,22.55505670101195,3509.0911418732794,3525.437,3541.7828581267204,-32.69171625344097,894.6257206066185,1.43012146144475
2019-01-22 11:00:00,3514.85,3540.0,3434.85,3535.15,4870.586855,2019-01-22 11:59:59.999,16964337.82948065,21507,2268.695245,7912235.4772199,0,52.7884197174746,-0.010465221523280617,3525.786,3526.0230903471206,3544.776625235995,3593.39008922691,-5.486754778709383,-7.0229936180939765,1.5362388393845938,28.45469550808253,3508.9051439477503,3525.786,3542.66685605225,-33.761712104499566,1273.2886857869405,3.825202335784357
2019-01-22 12:00:00,3535.15,3570.32,3520.0,3551.02,3005.12971,2019-01-22 12:59:59.999,10647042.82264346,15618,1615.980603,5725152.60131476,0,59.308570236580344,0.6174151302125382,3526.4995,3528.4037484092996,3545.0214634620343,3592.968496299279,-2.889350288087371,-6.196264952092656,3.3069146640052844,30.01650297179093,3506.711468024135,3526.4995,3546.287531975865,-39.57606395173025,1438.2259261881843,2.0894698498202393
2019-01-22 13:00:00,3551.02,3560.0,3535.94,3550.51,1469.600031,2019-01-22 13:59:59.999,5213374.43441664,8880,765.824234,2716205.16929643,0,59.02645036082752,0.7808685779165546,3527.337,3530.509105703652,3545.2367001890134,3592.5460236992867,-0.8621034616667202,-5.129432654007469,4.267329192340749,29.591038473805863,3505.0012810490275,3527.337,3549.6727189509725,-44.671437901944955,1441.2139361702618,1.0196959619368993
2019-01-22 14:00:00,3550.51,3578.0,3543.47,3562.02,1223.765137,2019-01-22 14:59:59.999,4359635.95014555,11004,696.446033,2481479.41301297,0,63.272608326329824,1.0829034070593002,3528.6890000000003,3533.510143255685,3545.894868809052,3592.2422821699406,1.6541965130122662,-3.7727068206035224,5.426903333615789,29.943821439962605,3501.6310210035435,3528.6890000000003,3555.746978996457,-54.115957992913536,1420.504526725475,0.8615003429950375
2019-01-22 15:00:00,3562.0,3585.0,3555.45,3577.32,1437.813701,2019-01-22 15:59:59.999,5132391.00251495,10055,830.449205,2964127.00353465,0,68.01730453200015,1.6105117848560844,3531.1140000000005,3537.682510564667,3547.1272268949715,3592.0938017503395,4.827318185332842,-2.0527018194162494,6.880020004749092,29.915691337108147,3496.3971541572755,3531.1140000000005,3565.8308458427255,-69.43369168544996,1422.153019513525,1.011011952491464
2019-01-22 16:00:00,3577.33,3590.36,3560.0,3571.76,1368.9655,2019-01-22 16:59:59.999,4890687.66265572,9838,766.925824,2740534.51337882,0,64.744003703256,1.6162392068166092,3533.1820000000007,3540.9279857489846,3548.0932179971296,3591.891475364764,6.814837237033316,-0.2791940081263362,7.094031245159653,29.94742767017186,3494.0034959044847,3533.1820000000007,3572.3605040955167,-78.35700819103204,1417.087541464618,0.9660415887822414
2019-01-22 17:00:00,3571.74,3586.91,3561.82,3580.08,803.981082,2019-01-22 17:59:59.999,2873624.63423612,7943,485.013838,1733597.92340411,0,67.28143324806715,1.8312142674289646,3536.5360000000005,3544.656749010986,3549.3476016050854,3591.773948246707,8.958052024126118,1.5682551983241546,7.389796825801964,29.60046855087385,3493.351792165187,3536.5360000000005,3579.720207834814,-86.36841566962721,1358.6964500870351,0.5917297288503983
2019-01-22 18:00:00,3580.08,3590.8,3567.01,3588.0,1142.770971,2019-01-22 18:59:59.999,4091035.02414904,9062,576.143464,2062105.58989138,0,69.52958637520032,1.6312552932945508,3539.8290000000006,3548.7846776766064,3550.8633819342976,3591.7363965228587,11.16691771744263,3.4879877021478496,7.67893001529478,29.185435082954285,3491.5260490603487,3539.8290000000006,3588.1319509396526,-96.60590187930393,1338.1321187454128,0.8540045896749143
2019-01-22 19:00:00,3589.71,3608.5,3575.0,3578.46,1542.884736,2019-01-22 19:59:59.999,5537345.27800405,10714,860.646262,3089503.35326226,0,63.83937835307784,1.912972155532584,3542.407,3551.610898850263,3551.9456022506,3591.6042930748704,12.009226534514255,5.192235468621131,6.816991065893124,29.493618291314693,3491.572169379496,3542.407,3593.2418306205045,-101.66966124100873,1357.6323680077544,1.136452527471846
2019-01-22 20:00:00,3578.89,3596.01,3578.15,3584.28,609.127763,2019-01-22 20:59:59.999,2183656.08659104,6258,317.365079,1137791.04130605,0,65.68443193817407,1.9753332290140488,3544.901500000001,3554.7222418169044,3553.2136178486157,3591.531414536812,12.996571316726659,6.753102638242237,6.2434686784844216,28.662645556220795,3490.9239603142087,3544.901500000001,3598.879039685793,-107.95507937158436,1286.346215149873,0.47353329595565385
2019-01-22 21:00:00,3584.28,3590.19,3564.51,3565.26,843.797805,2019-01-22 21:59:59.999,3015104.77673409,7283,420.022035,1500927.67627846,0,55.68483989294473,0.8517318925646755,3546.3885,3555.725837834342,3553.6860249918077,3591.2700074269933,12.10475801143184,7.823433712880158,4.281324298551683,28.449599445062155,3491.8633481890693,3546.3885,3600.913651810931,-109.05030362186153,1244.1987475165517,0.6781857052052489
2019-01-22 22:00:00,3565.31,3579.67,3561.94,3577.99,575.222259,2019-01-22 22:59:59.999,2054180.04426707,6098,363.438226,1297819.86685222,0,60.06669182547234,0.759500087298855,3548.8264999999997,3557.846234231072,3554.6391220509527,3591.1378680496105,12.283596498606585,8.715466270025445,3.56813022858114,27.68391377041486,3493.182752245057,3548.8264999999997,3604.470247754942,-111.28749550988505,1180.486700991166,0.48727550976815676
2019-01-22 23:00:00,3577.74,3582.01,3564.01,3570.93,545.309262,2019-01-22 23:59:59.999,1949024.17566809,5662,245.134244,876352.39857856,0,56.717183857760766,0.5751286434906426,3551.223,3559.092307161446,3555.2779800097387,3590.936794735684,11.720537233587947,9.316480462737946,2.4040567708500014,26.992205643956655,3496.1369065786444,3551.223,3606.3090934213556,-110.1721868427112,1119.9936115634357,0.48688604682198583
2019-01-23 00:00:00,3570.41,3580.86,3566.24,3574.99,502.325931,2019-01-23 00:59:59.999,1795686.77196582,5157,272.047696,972522.13718345,0,58.162037456722864,0.36411923571456084,3553.7794999999996,3560.6063731460704,3556.0510004015136,3590.7781201611997,11.469701202777742,9.747124610745905,1.722576592031837,26.10847666938835,3499.297843608483,3553.7794999999996,3608.261156391516,-108.96331278303296,1061.1681181764418,0.4733707340013372
2019-01-23 01:00:00,3574.9,3579.62,3571.29,3577.65,425.239347,2019-01-23 01:59:59.999,1520413.58644376,5192,269.061441,961986.37890447,0,59.12477688174772,0.009224782798293897,3556.631,3562.229575703587,3556.8980199936113,3590.6474920998944,11.354662133592683,10.06863211531526,1.2860300182774225,24.83858547871775,3503.503905158278,3556.631,3609.7580948417217,-106.25418968344366,1000.603473302495,0.4249828811771922
2019-01-23 02:00:00,3576.84,3589.95,3576.0,3588.52,582.108691,2019-01-23 02:59:59.999,2085328.87827745,5880,323.078998,1157292.44142044,0,62.883480371348014,0.4692364548569826,3560.3095000000003,3564.733425636579,3558.1380976409205,3590.6263230242735,12.002256456783016,10.455356983608812,1.5468994731742036,24.060829373095043,3509.1836608329804,3560.3095000000003,3611.43533916702,-102.25167833403975,960.7468273689241,0.6058918691349182
2019-01-23 03:00:00,3588.52,3599.76,3575.37,3581.31,758.761239,2019-01-23 03:59:59.999,2718594.44887844,6849,436.706428,1565053.02183289,0,59.007550407676746,0.03435677415029883,3563.5900000000006,3566.312147004524,3559.046799694218,3590.533623292689,11.797696380003345,10.723824862887719,1.0738715171156255,24.084341560731136,3516.235626667751,3563.5900000000006,3610.94437333225,-94.7087466644989,941.5101046671218,0.805898136662342
2019-01-23 04:00:00,3582.07,3583.01,3563.0,3570.24,1048.014404,2019-01-23 04:59:59.999,3743323.15800283,6958,459.334373,1640805.12516774,0,53.5500215579664,-0.49498327759197935,3565.5815000000007,3566.686228242188,3559.4857487258173,3590.3316966927614,10.619904908110584,10.703040871932291,-0.08313596382170729,23.79331716353607,3520.8235242802225,3565.5815000000007,3610.339475719779,-89.51595143955637,951.6533712702532,1.1012564402531624
2019-01-23 05:00:00,3570.02,3575.56,3569.52,3574.0,606.981389,2019-01-23 05:59:59.999,2168636.56912688,5681,348.291788,1244408.78849913,0,55.07004181563278,-0.12463461936140229,3568.7170000000006,3567.3827779334083,3560.054935050295,3590.1691922480572,9.8760522744833,10.537643152442493,-0.6615908779591937,22.52522308042635,3531.8895507977695,3568.7170000000006,3605.5444492022316,-73.65489840446207,918.8274681968958,0.6606043136598195
2019-01-23 06:00:00,3573.15,3580.32,3573.15,3576.98,568.114855,2019-01-23 06:59:59.999,2032324.84101553,5216,307.672888,1100641.18759653,0,56.29085516980726,-0.20366712422021108,3571.8235000000004,3568.2967990826073,3560.718663087539,3590.0379565042954,9.418434943014745,10.313801510556944,-0.8953665675421991,21.428421431824475,3545.0069440178636,3571.8235000000004,3598.6400559821373,-53.63311196427367,885.4262669400485,0.6416286439788516
2019-01-23 07:00:00,3576.27,3577.0,3556.62,3561.73,800.672127,2019-01-23 07:59:59.999,2855980.81041273,6594,421.059229,1501846.85032345,0,48.95943783094686,-0.09901101181962045,3573.1525,3567.6713896461683,3560.7583233586156,3589.7562852952974,7.736046037242886,9.798250415894133,-2.0622043786512467,21.353534186694162,3551.9394713568095,3573.1525,3594.365528643191,-42.426057286381365,877.3544440886153,0.9125982462330012
2019-01-23 08:00:00,3561.75,3573.63,3551.92,3569.03,1067.345547,2019-01-23 08:59:59.999,3804770.97421945,7960,586.433975,2090360.87375464,0,52.17074197209862,-0.25041992850733463,3574.0530000000003,3567.800781108438,3561.0827028347485,3589.5500536008167,6.912111184718015,9.22102256965891,-2.3089113849408953,21.378996030501725,3555.424249045854,3574.0530000000003,3592.6817509541465,-37.2575019082924,895.4488348420805,1.1919670956836241
2019-01-23 09:00:00,3569.04,3569.45,3560.0,3561.68,832.671039,2019-01-23 09:59:59.999,2969473.0294167,7013,494.855958,1764866.01992155,0,48.838924192166346,-0.2590361614481382,3574.6115,3567.217849574301,3561.1061262529934,3589.2727396346395,5.601482896446669,8.497114635016462,-2.8956317385697936,20.526924885465874,3558.448032061595,3574.6115,3590.774967938405,-32.32693587681024,889.4699971428347,0.936142918451117
2019-01-23 10:00:00,3561.51,3574.64,3559.46,3573.89,848.662289,2019-01-23 10:59:59.999,3024946.52812315,6522,418.999608,1493592.10811622,0,54.084861921061524,-0.030769316837247353,3575.2050000000004,3567.8532924719866,3561.607454635229,3589.119677548723,5.4848199025427675,7.894655688521723,-2.409835785978956,20.145001679361158,3560.154880923497,3575.2050000000004,3590.255119076504,-30.100238153007012,885.583548748279,0.9583085528175573
2019-01-23 11:00:00,3574.01,3582.96,3568.56,3577.8,965.472413,2019-01-23 11:59:59.999,3452228.51496904,7511,476.079714,1702332.23982899,0,55.65303203149169,0.004192696323007867,3575.229,3568.8005979508453,3562.2424564142398,3589.007043941273,5.642821033785367,7.444288757574452,-1.8014677237890853,19.734644416549653,3560.1631572805063,3575.229,3590.2948427194933,-30.131685438987006,893.1920120103478,1.0809236983960118
2019-01-23 12:00:00,3577.8,3579.02,3568.0,3568.98,805.650294,2019-01-23 12:59:59.999,2878846.68459026,6484,419.100184,1497601.69041398,0,51.389330930461995,-0.5445141729738155,3575.0899999999997,3568.8176838602885,3562.50667380976,3588.807769872206,4.998715697479383,6.955174145555439,-1.9564584480760558,19.112169815367537,3559.839234358958,3575.0899999999997,3590.3407656410413,-30.501531282083306,884.8547055331718,0.9104887943321193
2019-01-23 13:00:00,3568.99,3589.0,3568.14,3586.75,1219.620464,2019-01-23 13:59:59.999,4363397.89175322,7934,677.086598,2422527.30114902,0,58.318002435306404,0.15189972384406975,3575.4235,3570.525523492642,3563.457392483887,3588.787294550095,5.854659200972037,6.735071156638759,-0.8804119556667223,19.23701482855558,3559.439206030899,3575.4235,3591.4077939691006,-31.96858793820138,916.7371587204888,1.3303927438724668
2019-01-23 14:00:00,3586.71,3607.98,3543.99,3567.83,2746.492775,2019-01-23 14:59:59.999,9814744.73457927,16446,1325.191084,4738369.71850283,0,50.12584212395158,-0.06750246482028813,3574.415,3570.268806969533,3563.6288672884407,3588.578764256064,4.949262695719881,6.3779094644549845,-1.4286467687351037,22.433656626515912,3559.2474078167315,3574.415,3589.5825921832684,-30.33518436653685,1090.9995983661565,2.517409519777141
2019-01-23 15:00:00,3568.23,3580.11,3547.44,3549.07,1291.639464,2019-01-23 15:59:59.999,4605764.09589636,8909,588.020589,2097252.02270494,0,43.58767664224445,-0.6975377728035769,3572.9455000000003,3568.249872972435,3563.057931316345,3588.1856422236656,2.686980388804841,5.6397236493249565,-2.9527432605201156,23.16482401033621,3554.163741240194,3572.9455000000003,3591.7272587598063,-37.563517519612105,1110.1081569979513,1.1635257842739948
2019-01-23 16:00:00,3549.09,3572.19,3547.49,3570.8,974.103044,2019-01-23 16:59:59.999,3468765.79722835,7600,633.7146,2256155.42448553,0,51.48190277251377,-0.17277144406733716,3572.2715000000003,3568.492742213155,3563.361541852959,3588.012650758754,2.6173634202673384,5.035251603513434,-2.4178881832460952,23.274479438169358,3554.2502817747513,3572.2715000000003,3590.2927182252492,-36.04243645049792,1097.1552890933845,0.887844276633742
2019-01-23 17:00:00,3571.42,3574.21,3566.08,3569.01,585.750985,2019-01-23 17:59:59.999,2091001.29383891,5804,292.217155,1043229.89698655,0,50.850640274420385,0.20439505521193915,3572.4590000000003,3568.542004859521,3563.583050015588,3587.8235696566767,2.39020068514219,4.506241419839186,-2.1160407346969956,22.192730906871557,3554.6683840227956,3572.4590000000003,3590.249615977205,-35.581231954409304,1048.450117274967,0.5586827406938815
2019-01-23 18:00:00,3568.9,3573.0,3563.0,3571.18,528.285249,2019-01-23 18:59:59.999,1884292.46102854,5291,266.034622,948965.76716299,0,51.62504388619003,0.06024045749124093,3572.1185000000005,3568.7932424919477,3563.88096962282,3587.6579619984013,2.3580908421226923,4.076611304295887,-1.7185204621731947,21.321821556380733,3554.5139033811765,3572.1185000000005,3589.7230966188245,-35.20919323764792,998.9106060106844,0.5288613874166328
2019-01-23 19:00:00,3571.11,3572.52,3533.39,3533.4,1824.244267,2019-01-23 19:59:59.999,6479184.04160796,12274,967.413141,3436947.57851779,0,39.852046727553635,-0.794007322387181,3570.242000000001,3565.4224574927143,3562.6856374807485,3587.118081779512,-0.7077284461938689,3.119743354197936,-3.827471800391805,22.593834302353546,3545.5356687422714,3570.242000000001,3594.948331257731,-49.41266251545949,1077.5138118191908,1.6930124208060846
2019-01-23 20:00:00,3533.4,3548.4,3514.5,3534.11,3446.61774,2019-01-23 20:59:59.999,12170553.93563176,23024,1739.337129,6142205.63371791,0,40.12837715820991,-1.1130728701778663,3568.198000000001,3562.4403186838845,3561.5650242462093,3586.590638179716,-3.0450201570265563,1.8867906519530377,-4.931810808979594,23.401417566471157,3538.822634309005,3568.198000000001,3597.5733656909965,-58.7507313819915,1303.1427573602202,2.6448504743884107
2019-01-23 21:00:00,3533.62,3544.71,3526.0,3544.5,1156.967191,2019-01-23 21:59:59.999,4086262.39498233,8886,643.579885,2273066.97865534,0,44.17053448201361,-0.9307395606238521,3566.540500000001,3560.731716904467,3560.895807609103,3586.1718258595197,-4.012698618139893,0.7068927979344515,-4.719591416074345,23.06631631172322,3535.7059967864416,3566.540500000001,3597.3750032135604,-61.6690064271188,1289.221274849723,0.8974155279394229
2019-01-23 22:00:00,3544.07,3555.0,3542.87,3552.0,759.398431,2019-01-23 22:59:59.999,2695439.20219256,8085,441.947959,1568700.02725954,0,46.954544323978446,-0.4757661852966399,3564.7145000000005,3559.900124818327,3560.546952408746,3585.8318076917635,-4.126831901141486,-0.259852141880736,-3.86697975926075,22.285150860885853,3535.057572185841,3564.7145000000005,3594.37142781416,-59.31385562831929,1238.7619563878445,0.6130301524712304
2019-01-23 23:00:00,3551.99,3554.5,3541.13,3552.82,593.703523,2019-01-23 23:59:59.999,2106435.70165414,5622,329.428211,1168797.79668218,0,47.26417948807588,-0.9459817383425061,3563.2900000000004,3559.2258272165814,3560.2439346672268,3585.503331993338,-4.103810035673632,-1.0286437206393153,-3.075166315034317,21.64835437082257,3534.2590981338226,3563.2900000000004,3592.3209018661782,-58.061803732355656,1177.3278198747166,0.504280552092261
2019-01-24 00:00:00,3552.97,3555.0,3542.0,3551.51,547.439252,2019-01-24 00:59:59.999,1942906.7776207,5145,299.479562,1062969.31660561,0,46.79424570273061,-0.4574208972961074,3562.3535000000006,3558.490986529288,3559.901427425375,3585.165089883952,-4.143507320157369,-1.6516164405429261,-2.4918908796144423,21.03061477290667,3533.0593717756146,3562.3535000000006,3591.6476282243866,-58.58825644877197,1117.338432458077,0.48994936189178306
2019-01-24 01:00:00,3551.52,3553.57,3529.22,3536.0,929.091961,2019-01-24 01:59:59.999,3289023.2954697,7751,475.045965,1681810.75056055,0,41.52940278950434,-0.36826548926902436,3560.4535000000005,3556.3489878122127,3558.9641165459484,3584.6758850094852,-5.364654681845423,-2.3942240888034254,-2.970430593041997,21.267713717699078,3529.4599208516242,3560.4535000000005,3591.447079148377,-61.98715829675257,1099.4101970811173,0.8450821753943121
2019-01-24 02:00:00,3536.0,3550.91,3530.04,3547.14,850.607191,2019-01-24 02:59:59.999,3012679.38216265,7323,447.836167,1586542.86957155,0,46.210508827828164,-0.6625966170046015,3558.9615000000003,3555.471941353907,3558.500425701009,3584.3023936163563,-5.371597433232182,-2.989698757689177,-2.381898675543005,21.239305595006282,3528.4484758436924,3558.9615000000003,3589.4745241563082,-61.026048312615785,1075.7146726924395,0.7907368120869718
2019-01-24 03:00:00,3547.14,3550.0,3530.45,3532.57,704.262277,2019-01-24 03:59:59.999,2493442.16710944,6610,338.135043,1197557.55655356,0,41.52768600992647,-1.0210114289396794,3557.5035,3553.290804082106,3557.483546261754,3583.7876434311192,-6.478101327529657,-3.687379271657273,-2.790722055872384,21.118640909648704,3524.836782815924,3557.5035,3590.1702171840757,-65.33343436815176,1040.3382540550642,0.6769550905726129
2019-01-24 04:00:00,3532.57,3541.69,3531.76,3540.0,592.28594,2019-01-24 04:59:59.999,2096058.33043604,5735,315.24795,1115563.1619302,0,44.610238064469506,-0.8731007678134353,3556.0520000000006,3552.025013217144,3556.7979169965874,3583.3519454865313,-6.678489263773827,-4.285601270080584,-2.3928879936932423,20.319452273245215,3522.964655559707,3556.0520000000006,3589.1393444402943,-66.17468888058738,997.6666050974391,0.5936712093737498
2019-01-24 05:00:00,3539.59,3544.28,3532.0,3533.59,602.410491,2019-01-24 05:59:59.999,2130297.00432068,5625,281.021711,993874.56229546,0,42.527274891050595,0.005377257032887716,3554.647500000001,3550.2692976726544,3555.8878026045645,3582.856801750347,-7.270719250703223,-4.882624866205113,-2.3880943844981104,19.745205682299144,3520.2088944440716,3554.647500000001,3589.0861055559303,-68.87721111185874,960.0231656595877,0.6274957860898195
2019-01-24 06:00:00,3534.19,3539.57,3532.88,3536.81,606.927282,2019-01-24 06:59:59.999,2146463.30418179,5204,270.145188,955472.87485616,0,43.94325595441203,0.0763983011281431,3552.7935000000007,3548.9874597990683,3555.139653482817,3582.398624618503,-7.394993807405626,-5.3850986544452155,-2.0098951529604108,18.81269099070635,3518.726261052899,3552.7935000000007,3586.860738947102,-68.13447789420297,926.3949862634365,0.6551495755045135
2019-01-24 07:00:00,3536.81,3550.61,3535.81,3546.33,927.68291,2019-01-24 07:59:59.999,3287280.56640398,6306,426.526091,1511478.18200412,0,48.02073336102268,0.05162928480744611,3551.220000000001,3548.7343683896333,3554.7941768756477,3582.0397328312547,-6.648656279951865,-5.6378101795465465,-1.0108461004053186,18.526070205655913,3519.168484229869,3551.220000000001,3583.271515770133,-64.10303154026406,926.5176456669187,1.0012576817489995
2019-01-24 08:00:00,3546.47,3552.12,3541.46,3548.84,691.341956,2019-01-24 08:59:59.999,2451184.38408385,5797,342.610062,1214864.62508166,0,49.07254298839458,-0.08896396396395986,3550.2130000000006,3548.7444285430015,3554.5606797432692,3581.7093872309442,-5.787922817929939,-5.667832707223225,-0.12009011070671427,17.96420804810905,3519.264352482492,3550.2130000000006,3581.161647517509,-61.89729503501712,904.119960936736,0.7646573307415069
2019-01-24 09:00:00,3548.84,3550.0,3540.4,3547.88,841.492865,2019-01-24 09:59:59.999,2982666.28790502,6292,487.634227,1728333.64907288,0,48.66691954600549,-0.13904447734475867,3548.2695000000003,3548.662102015097,3554.298692302357,3581.372776412726,-5.124180956597229,-5.559102357098026,0.4349214005007971,17.366764616101257,3522.5397879308207,3548.2695000000003,3573.99921206918,-51.45942413835928,898.1554756094279,0.9369122472131227
2019-01-24 10:00:00,3547.99,3549.0,3538.0,3543.1,735.972651,2019-01-24 10:59:59.999,2608540.78634305,4968,403.170807,1428971.62677995,0,46.60142056588603,-0.23680068477915897,3547.033000000001,3548.132378013659,3553.859527898343,3580.9919527668285,-4.927070598497721,-5.432696005377965,0.5056254068802435,16.911995714951168,3522.936187282074,3547.033000000001,3571.1298127179275,-48.19362543585339,882.7094923132919,0.8337654204570263
2019-01-24 11:00:00,3543.1,3572.59,3532.6,3563.23,1563.979009,2019-01-24 11:59:59.999,5563707.73940798,10426,855.863536,3044633.81374901,0,55.220667187994216,0.7700791855203625,3547.7410000000004,3549.570246774263,3554.2269973925254,3580.8152169184023,-3.1106784877538303,-4.9682925018531385,1.8576140140993083,18.560424592454673,3522.583450207067,3547.7410000000004,3572.898549792934,-50.31509958586685,947.5923034263118,1.6504766906030708
2019-01-24 12:00:00,3562.15,3569.44,3551.56,3568.95,1028.858217,2019-01-24 12:59:59.999,3664435.81328987,6361,581.445531,2071109.40821084,0,57.328399592495096,0.6148615504321776,3547.6485000000002,3551.415937557667,3554.804370043799,3580.6971550585176,-1.1958336318975853,-4.213800727862028,3.017967095964443,18.51182283585078,3522.8367071543494,3547.6485000000002,3572.460292845651,-49.62358569130174,955.3319142428535,1.0769641437294803
2019-01-24 13:00:00,3569.12,3576.97,3556.01,3560.15,1133.160138,2019-01-24 13:59:59.999,4038192.28522431,9408,596.478877,2125760.47025019,0,53.18109036473026,0.7807347058940071,3547.2055000000005,3552.2477530283654,3555.014002591101,3580.4927057544533,-0.3839656265176927,-3.4478337075931615,3.063868081075469,18.68669263328998,3523.718581378761,3547.2055000000005,3570.69241862124,-46.97383724247902,972.2679355530579,1.1654813416791547
2019-01-24 14:00:00,3560.15,3573.99,3554.97,3562.0,1058.256802,2019-01-24 14:59:59.999,3770977.66852008,9431,569.784858,2030571.1136497,0,53.93555037689036,0.6214689265536724,3546.7465,3553.1765384542355,3555.2879632738027,3580.308698732021,0.40406731930988826,-2.677453502212552,3.08152082152244,18.710500302340694,3524.933153747264,3546.7465,3568.5598462527364,-43.62669250547242,980.4573514051476,1.0793501629452356
2019-01-24 15:00:00,3562.85,3562.86,3547.09,3553.41,978.190098,2019-01-24 15:59:59.999,3475890.85123684,6561,466.53694,1657528.83222532,0,49.91357226419046,0.5609026514111628,3547.7470000000003,3553.1987728871654,3555.214317655222,3580.041049988419,0.3316251279293283,-2.0756377761841756,2.407262904113504,18.500464566459215,3526.6886448884306,3547.7470000000003,3568.80535511157,-42.11671022313931,980.2414225094193,0.9979073272539658
2019-01-24 16:00:00,3553.44,3556.99,3547.28,3554.69,677.893533,2019-01-24 16:59:59.999,2407966.55345009,5633,353.672548,1256421.24714868,0,50.50584264190249,0.5055403032676369,3548.7760000000003,3553.3407945169592,3555.193756178547,3579.7888007348033,0.37319748365143823,-1.5858707242170529,1.9590682078684911,17.872574240283527,3528.5277060886406,3548.7760000000003,3569.02429391136,-40.49658782271945,951.4463854132841,0.7124873701690929
2019-01-24 17:00:00,3554.23,3557.5,3543.26,3549.22,961.73845,2019-01-24 17:59:59.999,3414209.76409313,6115,560.651778,1990356.06749005,0,47.89915014417219,0.081492698085059,3549.0120000000006,3552.9483378962964,3554.9594912303687,3579.484633563313,-0.03483782150760817,-1.2756641436751641,1.240826322167556,17.61310465169183,3528.863771816054,3549.0120000000006,3569.1602281839473,-40.29645636789337,952.4265820405905,1.0097769929304772
2019-01-24 18:00:00,3549.15,3558.92,3549.04,3555.88,702.811025,2019-01-24 18:59:59.999,2498519.92020486,5374,366.866708,1304048.67995792,0,51.201522493705184,0.19837468017718363,3549.206,3553.2275438109345,3554.9955896134916,3579.2497615875586,0.17715546158979123,-0.9851002226221731,1.1622556842119645,17.060740033713852,3528.8628579768647,3549.206,3569.5491420231356,-40.686284046270885,928.6536718462486,0.756806381439
2019-01-24 19:00:00,3555.86,3589.0,3555.5,3574.93,1744.840149,2019-01-24 19:59:59.999,6239336.51609327,10773,971.01218,3471409.69448987,0,59.172927976371184,0.762427139587577,3550.3115000000007,3555.2944444003692,3555.777331197276,3579.206778885195,1.86088631915527,-0.4159029142666845,2.2767892334219546,18.234972888448578,3526.96073373274,3550.3115000000007,3573.662266267261,-46.70153253452099,1006.385717289463,1.7337687916512217
2019-01-24 20:00:00,3574.78,3587.27,3562.01,3568.05,1093.727694,2019-01-24 20:59:59.999,3911630.31090421,8744,530.345069,1896755.56888759,0,55.6380175193935,0.7041856001806405,3551.138500000001,3556.509259219382,3556.2586123267947,3579.0957661599696,2.610010081416931,0.18927968487003854,2.4207303965468925,18.736760539273664,3526.4743719678963,3551.138500000001,3575.8026280321055,-49.3282560642092,1014.7040007857045,1.0778785667082282
2019-01-24 21:00:00,3568.05,3569.62,3564.1,3569.56,469.961721,2019-01-24 21:59:59.999,1676564.53549287,4993,242.119915,863783.78997169,0,56.25567859577881,0.17764780830875154,3552.816500000001,3557.752186912774,3556.780235372803,3579.000882914597,3.287642543799393,0.8089522566559095,2.4786902871434835,17.79270621503983,3527.9235500150644,3552.816500000001,3577.7094499849372,-49.785899969872844,962.8237836632564,0.48810771916324736
2019-01-24 22:00:00,3569.56,3576.99,3566.63,3566.65,529.679926,2019-01-24 22:59:59.999,1891830.83820125,5424,278.839344,995961.79452406,0,54.675759537824426,-0.06444472463889175,3553.792000000001,3558.5995976829863,3557.1672849660267,3578.8779885572376,3.548948404141356,1.356951486152999,2.191996917988357,17.261798628251245,3528.3134595145575,3553.792000000001,3579.270540485444,-50.957080970886636,921.5719876953273,0.5747569729464399
2019-01-24 23:00:00,3566.5,3577.27,3553.88,3569.62,853.639642,2019-01-24 23:59:59.999,3043247.7841717,6160,515.504513,1837812.22565746,0,56.03295952525136,0.2660000280886985,3555.6445000000003,3559.6491598084162,3557.6556267320652,3578.785869268111,3.9501544382651446,1.8755920765754284,2.074562361689716,17.699527297661863,3531.3004386036673,3555.6445000000003,3579.9885613963334,-48.688122792666036,915.1022404862485,0.9328352660861263
2019-01-25 00:00:00,3569.07,3574.3,3566.03,3569.83,453.303136,2019-01-25 00:59:59.999,1619143.79974072,4851,216.75874,774274.22684948,0,56.13298231204911,0.21982032565973966,3557.1360000000004,3560.6187636361865,3558.1330531347294,3578.6967561410656,4.236225781943176,2.3477188176489783,1.8885069642941978,17.02598963354316,3533.1755286926887,3557.1360000000004,3581.096471307312,-47.92094261462353,871.1213733923202,0.5203673676777638
2019-01-25 01:00:00,3569.83,3587.15,3565.03,3578.39,574.853567,2019-01-25 01:59:59.999,2054904.32480651,4914,345.227025,1234561.99237991,0,60.115977846018744,0.7029867085419363,3559.376,3562.311262337502,3558.9274432078773,3578.6937038411547,5.094928677623102,2.897160789643803,2.197767887979299,17.389847516861497,3536.324746900025,3559.376,3582.4272530999756,-46.10250619995077,842.9053918311469,0.6819906155199399
2019-01-25 02:00:00,3578.39,3579.68,3565.65,3566.92,458.176597,2019-01-25 02:59:59.999,1637657.51139551,4790,227.931292,814818.77849222,0,53.15188266271317,0.344052505281755,3560.8815,3562.7501897339303,3559.240876807569,3578.5765525591532,4.794653981331521,3.276659427981347,1.5179945533501744,17.14985840851423,3540.2273644129655,3560.8815,3581.5356355870344,-41.30827117406898,806.2645542281805,0.5682707922570186
2019-01-25 03:00:00,3566.95,3574.91,3565.0,3568.06,363.195499,2019-01-25 03:59:59.999,1296712.72888926,3935,169.616069,605621.83496371,0,53.725657053156866,0.5308208564135259,3561.968,3563.2558859497462,3559.5867247758997,3578.4719102451318,4.595696267925632,3.5404667959702043,1.0552294719554278,16.63272566504892,3542.2729922434173,3561.968,3581.6630077565824,-39.390015513165054,764.0675013493061,0.4753447808716041
2019-01-25 04:00:00,3568.06,3571.0,3567.3,3570.66,387.512868,2019-01-25 04:59:59.999,1383325.84102518,3770,195.789362,698949.44546602,0,55.07701621948879,0.41564957197654995,3563.0589999999997,3563.9610396688176,3560.0209708631196,3578.3941797949315,4.594852517901472,3.7513439403564584,0.843508577545014,15.708959546116843,3544.019461195178,3563.0589999999997,3582.0985388048216,-38.07907760964372,728.2051553160388,0.5321479327234653
2019-01-25 05:00:00,3569.92,3570.8,3551.0,3565.52,853.945572,2019-01-25 05:59:59.999,3042276.23051691,6123,472.587493,1683844.82749372,0,51.85312820935771,-0.26322193721275255,3563.9410000000003,3564.109512081311,3560.236619064566,3578.26607850344,4.1317999785046595,3.827435147986099,0.30436483051856067,16.001176721394224,3546.2775367881272,3563.9410000000003,3581.6044632118733,-35.326926423746045,740.1804330954637,1.1536991979492972
2019-01-25 06:00:00,3564.8,3569.35,3555.0,3567.14,451.977059,2019-01-25 06:59:59.999,1611584.59995165,4068,207.768497,740988.87766001,0,52.79105812476664,-0.0255041269040599,3565.1429999999996,3564.398129978329,3560.507339885564,3578.1553712546497,3.851154256999962,3.8321789697888717,0.018975287211090208,15.883235527008916,3550.4247305077065,3565.1429999999996,3579.8612694922926,-29.43653898458615,712.7324927054195,0.634146841382756
2019-01-25 07:00:00,3567.12,3571.99,3559.55,3568.48,588.472841,2019-01-25 07:59:59.999,2099807.61907155,5786,337.320773,1203663.723731,0,53.59630553813307,-0.030255829850175574,3565.4054999999994,3564.7868795042023,3560.819993223385,3578.0590989038574,3.6942819195592165,3.804599559742941,-0.11031764018372447,15.637290132222535,3550.643683715894,3565.4054999999994,3580.167316284105,-29.523632568210814,700.8982401620462,0.8395981146477787
2019-01-25 08:00:00,3568.48,3568.56,3522.51,3549.67,1815.412448,2019-01-25 08:59:59.999,6441114.53487058,11426,867.296662,3079389.98006079,0,42.60932396031365,-0.4760769910139772,3564.4415,3563.3471766942785,3560.3827385871737,3577.7766203077995,2.028763342709226,3.449432316336198,-1.420668973626972,17.809626551349478,3548.209401487765,3564.4415,3580.673598512235,-32.464197024470195,807.0424504323275,2.24946339195354
2019-01-25 09:00:00,3549.7,3564.65,3543.38,3557.28,1154.415091,2019-01-25 09:59:59.999,4105168.0908347,8940,663.256493,2358699.18284853,0,47.3148910439573,-0.3456950599783644,3564.2980000000002,3562.769350342442,3560.2610625641473,3577.5726738370754,1.307815587710138,3.021108970610986,-1.713293382900848,18.05679608339594,3547.856760963411,3564.2980000000002,3580.7392390365894,-32.88247807317839,840.12555905782,1.3740982863259725
2019-01-25 10:00:00,3557.51,3557.69,3540.0,3544.53,898.157744,2019-01-25 10:59:59.999,3186141.33984926,6925,554.869957,1968314.90704994,0,41.21727449006731,-0.7087172218284828,3563.4245,3561.0322693574476,3559.644158149867,3577.243891012826,-0.28902741791898734,2.3590816929049914,-2.6481091108239787,18.03059636315338,3544.76282469287,3563.4245,3582.0861753071304,-37.32335061426056,845.652433814218,1.062088522525694
2019-01-25 11:00:00,3544.97,3562.58,3532.3,3541.97,1449.652554,2019-01-25 11:59:59.999,5141335.29485264,9712,764.429793,2711594.29497593,0,40.09984676397554,-1.017776150727005,3562.8525,3559.216815132929,3558.951053908696,3576.892907022649,-1.7410380073097258,1.539057752862048,-3.2800957601717737,18.90555376578526,3542.2935333301525,3562.8525,3583.4114666698474,-41.1179333396949,903.1762547842925,1.6050605253635943
2019-01-25 12:00:00,3541.97,3552.61,3536.95,3548.7,902.692628,2019-01-25 12:59:59.999,3198666.78164487,6896,501.139549,1775941.11943926,0,44.36968547454862,-0.5108048400300611,3562.553,3558.2152136916975,3558.5490517946296,3576.612380584613,-2.3219461556100214,0.7668569711676341,-3.0888031267776555,18.67372849680062,3541.329573916014,3562.553,3583.776426083986,-42.44685216797188,903.1301950905504,0.999515499434158
2019-01-25 13:00:00,3548.72,3558.0,3544.0,3553.14,625.652267,2019-01-25 13:59:59.999,2222281.53550469,10283,354.347216,1258706.76817349,0,47.051271076245236,-0.4181544032331315,3562.7490000000003,3557.731860006774,3558.336932116409,3576.3788245588958,-2.3964246631885544,0.13420064429639644,-2.530625307484951,18.33989074702915,3541.9764068211502,3562.7490000000003,3583.5215931788503,-41.545186357700004,876.7037257485932,0.713641619882216
2019-01-25 14:00:00,3553.14,3563.01,3547.01,3563.01,803.390322,2019-01-25 14:59:59.999,2855115.04337509,9202,478.862918,1701877.61188979,0,52.52930373746288,-0.2142461057619498,3563.1055000000006,3558.2345400061286,3558.5201896804715,3576.2458014289564,-1.640116660144031,-0.22066281659168901,-1.4194538435523418,18.172755693669924,3542.5860812382184,3563.1055000000006,3583.6249187617827,-41.038837523564325,869.7214968201558,0.9237328557904185
2019-01-25 15:00:00,3563.01,3568.79,3553.97,3566.92,951.822775,2019-01-25 15:59:59.999,3390528.40505562,9207,555.897819,1980209.20471181,0,54.53599720160169,0.039264959949743404,3562.705000000001,3559.0617266722115,3558.849594006728,3576.1530073848876,-0.7169680348506517,-0.3199238602434816,-0.3970441746071702,17.933273144122083,3542.855594864932,3562.705000000001,3582.55440513507,-39.69881027013798,877.5406661706172,1.0846480530110731
2019-01-25 16:00:00,3566.44,3571.0,3553.78,3557.73,691.046028,2019-01-25 16:59:59.999,2459866.61098452,7956,382.724446,1362526.63197996,0,49.26473057490506,-0.26379676715799927,3562.1890000000008,3558.9348955605724,3558.8056883594054,3575.9696938785705,-0.7186382795944155,-0.3996667441136684,-0.3189715354807471,17.882325062399065,3542.3881431337654,3562.1890000000008,3581.989856866236,-39.60171373247067,859.7792720591298,0.8037481833505687
2019-01-25 17:00:00,3557.12,3564.14,3553.54,3561.53,631.731371,2019-01-25 17:59:59.999,2249336.78757296,5094,340.067747,1210898.47698008,0,51.35832713649033,-0.19476079451194397,3561.787500000001,3559.1820483643273,3558.912524110017,3575.826015332515,-0.40862336274585687,-0.4014580678401061,-0.007165294905750741,17.36215898651341,3542.2926705909044,3561.787500000001,3581.282329409097,-38.989658818192765,838.0604243392127,0.7538016981270803
2019-01-25 18:00:00,3561.42,3562.54,3540.4,3545.3,843.798975,2019-01-25 18:59:59.999,2996843.92771983,6297,484.245845,1719648.25514811,0,43.16541095308859,-0.12311003558076922,3560.7200000000007,3557.8599485201057,3558.378699635114,3575.5222738864204,-1.4557783610807746,-0.6123221264882399,-0.8434562345925347,17.70343334461959,3540.0438891979115,3560.7200000000007,3581.39611080209,-41.35222160417834,838.6069529735734,1.00619124609928
2019-01-25 19:00:00,3545.32,3554.0,3540.35,3553.21,718.718087,2019-01-25 19:59:59.999,2549793.6303922,5538,421.614817,1495800.33676115,0,47.55640403153781,-0.11441325956911358,3559.8995000000004,3557.4170962800954,3558.1760055317764,3575.3002612109335,-1.628611726031977,-0.8155800463969873,-0.8130316796349897,17.413902391432483,3539.4088957602335,3559.8995000000004,3580.3901042397674,-40.98120847953396,827.1889657379949,0.8688680782374555
2019-01-25 20:00:00,3553.21,3559.0,3546.89,3558.06,337.672048,2019-01-25 20:59:59.999,1199881.39012994,3980,184.507547,655611.7276487,0,50.101964481213244,0.38171492412251395,3559.3110000000006,3557.4783252058005,3558.171456295236,3575.128716323263,-1.3585682173638816,-0.9241776805903663,-0.43439053677351525,17.03505222061589,3539.3520928469943,3559.3110000000006,3579.269907153007,-39.91781430601259,780.5683069058048,0.4325976919797599
2019-01-25 21:00:00,3557.09,3570.0,3556.64,3562.77,794.867583,2019-01-25 21:59:59.999,2833459.86210345,5328,480.695851,1713529.87631192,0,52.512608687219235,0.5872438219409024,3558.5300000000007,3557.9822942338196,3558.3517913424816,3575.005744021539,-0.7557869132233463,-0.8904995271169623,0.134712613893616,16.772548490571907,3540.594691688851,3558.5300000000007,3576.4653083111502,-35.87061662229917,781.9301427242996,1.016545519310236
2019-01-25 22:00:00,3563.23,3574.0,3559.43,3569.03,543.347913,2019-01-25 22:59:59.999,1938037.12604396,4544,304.617939,1086615.99167153,0,55.58394755107665,0.5728858455209058,3558.6355000000003,3559.0344566877416,3558.770544623169,3574.9462838820214,0.22446381695181117,-0.6675068583032078,0.8919706752550189,16.615223598388212,3540.469059598877,3558.6355000000003,3576.801940401124,-36.33288080224702,759.2080256076996,0.7156772513898061
2019-01-25 23:00:00,3569.73,3571.44,3564.15,3565.29,314.531698,2019-01-25 23:59:59.999,1121943.43891368,3848,178.824302,637901.31401962,0,53.36332739941257,0.34195106300343053,3558.4970000000003,3559.6302227174806,3559.0262095399075,3574.8502014553346,0.6915609552147544,-0.3956932955996153,1.0872542508143697,15.949136198503338,3540.5927492843275,3558.4970000000003,3576.401250715673,-35.808501431345576,716.8578991688711,0.43876436092099946
2019-01-26 00:00:00,3566.69,3571.64,3561.73,3562.68,417.695486,2019-01-26 00:59:59.999,1489850.38082123,4161,254.161019,906659.62406929,0,51.80781403647525,-0.009261831990378415,3558.098,3559.920677696768,3559.1694954403033,3574.729104923441,0.8414340868430372,-0.14826781911108483,0.9897019059541221,15.51776932718166,3540.9973978559333,3558.098,3575.1986021440666,-34.20120428813334,688.3662407718358,0.6067925201149549
2019-01-26 01:00:00,3562.85,3568.49,3561.17,3566.9,359.187165,2019-01-26 01:59:59.999,1280478.94925413,3592,166.458218,593417.30083361,0,54.13570275260126,-0.0005607078375736436,3558.1670000000004,3560.5853750589804,3559.47265248186,3574.6512033819145,1.285905240262764,0.13856679276368494,1.147338447499079,14.932214375240093,3540.929713487291,3558.1670000000004,3575.40428651271,-34.47457302541898,657.0158526030896,0.5466948226239967
2019-01-26 02:00:00,3567.3,3576.12,3561.18,3575.83,400.623806,2019-01-26 02:59:59.999,1429524.4631351,4119,240.796044,859337.46295766,0,58.68379914433791,0.5087513667422742,3558.6015,3562.037244100982,3560.1141170904148,3574.6629327014975,2.3318481070132293,0.5772230556135938,1.7546250513996355,14.932770491294376,3540.0257361917984,3558.6015,3577.177263808202,-37.151527616403655,632.5975624504144,0.6332996359457242
2019-01-26 03:00:00,3575.83,3583.0,3564.14,3577.0,1187.839028,2019-01-26 03:59:59.999,4250673.4226329,6439,683.632814,2446467.32414384,0,59.253910819198005,0.4343638829379452,3559.027500000001,3563.462268472317,3560.7763085770653,3574.6861871024776,3.218078579743178,1.1053941604395106,2.1126844193036676,15.213286884773359,3539.1525182388655,3559.027500000001,3578.9024817611366,-39.74996352227117,685.4777020265655,1.7328631179223475
2019-01-26 04:00:00,3578.07,3581.95,3570.7,3572.61,656.459112,2019-01-26 04:59:59.999,2347622.95532657,4424,392.024244,1402049.72835456,0,56.1245491287176,0.7703156291428072,3560.174500000001,3564.333480998763,3561.2403749073765,3574.6655285243432,3.5255460033381496,1.5894245290192384,1.9361214743189112,14.930194964432404,3539.9290061802517,3560.174500000001,3580.4199938197503,-40.4909876394986,682.7140267859402,0.9615433201079195
2019-01-26 05:00:00,3572.6,3575.0,3567.6,3574.84,473.816455,2019-01-26 05:59:59.999,1692185.53527929,3761,323.270388,1154499.0600484,0,57.3565640247333,0.6087453316859996,3561.0525000000007,3565.3341018560236,3561.7736935384596,3574.667264558927,3.9041538593928635,2.0523703950939636,1.8517834642989,14.392323895544383,3539.835767898705,3561.0525000000007,3582.2692321012964,-42.433464202591495,662.8190199491839,0.7148504203097942
2019-01-26 06:00:00,3574.07,3589.0,3573.93,3581.14,826.76245,2019-01-26 06:59:59.999,2959791.42161672,5297,514.966328,1843389.48887409,0,60.712894877331486,0.6486680944109973,3562.8830000000007,3566.8394254887835,3562.5331565369515,3574.731669886699,4.658856266736166,2.5736675694224043,2.0851886973137614,14.44072933157694,3541.353528302244,3562.8830000000007,3584.4124716977576,-43.05894339551378,678.4326799540236,1.2186359449194406
2019-01-26 07:00:00,3581.14,3662.94,3572.02,3620.58,3083.048087,2019-01-26 07:59:59.999,11160989.33333907,15365,1588.819681,5745498.36379392,0,74.33275958004519,1.6226138650544364,3566.8135000000007,3571.9575754422326,3564.8095033394243,3575.1878721763837,8.343265773723488,3.7275872102826213,4.615678563440866,19.90353437932145,3535.076671468012,3566.8135000000007,3598.550328531989,-63.47365706397704,907.4436711012595,3.397509052279202
2019-01-26 08:00:00,3620.37,3624.06,3599.0,3602.03,1430.850588,2019-01-26 08:59:59.999,5169948.44919007,8284,674.800066,2438424.12013097,0,63.22985426140987,0.9246209754471102,3569.4800000000005,3574.8216158763057,3566.269130659447,3575.454958025375,9.655059367246395,4.913081641675376,4.741977725571019,20.271853352227055,3535.2848221311924,3569.4800000000005,3603.6751778688085,-68.39035573761612,957.2919489011396,1.4946857013082069
2019-01-26 09:00:00,3602.97,3607.17,3594.14,3597.27,911.629777,2019-01-26 09:59:59.999,3283831.99301568,6348,500.075888,1801310.98247766,0,60.72339778929816,0.8969817322013082,3571.6865000000003,3576.9595572214193,3567.4848510257434,3575.67202311965,10.19307361439678,5.969080036219657,4.223993578177123,19.75457811278228,3536.2578792326112,3571.6865000000003,3607.1151207673893,-70.85724153477804,952.9431706248406,0.956646529511564
2019-01-26 10:00:00,3597.05,3604.39,3592.58,3595.94,691.661575,2019-01-26 10:59:59.999,2489534.49092352,4881,357.995751,1288638.92072237,0,60.00762726079323,0.933566865393474,3573.3330000000005,3578.7672184384273,3568.6007392208126,3575.873694531395,10.39233749903724,6.8537315287831735,3.538605970254066,19.187108247583545,3536.566681260017,3573.3330000000005,3610.099318739984,-73.53263747996698,928.0592091367605,0.7452774221629166
2019-01-26 11:00:00,3595.96,3597.84,3587.0,3589.93,711.079817,2019-01-26 11:59:59.999,2553176.24659297,4448,328.904197,1181005.33069621,0,56.75220022633558,0.6456586952255389,3574.483500000001,3579.8303404919106,3569.4371808199967,3576.013558267401,9.95059453117392,7.473104129261323,2.477490401912597,18.590886229899017,3537.1268089061746,3574.483500000001,3611.840191093828,-74.71338218765322,907.3945051237357,0.7836501245982689
2019-01-26 12:00:00,3589.93,3589.93,3573.7,3585.57,1007.340313,2019-01-26 12:59:59.999,3609695.74334438,6146,391.813144,1404133.86681982,0,54.44463848461169,0.2723843135719605,3575.8755000000006,3580.376974730776,3570.069840395683,3576.108647239865,9.143296256851954,7.80714255477945,1.3361537020725045,18.422251499191947,3539.0767337305547,3575.8755000000006,3612.6742662694464,-73.59753253889176,916.9131534929038,1.0986212916268259
2019-01-26 13:00:00,3586.33,3595.2,3585.31,3586.76,722.549509,2019-01-26 13:59:59.999,2594150.17331955,5901,389.399764,1398145.48674575,0,54.98265506449375,0.2728543472183455,3577.1370000000006,3580.984881899273,3570.7243564585974,3576.214630849419,8.50152927546742,7.9460198989170445,0.5555093765503747,17.812804963535374,3540.680652577715,3577.1370000000006,3613.593347422286,-72.91269484457098,898.4023302078654,0.8042605018987674
2019-01-26 14:00:00,3586.42,3590.27,3579.29,3585.66,650.038318,2019-01-26 14:59:59.999,2330776.90577379,5353,311.977796,1118762.00048563,0,54.34375022967364,0.36527916565199464,3579.155,3581.4301312421994,3571.310067970025,3576.3086146220617,7.8140875746616985,7.919633434065975,-0.10554585940427685,17.324747466139993,3545.7810091813412,3579.155,3612.528990818659,-66.74798163731793,874.7486147594973,0.7431144297138682
2019-01-26 15:00:00,3585.79,3586.64,3545.0,3557.72,1855.300974,2019-01-26 15:59:59.999,6611255.22132161,9952,927.861811,3306611.76137065,0,41.23652122562492,-0.47890255228206985,3579.3805000000007,3579.172023504847,3570.7771241280634,3576.1236532825387,4.95761230964672,7.327229209182125,-2.369616899535405,19.061551218558556,3546.6906989346794,3579.3805000000007,3612.070301065322,-65.37960213064252,968.1345537347833,1.916366859175499
2019-01-26 16:00:00,3558.01,3566.0,3553.79,3562.2,795.322581,2019-01-26 16:59:59.999,2830620.73609976,6028,432.611934,1539826.53088458,0,43.58606723542415,-0.528881864434232,3579.5875,3577.555640313909,3570.4407663191196,3575.985109468782,3.020515024411452,6.465886372227991,-3.445371347816539,18.57215470294723,3547.417855678131,3579.5875,3611.757144321869,-64.33928864373775,951.6762706171849,0.8357070629534707
2019-01-26 17:00:00,3562.18,3570.69,3558.9,3568.63,823.870521,2019-01-26 17:59:59.999,2938877.5213211,6068,344.115044,1227447.25039707,0,46.86957030512734,-1.4348529793568936,3579.8805000000007,3576.7055793316317,3570.369755875233,3575.9119242999386,1.9813588604874894,5.568980869879891,-3.587622009392401,18.08771508130814,3548.253629029661,3579.8805000000007,3611.50737097034,-63.25374194067899,939.5042944631673,0.8769204418280596
2019-01-26 18:00:00,3568.97,3572.74,3565.15,3569.42,460.471902,2019-01-26 18:59:59.999,1643518.17912783,4593,227.311023,811348.27381782,0,47.27560528948105,-0.9053228318476005,3579.9000000000005,3576.011714633381,3570.3325105467925,3575.8473280382477,1.2076455256697045,4.696713801037853,-3.4890682753681483,17.337878289786108,3548.300828791586,3579.9000000000005,3611.499171208415,-63.19834241682929,893.8821618476276,0.515137141844534
2019-01-26 19:00:00,3569.98,3571.31,3565.2,3567.55,559.086243,2019-01-26 19:59:59.999,1994725.81614863,4402,362.406695,1292968.28094425,0,46.372211434519116,-0.8261820769639143,3580.0130000000004,3575.2058370492496,3570.2233924861343,3575.764767560255,0.43852373314120996,3.845075787458524,-3.4065520543173142,16.535886983372826,3548.618309801853,3580.0130000000004,3611.407690198148,-62.7893803962952,861.9968362430916,0.6485943097386637
2019-01-26 20:00:00,3567.55,3572.0,3562.01,3563.71,416.993627,2019-01-26 20:59:59.999,1487696.13456778,4361,238.186589,849801.38035152,0,44.49204330582375,-0.8962885921344632,3580.0645000000004,3574.1109954255116,3569.9679653298153,3575.6448196243327,-0.47538677363399984,2.98098327524002,-3.4563700488740197,16.06832362741761,3548.7863653974287,3580.0645000000004,3611.342634602572,-62.55626920514351,819.6155782199401,0.5087673271238162
2019-01-26 21:00:00,3563.76,3569.4,3562.71,3565.59,297.446323,2019-01-26 21:59:59.999,1060658.9131733,3720,164.521253,586670.27591099,0,45.65381096484388,-0.6780076491742093,3579.9990000000007,3573.2994720516535,3569.796280414921,3575.544771667872,-1.0360245008951097,2.177581720012994,-3.2136062209081038,15.398443368316356,3548.5995384557446,3579.9990000000007,3611.398461544257,-62.79892308851231,769.8851729608981,0.3863515410435201
2019-01-26 22:00:00,3565.59,3576.76,3564.1,3574.18,322.832106,2019-01-26 22:59:59.999,1152874.38158069,3734,186.782578,667037.81443786,0,50.72818631308104,-0.3176621848130235,3579.9165000000003,3573.383331856258,3569.968190986885,3575.531191850281,-0.7782218712463873,1.586421001761118,-2.3646428730075053,15.202840270579495,3548.4622945075075,3579.9165000000003,3611.370705492493,-62.908410984985494,727.3086903931936,0.44387219658474353
2019-01-26 23:00:00,3574.41,3575.0,3562.11,3565.25,414.626581,2019-01-26 23:59:59.999,1479309.28002582,3992,200.508046,715400.88953056,0,45.927240303416475,-0.5997055838695707,3579.329,3572.608728822329,3569.7831638893604,3575.4288914338604,-1.2797358010511743,1.0131896411986596,-2.292925442249834,15.037637394109524,3547.213450134492,3579.329,3611.444549865508,-64.231099731016,697.5294418795562,0.5944216202297514
2019-01-27 00:00:00,3565.62,3574.51,3539.16,3570.0,1131.712098,2019-01-27 00:59:59.999,4026350.01378113,8714,505.638166,1800038.97872029,0,48.70794226550591,-0.43673967972423083,3579.1985000000004,3572.3602784582977,3569.791667266248,3575.374872613623,-1.2791585574386772,0.5547200014711922,-1.8338785589098694,16.488520437387443,3546.9470691707743,3579.1985000000004,3611.4499308292266,-64.50286165845228,738.8801710338842,1.5316585048106548
2019-01-27 01:00:00,3570.0,3573.95,3558.88,3568.84,645.63514,2019-01-27 01:59:59.999,2301531.82959187,4956,384.187239,1369518.18374264,0,48.05797654507358,0.3125597292648198,3578.8985000000002,3572.0250138432216,3569.754346981297,3575.3098490055277,-1.356664608084884,0.17244307955997695,-1.529107687644861,16.387197549002607,3546.3659664696897,3578.8985000000002,3611.4310335303107,-65.065067060621,729.9996918877999,0.8844320719237143
2019-01-27 02:00:00,3569.18,3579.0,3568.79,3577.44,498.244039,2019-01-27 02:59:59.999,1780898.2313172,4789,286.733609,1024929.91718326,0,53.05909637601185,0.4278255010948357,3578.7135,3572.5407268105337,3570.0557451388936,3575.331044537811,-0.7158882704652569,-0.005223190445069831,-0.7106650800201871,15.945969152645283,3546.192557257697,3578.7135,3611.2344427423027,-65.0418854846057,707.9277249461047,0.7038063653149506
2019-01-27 03:00:00,3577.44,3578.92,3570.04,3578.46,381.364882,2019-01-27 03:59:59.999,1363544.58181156,4193,193.06335,690321.77041197,0,53.629362880848376,0.27545584720186533,3576.6075,3573.104467114292,3570.3853237608982,3575.362178423007,-0.12432973505974587,-0.02904449936800504,-0.09528523569174083,15.441257070313485,3550.7243155582037,3576.6075,3602.4906844417965,-51.766368883592804,676.8265018083804,0.5634603269538787
2019-01-27 04:00:00,3578.46,3578.92,3562.58,3565.08,697.413779,2019-01-27 04:59:59.999,2489287.51172103,5652,374.917334,1338078.6437157,0,45.77369653899806,-0.12158838130565038,3574.76,3572.340232151026,3570.1772718487064,3575.2598681899426,-0.7267915123338753,-0.1685939019611791,-0.5581976103726962,15.505452993862532,3551.3617274590497,3574.76,3598.1582725409507,-46.79654508190106,678.7871948742489,1.0274409774763087
2019-01-27 05:00:00,3565.45,3566.24,3557.65,3561.25,471.301735,2019-01-27 05:59:59.999,1678681.53637035,4455,278.524416,992066.38973063,0,43.79607612054257,-0.1765917786716425,3572.959,3571.284019565214,3569.8271827566,3575.1204665164114,-1.4960502664675914,-0.43408517486246156,-1.06196509160513,15.011492065729472,3551.381848439159,3572.959,3594.5361515608406,-43.15430312168155,659.0266748862252,0.7151481919625876
2019-01-27 06:00:00,3561.13,3567.17,3560.22,3562.08,441.599272,2019-01-27 06:59:59.999,1573784.40478397,3711,242.194864,863135.20474954,0,44.35712476358807,-0.04573885080436144,3571.265999999999,3570.4074462732888,3569.523371668106,3574.9907106306764,-2.015486039461848,-0.7503653477823389,-1.2651206916795092,14.435671203891673,3552.102573869519,3571.265999999999,3590.4294261304794,-38.32685226096055,638.3193031827752,0.6918156317662748
2019-01-27 07:00:00,3563.6,3566.49,3554.18,3562.01,544.275109,2019-01-27 07:59:59.999,1937959.57788491,4642,308.328909,1097822.61670508,0,44.316944912385146,-0.10040414068919666,3569.87,3569.6076894853563,3569.228729641906,3574.861549330869,-2.405066932383761,-1.0813056647026233,-1.3237612676811377,14.283837546470837,3552.442087723382,3569.87,3587.297912276618,-34.855824553235834,629.3627132606061,0.8648035505316422
2019-01-27 08:00:00,3562.77,3570.86,3562.0,3566.31,699.988999,2019-01-27 08:59:59.999,2496805.53411666,5435,341.94048,1219713.17270571,0,47.46504410302304,-0.22019036534253705,3568.9070000000006,3569.293623820084,3569.114269655949,3574.776459287776,-2.3398660145039685,-1.3330177346628924,-1.006848279841076,13.896420578865786,3553.076557508417,3568.9070000000006,3584.7374424915843,-31.660884983167307,636.0890261881675,1.100457593483038
2019-01-27 09:00:00,3566.29,3566.52,3544.3,3552.34,1053.436687,2019-01-27 09:59:59.999,3745495.67460704,6916,549.025587,1952207.56072177,0,39.626676366798684,-0.3621064441483726,3567.186,3567.678992980076,3568.4564551596377,3574.553210936654,-3.3765334889335463,-1.7417208855170232,-1.6348126034165231,14.490961966089644,3552.0594261017136,3567.186,3582.3125738982867,-30.253147796573103,675.836422455961,1.558715470190043
2019-01-27 10:00:00,3552.34,3556.46,3537.88,3541.99,1397.54555,2019-01-27 10:59:59.999,4957477.72195678,9672,706.47751,2506313.36913048,0,35.013351329785046,-0.7845938375350201,3565.0025000000005,3565.2324222200687,3567.418554957299,3574.229198887533,-4.9758993621885566,-2.38855658085133,-2.5873427813372265,14.78303611136895,3548.55443708397,3565.0025000000005,3581.4505629160312,-32.89612583206144,744.5706250792028,1.8769818509175509
2019-01-27 11:00:00,3541.99,3552.0,3526.41,3546.73,1602.032221,2019-01-27 11:59:59.999,5673671.16377304,9428,919.749301,3257664.53941517,0,38.5421466470068,-0.6195290346443137,3564.453,3563.470286770538,3566.6072390766208,3573.9555750180057,-5.794138728845155,-3.069673010450095,-2.7244657183950602,15.554962103414036,3546.3313664032185,3564.453,3582.5746335967815,-36.24326719356304,826.2336342145169,1.9389578863162822
2019-01-27 12:00:00,3546.17,3551.76,3539.74,3544.68,826.282289,2019-01-27 12:59:59.999,2930945.72311178,10006,475.018907,1685138.77096795,0,37.59142940557007,-0.9157386287401107,3563.577,3561.6807356495347,3565.747347348126,3573.6642757640957,-6.532712150255975,-3.762280838411271,-2.7704313118447037,15.302464810313065,3543.417542926976,3563.577,3583.7364570730247,-40.31891414604888,826.2382680036105,1.0000532788156808
2019-01-27 13:00:00,3545.22,3547.77,3532.0,3543.56,1302.245521,2019-01-27 13:59:59.999,4612627.343058,8882,763.581788,2704930.94421451,0,37.05366080964456,-0.9752798689939273,3562.3235,3559.95495130196,3564.8772552952582,3573.3647307316173,-7.126264407483632,-4.435077552225744,-2.6911868552578877,15.335860181004989,3540.4427713725404,3562.3235,3584.2042286274595,-43.76145725491915,871.5722920985048,1.4941336855311833
2019-01-27 14:00:00,3543.52,3562.25,3486.0,3557.1,4505.202361,2019-01-27 14:59:59.999,15895146.17951377,20014,1992.015303,7033636.00873704,0,46.936616741268,-0.22383789424080297,3561.7075,3559.683051177964,3564.5722648915225,3573.202892614885,-6.429973276736291,-4.834056697127854,-1.5959165796084376,19.686870168076062,3539.9747918100734,3561.7075,3583.4402081899266,-43.465416379853195,1217.632298660552,3.699969494859751
2019-01-27 15:00:00,3557.1,3568.0,3548.47,3556.53,1311.813104,2019-01-27 15:59:59.999,4667980.52116458,7803,707.55949,2517801.61311525,0,46.604883734752654,-0.1325377325377269,3561.1565000000005,3559.3827605895863,3564.2568819546004,3573.0369931858813,-5.856640074279312,-5.038573372558146,-0.8180667017211665,19.675665156070643,3539.4887939546325,3561.1565000000005,3582.8242060453686,-43.3354120907361,1226.601899169071,1.0694693240640285
2019-01-27 16:00:00,3557.31,3565.01,3554.89,3562.59,693.792649,2019-01-27 16:59:59.999,2470513.85851828,6293,326.782045,1163601.50323585,0,50.60218681453042,0.014317477428924063,3561.1005,3559.688211962007,3564.191514034812,3572.9330430049276,-4.85728625384354,-5.002315948815225,0.14502969497168472,18.993117644922766,3539.4548032353687,3561.1005,3582.7461967646313,-43.29139352926268,1175.8581610577307,0.5900308999649296
2019-01-27 17:00:00,3562.59,3574.57,3543.07,3563.49,1261.069046,2019-01-27 17:59:59.999,4493537.93824242,7381,569.963665,2032813.40986524,0,51.18665207902324,0.04154957453795928,3560.9955,3560.0502870132445,3564.1640036805056,3572.8390823780132,-3.9471681751110737,-4.791286394074395,0.8441182189633212,19.88646638457114,3539.4212439231737,3560.9955,3582.5697560768263,-43.14851215365252,1183.973483433185,1.065115953731717
2019-01-27 18:00:00,3564.28,3564.5,3555.8,3557.13,786.083483,2019-01-27 18:59:59.999,2798341.1765695,5703,489.16428,1741285.67221773,0,46.95837595916869,-0.2574089184619351,3560.143,3559.7721644405547,3563.888160398917,3572.68277310062,-3.6964811541652125,-4.572325346092558,0.8758441919273459,19.087433071387476,3539.4321768949303,3560.143,3580.8538231050698,-41.42164621013944,1146.0791976776436,0.6858893212553543
2019-01-27 19:00:00,3557.13,3564.9,3557.1,3564.29,398.369745,2019-01-27 19:59:59.999,1418858.91529667,5038,209.443621,745994.40027745,0,51.78687841341918,0.3363979799230878,3560.095,3560.202434493835,3563.903918814646,3572.5992629205143,-2.8867807114966126,-4.235216419173369,1.3484357076767566,18.28118785200267,3539.4296132256954,3560.095,3580.760386774304,-41.330773548608704,1074.8687736131062,0.3706217491656254
2019-01-27 20:00:00,3563.69,3571.09,3563.49,3568.68,462.199046,2019-01-27 20:59:59.999,1649062.07108729,4991,263.882728,941539.27172852,0,54.52055409711498,0.753531207033336,3560.029,3561.0098216848983,3564.0912161160327,3572.560265279514,-1.869302806710948,-3.762033696680885,1.892730889969937,17.518245862573934,3539.48875667635,3560.029,3580.56924332365,-41.08048664729995,1016.5192757451913,0.4546879306948415
2019-01-27 21:00:00,3568.59,3569.33,3556.0,3558.71,617.804483,2019-01-27 21:59:59.999,2201754.70289678,5151,241.731948,861387.44012537,0,47.880713228778184,0.3377759231743047,3559.5225,3560.7907910482413,3563.880188033051,3572.4224516946433,-1.8461585473291962,-3.3788586668105474,1.5327001194813512,17.21908544381865,3539.401770835516,3559.5225,3579.643229164484,-40.24145832896829,978.5464383408873,0.6313491713765567
2019-01-27 22:00:00,3559.44,3562.91,3552.72,3560.72,493.09616,2019-01-27 22:59:59.999,1754585.68007557,5120,214.430958,762993.90801658,0,49.22331536446945,0.4525091122470848,3558.6865000000003,3560.7840490436465,3563.7562590905786,3572.306009389224,-1.646644856391049,-3.0324159047266477,1.3857710483355987,16.71700791211732,3540.393981799641,3558.6865000000003,3576.9790182003594,-36.58503640071831,932.313078498898,0.5288954658814033
2019-01-27 23:00:00,3560.72,3562.6,3546.03,3550.84,513.090764,2019-01-27 23:59:59.999,1824574.95528664,4910,224.211901,797378.15796658,0,43.31656699514122,0.20544311370486742,3557.3055000000004,3559.8369967537756,3563.2497391262423,3572.0924172559985,-2.2597136756689906,-2.8778754589151165,0.6181617832461259,16.706507346966063,3541.2669930802253,3557.3055000000004,3573.3440069197754,-32.07701383955009,892.3871437847173,0.5749643162987789
2019-01-28 00:00:00,3550.05,3557.75,3540.01,3548.12,796.71727,2019-01-28 00:59:59.999,2826942.02530246,6189,443.098918,1572439.25264073,0,41.828420398281914,-0.2524528407972792,3556.4575000000004,3558.721092301035,3562.6564160232524,3571.8538857410135,-2.931266583357683,-2.88855368380363,-0.042712899554052886,16.780328250754184,3540.3564469123476,3556.4575000000004,3572.5585530876533,-32.202106175305744,883.2757272337918,0.9020029028705767
2019-01-28 01:00:00,3548.99,3554.98,3521.08,3523.78,1013.40363,2019-01-28 01:59:59.999,3585708.28679796,7880,512.628678,1814282.15617175,0,31.42451089651236,-0.9208413819087706,3554.5840000000003,3555.3933692247456,3561.131850689007,3571.3755386192124,-5.365659698118179,-3.38397488666654,-1.9816848114516392,18.003161947128895,3533.0332790203706,3554.5840000000003,3576.13472097963,-43.10144195925932,895.6688608305735,1.1314489922762845
2019-01-28 02:00:00,3524.74,3536.42,3510.0,3517.05,1501.513846,2019-01-28 02:59:59.999,5290315.64030768,9962,826.240867,2912109.34335515,0,29.25759108126131,-1.2782834959958895,3552.3325000000004,3551.74161977477,3559.403150661987,3570.834985996136,-7.748666728792159,-4.256913255091664,-3.491753473700495,18.604364665191124,3525.3538122123828,3552.3325000000004,3579.311187787618,-53.957375575235346,953.3683832276618,1.5749566195142457
2019-01-28 03:00:00,3517.06,3521.83,3477.47,3481.64,3176.711275,2019-01-28 03:59:59.999,11113350.0508931,19921,1485.039978,5195015.755885,0,21.03767203484973,-2.2969055616825056,3548.314,3545.0652750343156,3556.3536153419095,3569.947473697667,-12.352120479562473,-5.875954699985826,-6.476165779576647,20.444052903391768,3507.177272192096,3548.314,3589.4507278079036,-82.2734556158075,1165.1153253012178,2.7265208911218495
2019-01-28 04:00:00,3481.65,3499.51,3462.61,3479.01,2090.475046,2019-01-28 04:59:59.999,7286220.2668702,12369,1114.184868,3884102.98995877,0,20.575301981717313,-2.196152516213911,3543.949,3538.7742964596187,3553.320532387325,3569.0426232131135,-16.027850677692186,-7.906333895527098,-8.121516782165088,21.61947769600665,3493.402058440128,3543.949,3594.4959415598723,-101.09388311974453,1253.2448225106257,1.6680500158078857
2019-01-28 05:00:00,3479.01,3480.57,3435.0,3438.22,3058.911997,2019-01-28 05:59:59.999,10572765.77617433,15226,1382.728933,4780032.45359406,0,15.050417470320037,-3.537029815194616,3538.243,3529.1976967967976,3548.8067860191945,3567.740905569202,-21.978945839443895,-10.720856284310457,-11.258089555133438,23.330229289149045,3469.27578884324,3538.243,3607.2102111567597,-137.93442231351946,1425.213124842947,2.146283909178201
2019-01-28 06:00:00,3438.86,3460.64,3405.0,3451.3,3713.581071,2019-01-28 06:59:59.999,12755086.08269485,19065,1681.558398,5777569.66227038,0,22.259242374073086,-3.2891713462680783,3533.7084999999997,3521.778868530436,3544.9829904890303,3566.582289593389,-25.347593663158932,-13.646203760080153,-11.701389903078779,25.63807005420982,3454.5988845686998,3533.7084999999997,3612.8181154312997,-158.21923086259994,1643.152929238857,2.260033746658145
2019-01-28 07:00:00,3452.23,3471.58,3449.07,3454.4,1551.825996,2019-01-28 07:59:59.999,5369599.38986787,10332,780.77794,2701495.55821551,0,23.907346290996216,-2.9311182984845616,3529.0919999999996,3515.361833432299,3541.4307163522058,3565.4660479058925,-27.45069274255775,-16.40710155657567,-11.043591185982077,25.414636478909102,3442.7376373941856,3529.0919999999996,3615.4463626058136,-172.708725211628,1634.4551260732517,0.9494454581498566
2019-01-28 08:00:00,3453.72,3454.34,3426.0,3431.93,1307.20905,2019-01-28 08:59:59.999,4494403.79991445,9204,686.007078,2359118.33242836,0,20.512765831002802,-3.6169651081803673,3523.4545000000003,3507.4159445339847,3537.1365706129036,3564.1373310113067,-30.57807016667266,-19.241295278595068,-11.336774888077592,25.627876730415604,3427.2278474988225,3523.4545000000003,3619.681152501178,-192.4533050023556,1603.2888331138945,0.8153297291175846
2019-01-28 09:00:00,3430.88,3453.0,3430.86,3452.5,1245.523318,2019-01-28 09:59:59.999,4289605.27617965,8437,693.455235,2388327.09680761,0,30.27322435158816,-2.769485530184411,3518.9014999999995,3502.185854578367,3533.8174894123977,3563.0265117972644,-31.038914927256883,-21.600819208327433,-9.43809571892945,25.378742678243054,3418.168747938428,3518.9014999999995,3619.634252061571,-201.46550412314264,1569.2159269125711,0.793723347207267
2019-01-28 10:00:00,3452.1,3452.88,3435.15,3435.46,913.326992,2019-01-28 10:59:59.999,3144179.52863894,7922,508.638239,1751108.34890182,0,27.284357626720443,-3.175202642526179,3512.819500000001,3495.831011285189,3529.9603329648526,3561.7571932719184,-32.405572048201066,-23.76176977630216,-8.643802271898906,24.83240391551141,3407.226229784803,3512.819500000001,3618.412770215199,-211.18654043039624,1506.7503140637548,0.6061568286896369
2019-01-28 11:00:00,3436.43,3442.3,3410.02,3427.57,1398.371156,2019-01-28 11:59:59.999,4794628.95759907,10215,644.562952,2210781.14331915,0,26.004143765283075,-2.7303066593260654,3506.371500000001,3489.329962591362,3525.9450257897606,3560.421997318964,-33.73642224782179,-25.756700270606085,-7.979721977215707,25.364375064403465,3396.3594965831367,3506.371500000001,3616.3835034168656,-220.0240068337289,1496.4284894862544,0.9344724227217038
2019-01-28 12:00:00,3427.59,3434.82,3416.98,3421.15,1750.130704,2019-01-28 12:59:59.999,5994495.5888781,9933,903.93977,3096108.54064031,0,24.97718049247185,-2.726716992934422,3499.299500000001,3482.8366328207558,3521.83541693526,3559.0362063008647,-34.90678725039834,-27.586717666564535,-7.320069583833803,24.826919702660373,3386.35846750958,3499.299500000001,3612.240532490422,-225.8820649808422,1520.5906051542302,1.150954568618085
2019-01-28 13:00:00,3421.0,3434.0,3416.28,3427.92,1240.335649,2019-01-28 13:59:59.999,4250882.43045459,8520,658.408235,2256900.05970337,0,28.197438121357283,-1.542951023081071,3492.521000000001,3477.6064773140174,3518.152459408387,3557.7315674321994,-34.88588476238465,-29.04655108572856,-5.839333676656089,24.31928258104176,3379.5281111878844,3492.521000000001,3605.513888812118,-225.98577762423338,1493.8996569490655,0.8302670418527911
2019-01-28 14:00:00,3427.67,3428.69,3418.0,3426.0,1259.0211,2019-01-28 14:59:59.999,4310174.97430896,7627,735.83734,2518978.10005987,0,27.83256015743907,-1.5237093311028198,3485.9645000000014,3472.6915747126823,3514.5386374708037,3556.4208055672025,-34.62511062206204,-30.162262992995256,-4.462847629066783,23.34576239668164,3373.540412774786,3485.9645000000014,3598.3885872252167,-224.84817445043063,1471.530270572964,0.855586273131697
2019-01-28 15:00:00,3426.5,3435.7,3380.27,3420.06,5921.65055,2019-01-28 15:59:59.999,20181756.36952604,28872,2871.571151,9791446.10969117,0,26.682210952670875,-0.5281802793305796,3478.7530000000015,3467.679043787665,3510.8335928641054,3555.0639816312105,-34.50005839677124,-31.029822073750452,-3.470236323020785,25.63749365406151,3369.0121688328168,3478.7530000000015,3588.4938311671863,-219.4816623343695,1895.3512495660148,3.1243024486125734
2019-01-28 16:00:00,3420.5,3435.7,3408.9,3411.05,2338.30751,2019-01-28 16:59:59.999,7999779.69339117,13938,1170.832638,4005501.99570236,0,24.99469673227779,-1.1662272187291745,3470.8715,3462.285801522173,3506.9205107910034,3553.6310066896067,-34.72766638667963,-31.76939093633629,-2.95827545034334,25.720529821628528,3365.7811051712424,3470.8715,3575.961894828758,-210.18078965751556,1937.5375600835373,1.20684499654251
2019-01-28 17:00:00,3410.95,3423.8,3408.82,3418.64,1174.438729,2019-01-28 17:59:59.999,4011444.23599975,10197,628.283548,2146119.84768295,0,29.064655224225476,-1.0352014821676765,3463.8680000000004,3458.1290585200613,3503.45852997567,3552.287812593193,-33.90476476752883,-32.1964657025748,-1.7082990649540335,24.953349120083633,3364.936333077823,3463.8680000000004,3562.799666922178,-197.8633338443551,1864.8614809327241,0.6297726351303025
2019-01-28 18:00:00,3419.75,3430.0,3418.25,3424.01,1038.297066,2019-01-28 18:59:59.999,3556080.70188826,7812,531.417416,1820221.66420484,0,31.88098533930168,-0.23077393769685334,3457.0325000000003,3454.879624375294,3500.3429013491736,3551.011416447987,-32.44528612269505,-32.246229786598846,-0.19905633609620565,24.010252754363375,3367.8675151626044,3457.0325000000003,3546.197484837396,-178.32996967479176,1786.141060462941,0.5813074280543604
2019-01-28 19:00:00,3424.03,3426.93,3414.28,3424.39,704.09624,2019-01-28 19:59:59.999,2408536.91943731,6810,369.786656,1265139.37114032,0,32.08646611619624,-0.8141926140477952,3450.71,3451.975850625266,3497.364356198226,3549.7515018564645,-30.901759707253404,-31.97733577072976,1.0755760634763547,23.198806129051682,3372.263800400663,3450.71,3529.156199599337,-156.89239919867396,1683.0891727998037,0.4183356719173365
2019-01-28 20:00:00,3424.41,3434.0,3420.07,3428.0,859.39224,2019-01-28 20:59:59.999,2946351.46319799,8338,450.269091,1543692.47301253,0,34.119606264887615,-0.21714704872127855,3444.704000000001,3449.6924362800023,3494.644185366923,3548.5400441265497,-29.05231012584227,-31.392330641752263,2.3400205159099947,22.53674854840512,3380.5722689918252,3444.704000000001,3508.835731008177,-128.2634620163517,1604.6418458664891,0.5355663896051132
2019-01-28 21:00:00,3427.43,3433.3,3420.97,3423.01,677.474282,2019-01-28 21:59:59.999,2321839.05984331,6811,348.055176,1192824.13857526,0,32.66395358645965,-0.13303885843323243,3439.665500000001,3447.151251872383,3491.835001627044,3547.2909889611115,-27.670293386835056,-30.64792319076882,2.977629803933766,21.807695080661926,3386.857882736465,3439.665500000001,3492.473117263537,-105.61523452707206,1516.3401731172996,0.4467825188639862
2019-01-28 22:00:00,3423.03,3439.67,3422.87,3435.07,703.957717,2019-01-28 22:59:59.999,2416266.54065197,7021,383.107713,1315073.5257685,0,39.39375955578554,0.4068807272408422,3435.566500000001,3446.000656455966,3489.608923131866,3546.1743622052795,-25.310134478646432,-29.580365448344345,4.270230969697913,21.450002574900374,3397.335118965715,3435.566500000001,3473.7978810342865,-76.46276206857146,1438.9704153918426,0.48920930511855376
2019-01-28 23:00:00,3437.31,3445.99,3433.01,3434.15,970.438967,2019-01-28 23:59:59.999,3338295.70549078,8198,523.840921,1802002.89755607,0,39.07294337791965,0.18174286447758461,3433.1920000000005,3444.8720225077786,3487.4340634012046,3545.0596919345803,-23.245962861362386,-28.313484930947958,5.067522069585571,20.845002390978888,3401.705137509863,3433.1920000000005,3464.678862490138,-62.97372498027471,1394.3483726878576,0.6959802772454233
2019-01-29 00:00:00,3434.0,3443.45,3433.0,3436.54,885.102362,2019-01-29 00:59:59.999,3043176.53257976,6771,496.712575,1707924.10763515,0,40.43016260117633,0.30764740221832937,3431.0685000000003,3444.078496554657,3485.438217777628,3543.979894004883,-21.173167857947647,-26.885421516347897,5.71225365840025,20.10250222019467,3407.9851642244817,3431.0685000000003,3454.151835775519,-46.166671551037325,1345.8487526223473,0.6576536629954917
2019-01-29 01:00:00,3436.24,3436.54,3416.04,3420.37,954.649727,2019-01-29 01:59:59.999,3269905.80906172,7260,444.273651,1521726.37481424,0,34.78441665738451,0.009064168464879138,3430.1760000000004,3441.8205445018325,3482.886522962819,3542.7499448108047,-20.597808036378865,-25.627898820354094,5.030090783975229,20.130894918752194,3406.877594000786,3430.1760000000004,3453.474405999215,-46.596811998429075,1308.591702563076,0.7295245148889246
2019-01-29 02:00:00,3419.68,3425.86,3417.42,3421.9,553.745862,2019-01-29 02:59:59.999,1895153.92521704,5760,312.528145,1069643.98353979,0,35.69936629726265,0.31808387446680375,3428.706000000001,3439.9233497873724,3480.494894611336,3541.547457797762,-19.790243412227937,-24.460367738728863,4.670124326500925,19.295830995984186,3407.394152640055,3428.706000000001,3450.017847359947,-42.62369471989223,1236.7016225094496,0.4477602777591317
2019-01-29 03:00:00,3420.51,3423.39,3402.83,3406.18,1240.109353,2019-01-29 03:59:59.999,4233736.88723784,7654,700.555734,2392370.48164805,0,30.90223607971904,-0.36447242178176226,3426.295000000001,3436.7096974266706,3477.5805850187344,3540.2005179191774,-20.186023340175325,-23.60549885901816,3.419475518842834,19.386128781985313,3406.3561138990635,3426.295000000001,3446.2338861009384,-39.877772201874905,1237.0261682704545,1.0024924167399436
2019-01-29 04:00:00,3406.27,3414.68,3400.0,3402.64,951.772587,2019-01-29 04:59:59.999,3242929.71342124,6762,500.794828,1706539.14568102,0,29.926978627208086,-0.6241220089894698,3424.8305000000005,3433.4649643384164,3474.6417385474115,3538.8317565468474,-20.54846033967624,-22.99409115514978,2.445630815473539,19.04997672612921,3402.4777458073127,3424.8305000000005,3447.1832541926883,-44.70550838537565,1209.8591605304111,0.7866804815386412
2019-01-29 05:00:00,3402.66,3406.83,3371.0,3385.42,2313.975431,2019-01-29 05:59:59.999,7838265.83963373,11161,1289.694041,4367382.6164357,0,25.681184004373808,-1.1380129015678646,3421.4765000000007,3428.8892534490433,3471.14284683967,3537.3052714070777,-21.97192567729462,-22.78965805957875,0.8177323822841274,20.248549817119972,3396.6151300288857,3421.4765000000007,3446.3378699711157,-49.722739942229964,1315.0130910513244,1.7596596161259708
2019-01-29 06:00:00,3385.12,3400.0,3370.83,3386.96,1874.967008,2019-01-29 06:59:59.999,6350157.27342584,10155,943.862774,3197352.36652479,0,26.682966072063476,-1.1971995332555416,3419.0515000000005,3424.8959912158007,3467.8415587283102,3535.809298557256,-22.71393497967574,-22.77451344359815,0.06057846392240762,20.88579625875427,3390.714599545525,3419.0515000000005,3447.388400454476,-56.67380090895131,1368.342035522627,1.370247320717493
2019-01-29 07:00:00,3386.94,3386.97,3349.92,3366.41,2409.590608,2019-01-29 07:59:59.999,8121370.0681557,11581,1117.155993,3766798.01789196,0,22.35298676403685,-1.653515473223869,3415.9935000000005,3419.325896814296,3463.863850542886,3534.1237333974823,-24.675749276645092,-23.15476061020754,-1.5209886664375531,22.0403822402718,3379.500703147696,3415.9935000000005,3452.486296852305,-72.98559370460862,1467.5085662347576,1.6419601653040963
2019-01-29 08:00:00,3366.63,3394.93,3364.5,3383.17,1945.703911,2019-01-29 08:59:59.999,6581021.90767436,10129,1095.320761,3704870.5115087,0,32.0392594496626,-1.5108862410373032,3414.0945000000006,3415.882478070077,3460.6993858157143,3532.6217061994976,-24.594598093055538,-23.44272810677714,-1.151869986278399,22.639640651680946,3374.8802203908917,3414.0945000000006,3453.3087796091095,-78.42855921821774,1513.0509800219234,1.285947358476849
2019-01-29 09:00:00,3383.01,3403.23,3380.0,3394.97,1456.872483,2019-01-29 09:59:59.999,4941159.85867902,8781,784.217935,2659905.8186667,0,37.91189460024812,-1.1408936709229442,3412.447,3413.8908134919743,3458.121762842549,3531.252037481095,-23.309427244453218,-23.416067934312355,0.10664068985913744,22.68180917656088,3372.9110719824534,3412.447,3451.982928017547,-79.07185603509333,1507.7006469722164,0.9662876287316782
2019-01-29 10:00:00,3394.95,3394.95,3383.41,3392.6,924.710323,2019-01-29 10:59:59.999,3134312.76121214,7005,501.912129,1701132.7785142,0,37.216295390681815,-1.278611626810689,3410.777000000001,3411.863116968929,3455.552281946763,3529.872415217602,-22.225952337492345,-23.178044814948354,0.9520924774560093,21.887394235377954,3370.8319924864054,3410.777000000001,3450.7220075135965,-79.89001502719111,1452.1777589748624,0.6367748832985721
2019-01-29 11:00:00,3393.0,3398.13,3381.0,3385.32,918.835758,2019-01-29 11:59:59.999,3113319.70500974,6623,525.638056,1781211.36186572,0,35.08671510039243,-1.0247429371676084,3409.0400000000004,3409.335201067126,3452.798074811596,3528.4340827278747,-21.70452952049982,-22.88334175605865,1.17881223555883,21.547580361422394,3367.7944998307885,3409.0400000000004,3450.2855001692124,-82.49100033842387,1401.383282691542,0.6556634215268035
2019-01-29 12:00:00,3385.34,3400.0,3381.0,3394.11,1270.389151,2019-01-29 12:59:59.999,4308545.85066835,8011,702.48804,2382625.72757435,0,39.58211735404265,-0.8121219205704422,3408.1930000000007,3407.885181917876,3450.4965816817294,3527.0975246907815,-20.347465723476944,-22.376166549542308,2.0287008260653643,21.36561033560651,3366.4288118152085,3408.1930000000007,3449.957188184793,-83.5283763695843,1388.9076511018716,0.9146678326612669
2019-01-29 13:00:00,3393.78,3420.0,3393.53,3409.4,1880.600953,2019-01-29 13:59:59.999,6408926.47662968,10636,1068.149473,3640391.35823456,0,46.520038389956206,0.09453405280990008,3407.7310000000007,3408.02945030665,3448.8849510275436,3525.926405042117,-17.83264405089858,-21.467462049813562,3.6348179989149827,21.73020959734889,3366.249936774552,3407.7310000000007,3449.212063225449,-82.9621264508969,1435.735584615979,1.309851878821413
2019-01-29 14:00:00,3409.42,3422.0,3401.12,3420.41,1429.524235,2019-01-29 14:59:59.999,4877789.9338027,8867,782.005957,2668082.02577033,0,50.892964005838074,0.5222415536171908,3407.551000000001,3409.208550277445,3447.7682862813654,3524.8764905640865,-14.780830557557692,-20.13013575136239,5.349305193804696,21.669480340395403,3366.3369845505017,3407.551000000001,3448.7650154495,-82.42803089899826,1435.1440275096952,0.9960841613092682
2019-01-29 15:00:00,3420.41,3428.27,3409.98,3426.62,1218.211152,2019-01-29 15:59:59.999,4163289.11772073,7966,642.04324,2194234.65765434,0,53.216567651252696,1.2169834171240146,3407.662500000001,3410.866783584355,3446.938941721312,3523.8988140410606,-11.725981460979256,-18.449304893285763,6.723323432306508,21.428088887510015,3366.245105294293,3407.662500000001,3449.0798947057087,-82.83478941141584,1414.483753651629,0.8612408229186571
2019-01-29 16:00:00,3426.15,3442.0,3418.46,3418.58,1811.32301,2019-01-29 16:59:59.999,6215163.9442585,10036,896.868805,3077508.91186161,0,49.922988999688954,0.9335805560148301,3407.1915000000004,3411.6013756239404,3445.826826359692,3522.850865642642,-9.840319274645935,-16.7275077695578,6.8871884949118645,21.578939681259296,3366.5407568722303,3407.1915000000004,3447.8422431277704,-81.30148625554011,1452.27796854195,1.2472288702544472
2019-01-29 17:00:00,3418.81,3431.48,3409.94,3413.97,1215.847861,2019-01-29 17:59:59.999,4155088.63593955,8338,614.286891,2099373.55574241,0,48.085336464204346,1.4127809743911155,3406.7395000000006,3411.8269588978505,3444.577539051469,3521.767473944705,-8.618557512992993,-15.10571771824484,6.487160205251847,21.57615827545506,3366.6319317550406,3406.7395000000006,3446.8470682449606,-80.21513648992004,1429.7608154427166,0.8503854965584017
2019-01-29 18:00:00,3413.99,3416.86,3405.61,3413.41,740.058068,2019-01-29 18:59:59.999,2524728.07274343,6384,414.159596,1412844.4900108,0,47.85489481774536,0.8938362541639876,3405.6565,3411.977724717103,3443.3552826180785,3520.68929012436,-7.607791944598375,-13.606132563515548,5.998340618917172,20.838575541493984,3367.655526452944,3405.6565,3443.6574735470563,-76.00194709411244,1364.0748394957914,0.5425347983645463
2019-01-29 19:00:00,3413.41,3424.68,3410.97,3419.44,597.064783,2019-01-29 19:59:59.999,2040752.22955379,5787,295.312278,1009417.58097335,0,50.60018107358381,0.720772201227117,3404.9210000000007,3412.6884176011886,3442.417428397762,3519.6818345012325,-6.248157474264644,-12.134537545665369,5.886380071400724,20.329391574244415,3368.7150464913384,3404.9210000000007,3441.126953508663,-72.41190701732467,1291.0262626866684,0.46247299552023713
2019-01-29 20:00:00,3419.69,3434.94,3412.0,3412.95,734.940441,2019-01-29 20:59:59.999,2515514.25498785,6176,326.516338,1118173.3459561,0,47.69004126231439,0.5998349348582181,3403.7415000000005,3412.713330210599,3441.261842970399,3518.619826197738,-5.62943351631975,-10.833516739796245,5.204083223476495,20.515863604655532,3370.453231622438,3403.7415000000005,3437.029768377563,-66.57653675512483,1238.0657082403188,0.5936198992576749
2019-01-29 21:00:00,3412.01,3422.36,3409.33,3418.25,631.391088,2019-01-29 21:59:59.999,2157057.48331514,5412,328.649713,1122910.66459394,0,50.20848901282221,0.9727293136247042,3403.6355000000003,3413.240632095304,3440.3594177558734,3517.6211214594523,-4.6577331673165645,-9.598360025300309,4.9406268579837445,19.981159061465863,3370.557341536052,3403.6355000000003,3436.713658463949,-66.15631692789702,1180.287172979336,0.5349470048091882
2019-01-29 22:00:00,3417.88,3419.5,3400.0,3409.89,736.420354,2019-01-29 22:59:59.999,2513724.93843712,6603,368.423341,1257896.99179092,0,46.412712699293984,0.4649230578855648,3403.0350000000008,3412.921524276704,3439.164538628192,3516.5491700021444,-4.510244481717564,-8.58073691658376,4.070492434866196,19.946790557075445,3370.93123239035,3403.0350000000008,3435.1387676096515,-64.20753521930146,1138.0141426003515,0.6471100194917494
2019-01-29 23:00:00,3409.66,3418.13,3404.01,3411.04,849.122468,2019-01-29 23:59:59.999,2897716.24543411,5792,474.740937,1619978.30562862,0,47.006218025199225,0.04810230539097415,3403.2780000000007,3412.7423314884463,3438.0616155447333,3515.499327514561,-4.251553978963784,-7.714900329059764,3.4633463500959802,19.53059123157005,3371.000895453707,3403.2780000000007,3435.5551045462944,-64.55420909258737,1110.5006497812703,0.76463032071818
2019-01-30 00:00:00,3410.04,3411.85,3387.1,3394.75,1099.217135,2019-01-30 00:59:59.999,3733582.74636603,8773,529.131865,1797294.20749159,0,40.21217438188187,-0.7502024611084593,3402.8835000000013,3411.0287761085942,3436.363120817489,3514.2978416686456,-5.299912656533252,-7.231902794554463,1.9319901380212112,19.903406143600762,3370.38147850825,3402.8835000000013,3435.3855214917526,-65.00404298350259,1109.4260293259113,0.9907980396564933
2019-01-30 01:00:00,3394.75,3405.84,3391.87,3403.83,603.746221,2019-01-30 01:59:59.999,2053262.94329231,5154,343.799904,1169242.2907264,0,44.98528335582863,-0.6650868786150774,3403.8040000000005,3410.3431783839665,3435.08731215798,3513.19865916448,-5.336547943443293,-6.852831824332229,1.5162838808889365,19.47959141905787,3372.3588521691677,3403.8040000000005,3435.2491478308334,-62.89029566166573,1061.2660475805865,0.5688924302971776
2019-01-30 02:00:00,3403.83,3420.0,3398.47,3414.63,662.826701,2019-01-30 02:59:59.999,2258243.97926587,5383,392.971221,1338816.92685637,0,50.089222806116425,-0.11554505086906898,3405.1875000000005,3410.751447109303,3434.285064622373,3512.2178764862265,-4.442896980840942,-6.3708448556339725,1.9279478747930305,19.626049174839462,3374.435562876628,3405.1875000000005,3435.939437123373,-61.503874246745,1023.3194431443402,0.6477221804399036
2019-01-30 03:00:00,3414.43,3427.67,3413.72,3420.34,855.792138,2019-01-30 03:59:59.999,2925837.21665915,6873,514.07253,1757631.32780762,0,52.59338588137772,0.18658629103361618,3407.8840000000005,3411.6646426227026,3433.738199343064,3511.3036687599956,-3.236613212638531,-5.743998527034885,2.5073853143963536,19.220617090922378,3382.4510363918675,3407.8840000000005,3433.3169636081334,-50.865927216265845,1007.3644617020221,0.8495357643985885
2019-01-30 04:00:00,3419.89,3437.49,3419.67,3426.62,1074.434231,2019-01-30 04:59:59.999,3684613.83034448,6906,582.441773,1997488.91739111,0,55.25254793749435,0.38700302629921507,3410.0565,3413.0889623729213,3433.4590542707874,3510.4610451902445,-1.753665950227969,-4.945932011673501,3.1922660614455323,19.120573012999333,3386.134125293944,3410.0565,3433.978874706056,-47.84474941211192,1013.75205877802,1.0598589879019593
2019-01-30 05:00:00,3426.62,3447.0,3425.18,3433.49,1046.466124,2019-01-30 05:59:59.999,3593797.68153603,6531,648.091239,2225919.45415907,0,58.02628358275622,0.4108859930280902,3411.9825000000005,3415.031918337405,3433.4602678287956,3509.6951641435758,-0.02379369676918941,-3.9615043486926393,3.93771065192345,19.313389226356538,3386.9954845298935,3411.9825000000005,3436.9695154701076,-49.97403094021411,1016.8676840372561,1.0291074644492877
2019-01-30 06:00:00,3434.13,3436.94,3421.02,3423.22,1037.695626,2019-01-30 06:59:59.999,3556342.92957597,6136,578.595285,1983073.14873858,0,52.76114994603657,0.30091270015675536,3413.5135,3415.811735638604,3433.0586886982546,3508.8347147491127,0.51253121630225,-3.0666972356936615,3.5792284519959114,19.07100428161679,3389.8074587757783,3413.5135,3437.2195412242218,-47.41208244844347,1018.8512975575175,1.0184956612291292
2019-01-30 07:00:00,3423.21,3430.0,3417.44,3428.83,824.12413,2019-01-30 07:59:59.999,2821033.53363921,5856,483.253356,1654346.8197077,0,55.15488921716891,0.3095151027572567,3415.689,3417.0515703396895,3432.8928577689117,3508.038647935689,1.3744093537084154,-2.1784759178132465,3.552885271521662,18.605932547215588,3395.0954211336493,3415.689,3436.2825788663504,-41.18715773270105,1000.30585302823,0.8238721462092076
2019-01-30 08:00:00,3429.24,3436.27,3422.99,3433.15,768.952947,2019-01-30 08:59:59.999,2637517.7115972,5748,460.651705,1579981.2292712,0,56.96339979195933,0.6821334412547096,3417.6409999999996,3418.584754116862,3432.902941777974,3507.293487259712,2.378622602631367,-1.2670562137243238,3.645678816355691,18.225508793843062,3398.296582717528,3417.6409999999996,3436.985417282471,-38.688834564943136,978.2722429303033,0.7860316517789454
2019-01-30 09:00:00,3432.59,3434.65,3422.5,3428.28,952.66997,2019-01-30 09:59:59.999,3267614.94732384,6069,551.908352,1893194.97234273,0,54.30467685176731,0.5054177025188868,3418.5850000000005,3419.508110867637,3432.7216499435435,3506.5072834063817,2.7498025258314556,-0.4636844658131679,3.2134869916446234,17.79154387999714,3399.0917768861373,3418.5850000000005,3438.0782231138637,-38.98644622772645,975.8339312226553,0.9762623941620554
2019-01-30 10:00:00,3427.98,3439.95,3425.0,3434.94,729.833911,2019-01-30 10:59:59.999,2505891.49291597,7721,429.060304,1473002.20355638,0,57.24372685675433,1.1838868841593653,3419.3115000000007,3420.9778145945284,3432.8086440634047,3505.7951711336814,3.540558277331911,0.33716408281584787,3.203394194516063,17.58857645999733,3398.493837180615,3419.3115000000007,3440.1291628193862,-41.635325638771064,952.4053578681168,0.7663059693759754
2019-01-30 11:00:00,3434.94,3447.9,3422.54,3429.25,1041.989387,2019-01-30 11:59:59.999,3578834.62640356,9798,516.642637,1774681.45600228,0,54.045442875317086,0.7468058040501456,3419.4430000000007,3421.7656417760018,3432.669089394252,3505.033527639814,3.665844882896181,1.0029002428319145,2.6629446400642665,18.143678141426104,3398.3989588632107,3419.4430000000007,3440.4870411367906,-42.08808227357986,960.9371701663914,1.0843470513473572
2019-01-30 12:00:00,3429.62,3470.0,3428.72,3457.74,2816.208139,2019-01-30 12:59:59.999,9721671.81237162,19470,1672.999531,5776550.23753151,0,64.68480511419911,1.2625086759033826,3421.4010000000007,3425.1917711306683,3433.652262359183,3504.562945275239,5.994934446995103,2.0013070836645523,3.9936273633305506,19.796272559895684,3394.284155050808,3421.4010000000007,3448.5178449491937,-54.23368989838582,1137.6296433886398,2.475505236142937
2019-01-30 13:00:00,3457.79,3476.36,3452.0,3458.82,2350.644001,2019-01-30 13:59:59.999,8138873.48653202,16214,1267.060831,4388034.00528526,0,65.01546318571246,1.1250343533099054,3423.643500000001,3428.394459594414,3434.6392324627445,3504.1077915909086,7.837555222890387,3.1685567115097193,4.668998511380668,20.122253091331714,3392.0634554848702,3423.643500000001,3455.223544515132,-63.16008903026159,1253.1548203040074,1.875780999214246
2019-01-30 14:00:00,3458.9,3463.89,3450.0,3462.45,1260.303697,2019-01-30 14:59:59.999,4357371.54307581,10346,654.286412,2262328.87216949,0,66.16225986064826,1.0456368082833791,3426.095500000001,3431.637844394946,3435.7298507975393,3503.6932862019444,9.481459759869722,4.43113732118172,5.050322438688002,19.677092156236583,3390.5008667705983,3426.095500000001,3461.6901332294033,-71.18926645880492,1253.8356657036256,1.0051585957181595
2019-01-30 15:00:00,3462.64,3468.0,3450.21,3464.01,994.558197,2019-01-30 15:59:59.999,3440757.62832162,6718,508.319138,1758934.5097742,0,66.66793909541435,0.8888914777675321,3428.324,3434.7209068335223,3436.8388762564596,3503.2984276327707,10.785812775908653,5.702072412127107,5.083740363781546,19.54229985936254,3389.089121639045,3428.324,3467.558878360955,-78.46975672191002,1229.1425734461375,0.809147952797343
2019-01-30 16:00:00,3464.03,3470.0,3454.97,3458.56,1158.854429,2019-01-30 16:59:59.999,4011717.84068056,6729,659.619932,2283984.65913445,0,63.119062513201975,1.0323613439977608,3430.6045,3436.9912966589013,3437.690685030716,3502.8532691488626,11.250068697011557,6.811671669103998,4.438397027907559,19.219992726550945,3389.859137474094,3430.6045,3471.349862525906,-81.49072505181175,1222.4484644512672,0.9479781460727562
2019-01-30 17:00:00,3459.5,3469.0,3458.54,3465.6,710.46086,2019-01-30 17:59:59.999,2461379.17062896,5751,368.810526,1277801.61331717,0,65.66185836466781,1.072377458200027,3432.9720000000007,3439.7159350723396,3438.7851679706882,3502.4825898538493,12.04719149904895,7.8587756350929885,4.188415863955961,18.594278960368737,3389.817865185615,3432.9720000000007,3476.126134814386,-86.30826962877109,1173.6877402178134,0.6053235759863628
2019-01-30 18:00:00,3465.74,3478.0,3462.62,3469.7,867.683081,2019-01-30 18:59:59.999,3010857.26749166,6857,483.549457,1677993.77449059,0,67.08516070103148,1.0646199554345055,3435.9625,3442.571560303545,3439.997514324779,3502.1563949299307,12.861493506354236,8.859319209345239,4.002174297008997,18.36468760605669,3391.28086035851,3435.9625,3480.6441396414903,-89.36327928298033,1144.5444393399264,0.7581034437600379
2019-01-30 19:00:00,3469.72,3470.87,3456.74,3458.77,728.274503,2019-01-30 19:59:59.999,2522316.58560131,6042,386.898968,1340087.48060027,0,59.951074764955706,0.8893672628840054,3438.3490000000006,3444.1142688460645,3440.733690233611,3501.7246895077424,12.481000851036697,9.583655537683532,2.8973453133531653,18.06220991990979,3394.1764298496946,3438.3490000000006,3482.5215701503066,-88.345140300612,1104.8996834980285,0.6591317871449996
2019-01-30 20:00:00,3458.65,3460.77,3446.82,3453.7,1030.770651,2019-01-30 20:59:59.999,3560218.01371423,7148,585.969928,2024043.26189413,0,56.92693304575344,0.5461521889756376,3441.2965000000004,3445.0271956226297,3441.242172969548,3501.2468319007003,11.636215997428735,9.994167629632573,1.6420483677961624,17.768480639916223,3401.7482588254597,3441.2965000000004,3480.844741174541,-79.09648234908127,1097.8397756410734,0.9389080937590287
2019-01-30 21:00:00,3453.7,3457.5,3448.04,3456.27,410.138002,2019-01-30 21:59:59.999,1416670.23435921,4680,236.993145,818670.49201729,0,58.08124550639213,0.7879273893708532,3443.9185000000007,3446.097938896665,3441.831499519762,3500.7993012350216,11.046755317281168,10.204685167162292,0.8420701501188752,17.17501773706507,3408.0465920496313,3443.9185000000007,3479.79040795037,-71.74381590073881,1032.3443686276378,0.39728797333899635
2019-01-30 22:00:00,3456.25,3468.63,3454.42,3468.37,385.756504,2019-01-30 22:59:59.999,1334923.83039851,4610,234.459074,811337.90683245,0,63.095779243467724,0.3074262379473329,3446.6055000000006,3448.219087573173,3442.872225028791,3500.476621620743,11.424280364831702,10.448604206696174,0.9756761581355278,16.96323075584614,3411.940393336384,3446.6055000000006,3481.270606663617,-69.33021332723274,970.7645719964341,0.3973739000452697
2019-01-30 23:00:00,3468.49,3469.0,3452.0,3458.18,556.859658,2019-01-30 23:59:59.999,1927791.80982241,5307,234.752515,812810.29077556,0,56.92040007699693,-0.018503420241594747,3448.497500000001,3449.1677458995373,3443.472529929623,3500.055759714069,10.776993375136044,10.514282040384149,0.262711334751895,16.96585713042856,3415.793307527733,3448.497500000001,3481.201692472269,-65.40838494453601,931.3450563777261,0.5979090716020874
2019-01-31 00:00:00,3457.5,3489.2,3456.75,3480.71,1148.326231,2019-01-31 00:59:59.999,3987443.20319808,8333,674.004185,2340780.832033,0,65.06235416525777,0.5273722364221929,3451.2020000000007,3452.1717700995814,3444.9328228735594,3499.8632645925363,11.944309911698383,10.800287614646995,1.1440222970513876,18.071867335397936,3417.195301836255,3451.2020000000007,3485.2086981637462,-68.01339632749114,952.009930151276,1.2062124507645935
2019-01-31 01:00:00,3481.18,3481.7,3468.0,3472.65,763.633559,2019-01-31 01:59:59.999,2653443.19319453,6491,426.093809,1480730.91108879,0,60.646438005038576,0.24942191275428974,3453.1600000000008,3454.122077709145,3446.019770996165,3499.5924858403723,12.079793694911586,11.056188830699913,1.0236048642116735,17.759591097155216,3418.9384610761595,3453.1600000000008,3487.381538923842,-68.44307784768262,934.069323374964,0.8175341378741052
2019-01-31 02:00:00,3471.36,3476.98,3462.97,3470.68,780.394866,2019-01-31 02:59:59.999,2707813.04920411,5607,414.264077,1437369.48496585,0,59.581996102716545,0.3504348630643936,3455.533000000001,3455.6990226892262,3446.986838800237,3499.3047994141,11.891129494353208,11.223176963430573,0.6679525309226353,17.491763161644148,3423.543809654703,3455.533000000001,3487.5221903452984,-63.97838069059526,919.4336607678246,0.8487777849554556
2019-01-31 03:00:00,3470.63,3472.63,3463.46,3465.32,473.973271,2019-01-31 03:59:59.999,1643900.65043542,4724,236.136323,819134.8991331,0,56.66768837345068,-0.008079409048930787,3457.357500000001,3456.6153062426333,3447.705786298267,3498.966642206,11.180225867199624,11.214586744184384,-0.03436087698475987,16.897351507240998,3427.703801996825,3457.357500000001,3487.011198003177,-59.307396006352064,877.0088617423174,0.5404429666290678
2019-01-31 04:00:00,3465.32,3467.77,3455.3,3466.2,794.965741,2019-01-31 04:59:59.999,2751916.56727915,5714,392.386921,1358529.20677931,0,57.03921940134298,-0.1008732743464853,3459.0100000000007,3457.528134219526,3448.431049580688,3498.6406059651445,10.56603953974627,11.084877303296762,-0.5188377635504917,16.581112113866627,3431.424934627966,3459.0100000000007,3486.595065372035,-55.170130744068956,869.1952311954301,0.9145997498245129
2019-01-31 05:00:00,3467.7,3470.81,3465.0,3466.94,802.4632,2019-01-31 05:59:59.999,2783078.08992743,4764,350.619876,1216018.44477175,0,57.37022096384983,0.2362111386417736,3460.943,3458.4245023890944,3449.1568907736023,3498.3251770500688,10.023460057670036,10.872593854171418,-0.8491337965013823,15.81174696287615,3437.286388951155,3460.943,3484.5996110488454,-47.313222097690414,862.8397996530082,0.930025713142476
2019-01-31 06:00:00,3465.77,3478.0,3464.07,3473.0,532.47824,2019-01-31 06:59:59.999,1847553.40964783,4747,304.48783,1056621.55501944,0,60.08257271690558,0.5588209746069486,3462.846000000001,3459.812645018704,3450.0919146648334,3498.0731852386252,9.96755351122738,10.691585785582612,-0.724032274355233,15.677336465527842,3442.0459267207625,3462.846000000001,3483.6460732792393,-41.60014655847681,831.3767939717693,0.6404776316357961
2019-01-31 07:00:00,3473.02,3480.0,3466.52,3476.57,744.647213,2019-01-31 07:59:59.999,2587045.91814397,5318,378.011867,1313256.7044171,0,61.631352581993426,0.5873383734488389,3465.2120000000004,3461.4085835883516,3451.130270952487,3497.85922319645,10.094948057333568,10.572258239932804,-0.4773101825992363,15.520383860847284,3450.6825212901604,3465.2120000000004,3479.7414787098405,-29.058957419680155,823.1168338792199,0.9046677000767862
2019-01-31 08:00:00,3477.08,3477.08,3432.02,3442.98,2381.290685,2019-01-31 08:59:59.999,8208693.10613863,12970,1116.176113,3847189.66683454,0,44.23898296258047,-0.7320441590718371,3464.4740000000006,3459.653480389461,3450.810652483762,3497.313161274097,7.400172296506753,9.937841051247593,-2.5376687547408405,17.63035644221533,3447.1213695001634,3464.4740000000006,3481.826630499838,-34.705260999674465,971.5143435097705,2.4511122258855784
2019-01-31 09:00:00,3442.98,3449.0,3426.7,3444.56,1897.078062,2019-01-31 09:59:59.999,6525817.63724043,10348,1016.33402,3496358.56089802,0,45.024861014390105,-0.39384878751250346,3463.7610000000004,3458.216006066655,3450.565528856948,3496.7882541967433,5.330588184217959,9.016390477841666,-3.6858022936237074,17.963902410628535,3444.3772152410934,3463.7610000000004,3483.1447847589075,-38.76756951781408,1059.6632690802685,1.7902649996036601
2019-01-31 10:00:00,3444.56,3454.23,3418.8,3425.7,5387.615012,2019-01-31 10:59:59.999,18516858.35211171,27246,2450.839863,8423373.01875799,0,38.11876543159998,-1.5804246834697582,3461.9235,3455.1192435841167,3449.590410078244,3496.0809083838403,2.1438702821769766,7.641886438708729,-5.498016156531753,19.211480809869343,3436.11401314769,3461.9235,3487.7329868523098,-51.61897370461975,1471.8491493583383,3.660439668255924
2019-01-31 11:00:00,3425.69,3434.14,3420.01,3427.81,2364.034575,2019-01-31 11:59:59.999,8099642.7004107,13557,1298.150608,4447886.00155096,0,39.241590374687284,-1.2912329201042474,3460.1135,3452.5183632427725,3448.736276349686,3495.4015958626082,-0.20895850468878052,6.071717450029228,-6.280675954718008,18.84851789487865,3430.1733103054125,3460.1135,3490.0536896945873,-59.88037938917478,1556.8191898956395,1.5185029773165064
2019-01-31 12:00:00,3427.79,3444.88,3420.3,3437.62,1848.117485,2019-01-31 12:59:59.999,6342462.78343833,10420,1035.415556,3553854.19810636,0,44.30176763131615,-0.952551085089952,3459.0665,3451.0994715053653,3448.300343943816,3494.826654610244,-1.2673974857980284,4.603894462863777,-5.871291948661805,19.257909473815886,3427.47839079482,3459.0665,3490.65460920518,-63.17621841035998,1584.5618846674834,1.1663271109085291
2019-01-31 13:00:00,3437.36,3444.0,3433.63,3441.62,1056.436893,2019-01-31 13:59:59.999,3632361.86318906,7208,535.433845,1841270.71626552,0,46.26683490567608,-0.6839195225837807,3457.8675,3450.1966646953306,3448.03836967151,3494.297235161386,-1.7631272005041865,3.3304901301901846,-5.0936173306943715,18.623058797114744,3425.5124539443445,3457.8675,3490.222546055655,-64.71009211131059,1534.2642664134373,0.6885625352336288
2019-01-31 14:00:00,3441.62,3441.62,3423.06,3429.0,1206.04063,2019-01-31 14:59:59.999,4139497.2168665,9478,662.895847,2275405.64447279,0,41.314372186509885,-1.0732213951878085,3455.8324999999995,3448.1779347243464,3447.2917669392937,3493.647511428437,-3.1381504561800284,2.036762012916142,-5.174912469096171,18.61855459732083,3421.5487528148833,3455.8324999999995,3490.1162471851158,-68.56749437023245,1503.0048724693004,0.8024196408748727
2019-01-31 15:00:00,3429.28,3440.7,3427.16,3436.56,762.436383,2019-01-31 15:59:59.999,2617487.30681085,6637,394.951226,1355934.4310109,0,45.10516486715268,-0.8762770627700539,3454.7219999999993,3447.0714647505993,3446.8709133338316,3493.079476488851,-3.5766085572799966,0.9140878988769143,-4.490696456156911,18.255800697512196,3419.4153168097732,3454.7219999999993,3490.0286831902254,-70.61336638045213,1432.474540138891,0.5322512628574013
2019-01-31 16:00:00,3435.82,3440.81,3426.01,3427.2,899.702027,2019-01-31 16:59:59.999,3088603.6885857,7743,485.552299,1666922.02963729,0,41.52846200330338,-1.3187446012093345,3453.397,3445.1789442981612,3446.099504967799,3492.4239593098573,-4.626037456349877,-0.19393717216844397,-4.432100284181433,18.008957790547022,3416.001609290502,3453.397,3490.792390709498,-74.79078141899572,1381.7343007923298,0.6511396774937719
2019-01-31 17:00:00,3427.2,3436.04,3425.0,3428.3,854.34059,2019-01-31 17:59:59.999,2931103.44019397,6547,468.815928,1608575.54433279,0,42.1094481767834,-1.3884374541574016,3451.9985,3443.5714257935742,3445.4014851651405,3491.7859099634907,-5.307771921929998,-1.2167041221207548,-4.0910677998092435,17.511175091222235,3412.9979287356264,3451.9985,3490.999071264374,-78.00114252874755,1331.5063283359173,0.641634644776892
2019-01-31 18:00:00,3429.02,3430.47,3419.33,3424.63,854.720875,2019-01-31 18:59:59.999,2926870.83144631,7221,424.395896,1453579.47119718,0,40.65792313538973,-0.532968533073091,3449.8115,3441.7674804799003,3444.586917119449,3491.117691953904,-6.074170469926685,-2.188197391681941,-3.885973078244744,17.056091156134922,3409.7843748419136,3449.8115,3489.838625158086,-80.05425031617233,1286.0981899229728,0.6645844630659118
2019-01-31 19:00:00,3425.22,3443.0,3419.33,3434.28,951.226439,2019-01-31 19:59:59.999,3264556.12622593,7066,583.991511,2004204.02518999,0,45.93515168920689,-0.2984416006688734,3448.6165,3441.054387100862,3444.1827242912354,3490.552142780233,-5.835603287075628,-2.9176785707606783,-2.9179247163149498,17.528513216411003,3408.2160147110962,3448.6165,3489.016985288904,-80.80097057780767,1254.205642216023,0.758429405021096
2019-01-31 20:00:00,3433.58,3447.52,3427.19,3447.5,726.813333,2019-01-31 20:59:59.999,2499748.64905143,6450,433.31502,1490777.80793618,0,52.20573285614086,0.6363662901012985,3446.956,3441.6682549960183,3444.3128135347165,3490.1237632500815,-4.527602180431586,-3.23966329269486,-1.287938887736726,17.728619415238786,3409.485857837418,3446.956,3484.4261421625824,-74.94028432516461,1203.9778032430686,0.6036766882597295
2019-01-31 21:00:00,3447.16,3448.0,3435.44,3441.94,633.994405,2019-01-31 21:59:59.999,2181612.35595339,5489,337.635646,1161880.19291711,0,49.60015611874731,0.41221654642468836,3445.4205,3441.6941354725877,3444.219762023551,3489.6443228197327,-3.894751146103772,-3.3706808633766427,-0.5240702827271293,17.359432314150297,3409.91845174182,3445.4205,3480.9225482581805,-71.00409651636073,1149.693670077062,0.5514463735000859
2019-01-31 22:00:00,3441.15,3449.58,3437.03,3445.65,633.345852,2019-01-31 22:59:59.999,2182097.30381075,6460,380.729301,1311857.40374244,0,51.34515660350431,0.2335918455210349,3444.169,3442.0708844751985,3444.2758497873333,3489.2065683638148,-3.0585886417602524,-3.3082624190533645,0.24967377729311213,17.015901434568114,3410.710263181741,3444.169,3477.6277368182587,-66.91747363651757,1100.5176874030562,0.575498112615106
2019-01-31 23:00:00,3446.44,3447.0,3425.36,3434.1,1109.114686,2019-01-31 23:59:59.999,3808739.53449265,7562,525.191216,1803113.19946024,0,46.00488805645877,-0.2185017520818679,3442.608,3441.311752620418,3443.8767968544967,3488.658244300493,-3.2899873789074263,-3.304607411024177,0.014620032116750892,17.34619418924181,3410.4149993877427,3442.608,3474.8010006122577,-64.38600122451498,1101.3364491741938,1.0070625437228
2019-02-01 00:00:00,3434.1,3440.15,3425.0,3430.74,1230.459697,2019-02-01 00:59:59.999,4223078.65362582,7537,699.473646,2400860.64973299,0,44.553163777800954,0.05074365704286327,3440.8349999999996,3440.304919037521,3443.361628350399,3488.08194336218,-3.70182414016017,-3.384050756851376,-0.3177733833087939,17.189323175724546,3410.2469201063773,3440.8349999999996,3471.423079893622,-61.176159787244615,1113.6339013480801,1.1049050280442247
2019-02-01 01:00:00,3430.74,3432.03,3401.2,3412.75,1891.770782,2019-02-01 01:59:59.999,6468918.38918859,11315,1010.756834,3457305.55632198,0,37.69456407523041,-0.6928440067974936,3438.1254999999996,3437.6806410339477,3442.161172336658,3487.3323717864373,-5.417401954358866,-3.7907209963528743,-1.6266809580059913,18.16365723460139,3407.6737646074043,3438.1254999999996,3468.577235392595,-60.90347078519062,1187.742175695882,1.5927453118279962
2019-02-01 02:00:00,3412.79,3421.49,3403.02,3416.25,1166.851772,2019-02-01 02:59:59.999,3981256.00403097,7405,580.768144,1981941.09239339,0,39.641349094158315,-0.3195028011204429,3435.287999999999,3435.639627602143,3441.1450479312994,3486.6250845049804,-6.420576572841583,-4.316692111650616,-2.103884461190967,18.18553886070128,3408.119936240862,3435.287999999999,3462.456063759136,-54.336127518274225,1185.7526134391314,0.9840600465688101
2019-02-01 03:00:00,3415.97,3423.24,3410.0,3418.5,648.415115,2019-02-01 03:59:59.999,2215832.66172735,5472,348.855467,1192073.51565904,0,40.9193653147118,-0.2858559635971234,3432.3845000000006,3434.0072821162244,3440.257006835954,3485.9472229676176,-6.953883449739351,-4.844130379268362,-2.1097530704709886,17.832286084936886,3412.3056045858602,3432.3845000000006,3452.463395414141,-40.15779082828067,1134.5776135877854,0.5715035333277624
2019-02-01 04:00:00,3418.84,3420.24,3411.0,3415.84,812.103226,2019-02-01 04:59:59.999,2774088.39464178,5838,403.612022,1378712.49650448,0,39.845234849390906,-0.2566700636273105,3431.0274999999992,3432.277064771822,3439.299477156113,3485.249638659482,-7.504663670104037,-5.376237037435498,-2.128426632668539,17.218551364584236,3410.3055483798776,3431.0274999999992,3451.749451620121,-41.443903240243344,1103.8657671508536,0.7356901990865149
2019-02-01 05:00:00,3414.76,3422.0,3414.35,3419.81,645.712132,2019-02-01 05:59:59.999,2207411.78093067,5234,306.787779,1048811.98512264,0,42.280489269114156,-0.42134013534133075,3429.79,3431.089725269744,3438.5351839343048,3484.5984979763034,-7.533968245374126,-5.807783279023224,-1.7261849663509024,16.535083409971083,3409.519605721403,3429.79,3450.060394278597,-40.54078855719399,1060.232087612677,0.6090290414186096
2019-02-01 06:00:00,3419.03,3427.05,3412.66,3427.05,848.61184,2019-02-01 06:59:59.999,2903009.71616336,6824,375.579703,1284798.20228702,0,46.531616488344255,-0.5931834662799077,3429.857499999999,3430.704989529768,3438.084784564332,3484.0258761058926,-6.893520624912071,-6.024930748200994,-0.8685898767110771,16.381863166401743,3409.6355183437786,3429.857499999999,3450.0794816562197,-40.443963312441156,1040.0777783162316,0.8159119036018697
2019-02-01 07:00:00,3426.26,3428.51,3412.41,3420.03,1224.817307,2019-02-01 07:59:59.999,4187582.73769501,8141,609.117004,2082586.75324883,0,43.208583026694775,-0.6365596146359278,3429.4684999999995,3429.6883238602663,3437.3767537971034,3483.389101219267,-6.873186784095196,-6.194581955379834,-0.6786048287153621,16.36173008308736,3408.7865900047436,3429.4684999999995,3450.1504099952554,-41.36381999051173,1057.672019143257,1.1580313034962721
2019-02-01 08:00:00,3419.44,3452.74,3417.81,3437.98,1397.748432,2019-02-01 08:59:59.999,4795647.644817,7280,783.438355,2688350.64720231,0,52.541413870041346,-0.22259950952650653,3429.4864999999995,3430.4780073021457,3437.400410510943,3482.937269366339,-5.347019965402978,-6.025069557384463,0.6780495919814848,17.688035077152534,3408.7741144096976,3429.4864999999995,3450.1988855903014,-41.424771180603784,1090.0602489391374,1.282267134647199
2019-02-01 09:00:00,3437.78,3439.68,3429.09,3434.64,1022.623191,2019-02-01 09:59:59.999,3512532.3445877,5833,584.538704,2007755.6276627,0,50.86636272969083,0.015724644011530346,3429.1375,3430.874387559084,3437.2921591183567,3482.456699521898,-4.356809267391782,-5.691417499385928,1.334608231994146,17.18103257164162,3409.060466380797,3429.1375,3449.2145336192025,-40.15406723840533,1083.637671992553,0.9436947583408006
2019-02-01 10:00:00,3433.87,3446.0,3429.83,3444.85,917.895399,2019-02-01 10:59:59.999,3154149.12375564,5795,432.885217,1487595.17782069,0,55.53323397687698,0.4112815310982508,3429.9299999999994,3432.2053982677426,3437.588545035284,3482.082503506755,-2.71687998242669,-5.09650999599408,2.3796300135673905,17.10881595938151,3408.6599706777893,3429.9299999999994,3451.2000293222095,-42.54005864442024,1067.8526936123098,0.8595711791435976
2019-02-01 11:00:00,3444.02,3477.0,3442.95,3459.18,2430.310235,2019-02-01 11:59:59.999,8413439.17561245,12387,1402.165968,4855239.52985188,0,61.115702612871345,1.3604864112519182,3431.0609999999992,3434.7744079565286,3438.4352687593905,3481.8546178997226,-0.25793960266901195,-4.128795917329067,3.870856314660055,18.318900533711414,3406.2035555787156,3431.0609999999992,3455.918444421283,-49.714888842567234,1197.6105546968518,2.0292992788587925
2019-02-01 12:00:00,3460.56,3479.99,3458.59,3461.12,1715.684778,2019-02-01 12:59:59.999,5950182.76642998,9006,823.324902,2855699.75070362,0,61.8146235425751,1.3134284668862024,3432.7569999999996,3437.283511960669,3439.324866062944,3481.6483032937554,1.8262779552915163,-2.9377811428049503,4.7640590980964665,18.538979067017717,3404.599183771886,3432.7569999999996,3460.914816228113,-56.31563245622692,1246.9509569161992,1.3759039747986672
2019-02-01 13:00:00,3461.12,3470.99,3461.12,3469.83,953.865668,2019-02-01 13:59:59.999,3306370.4207338,7077,505.137189,1751038.31528013,0,64.86785394375352,1.5015357612988132,3434.8334999999993,3440.383177488224,3440.5211458251815,3481.5307082361064,4.133214469872655,-1.5235820202694295,5.656796490142085,17.919766276516444,3402.2777895137788,3434.8334999999993,3467.38921048622,-65.11142097244101,1219.0380722575137,0.7824740586104535
2019-02-01 14:00:00,3469.83,3475.0,3461.21,3467.0,918.701702,2019-02-01 14:59:59.999,3185761.46051393,6579,524.21965,1818014.17171054,0,63.102380424286466,1.4977282308304796,3436.9519999999993,3442.9181129655362,3441.55953226341,3481.3861240745537,5.667786218107267,-0.08530837259409019,5.753094590701357,17.62478297105098,3401.7825924806407,3436.9519999999993,3472.121407519358,-70.33881503871726,1190.4346084234649,0.7717363856017841
2019-02-01 15:00:00,3467.0,3469.45,3452.2,3463.02,831.633339,2019-02-01 15:59:59.999,2877668.24677129,6721,442.914618,1532730.53557486,0,60.604244640767185,1.2635204879803275,3438.388999999999,3444.83257839739,3442.4011192334724,3481.2033765713245,6.488002987030541,1.2293538993308362,5.2586490876997045,17.598012758833054,3401.3788563548956,3438.388999999999,3475.399143645103,-74.0202872902073,1156.2630589545636,0.7192423320623268
2019-02-01 16:00:00,3463.02,3464.95,3450.0,3457.31,766.557511,2019-02-01 16:59:59.999,2649285.26016707,6296,414.532866,1432768.45144387,0,57.1110092437575,0.8829751535577176,3438.8794999999996,3446.0209042643055,3442.9857812243167,3480.965631530814,6.601187031206791,2.3037205257060274,4.297466505500764,17.408868990344967,3401.108728523971,3438.8794999999996,3476.650271476028,-75.54154295205717,1119.1482448636527,0.684947248515223
2019-02-01 17:00:00,3458.33,3468.0,3457.05,3459.99,921.624241,2019-02-01 17:59:59.999,3190518.33061151,5990,523.762691,1813081.39503021,0,58.32518582148579,1.1684108034139928,3439.7819999999997,3447.3512943343717,3443.6526133331668,3480.7569187792633,6.828425960049117,3.2086616125746454,3.6197643474744714,16.947521205320314,3400.8583378149688,3439.7819999999997,3478.7056621850306,-77.84732437006187,1100.3364349718763,0.8375840440324562
2019-02-01 18:00:00,3459.99,3473.65,3458.05,3472.01,685.637845,2019-02-01 18:59:59.999,2375986.67314138,5398,477.519356,1654868.77817759,0,63.33825312809627,0.989825420741255,3441.0999999999995,3449.699742493003,3444.7646677122584,3480.6698847615594,7.887505736662661,4.1444304373922485,3.743075299270412,16.851269690654572,3399.6373659658193,3441.0999999999995,3482.5626340341796,-82.92526806836031,1060.841331165031,0.6463151697219628
2019-02-01 19:00:00,3472.22,3488.0,3467.95,3474.52,1475.497823,2019-02-01 19:59:59.999,5130886.18748701,8462,848.5079,2950341.33685222,0,64.3038701945405,1.1611114993128862,3443.121,3452.0635765412885,3445.9315434882483,3480.60869187836,8.827610909374926,5.0810665317887835,3.746544377586142,17.0797504270364,3399.225981268104,3443.121,3487.016018731896,-87.79003746379203,1100.3324256255044,1.3409564133868235
2019-02-01 20:00:00,3475.01,3484.0,3474.41,3476.15,925.713665,2019-02-01 20:59:59.999,3220752.0710351,6591,461.454647,1605527.23424492,0,64.94950144652596,0.9086026967792555,3445.3914999999997,3454.3575216325944,3447.116580998513,3480.5643267850432,9.593589481621166,5.9835711217552605,3.6100183598659052,16.54476825367667,3399.5388929915252,3445.3914999999997,3491.244107008474,-91.70521401694896,1083.7020674706944,0.8542141726836129
2019-02-01 21:00:00,3476.17,3483.56,3467.43,3482.43,695.977427,2019-02-01 21:59:59.999,2417683.18188511,5637,395.190754,1372955.58642936,0,67.3962413479688,0.6721246075659549,3448.8755,3457.0310910009184,3448.501420959356,3480.58289069763,10.585355149545194,6.903927927313248,3.681427222231946,16.51514194984263,3402.877078299387,3448.8755,3494.873921700613,-91.99684340122622,1046.7759112353901,0.6648771905522906
2019-02-01 22:00:00,3482.62,3485.0,3470.33,3475.3,499.740555,2019-02-01 22:59:59.999,1736294.87814804,4506,255.808264,888757.71788361,0,62.096268130427184,0.40969397189349954,3451.828,3458.770987096069,3449.552345627617,3480.5303246210365,10.672973776555864,7.657737097161771,3.015236679394093,16.383346096282448,3407.083588717105,3451.828,3496.572411282895,-89.48882256578963,994.6773058796388,0.5024147550627552
2019-02-01 23:00:00,3474.5,3486.63,3461.29,3462.07,632.522477,2019-02-01 23:59:59.999,2197578.12896774,6196,322.992948,1122385.44194001,0,53.66346927006144,-0.22364208044773848,3454.0065000000004,3459.085178801205,3450.0432340343773,3480.3466397989364,9.564606902828928,8.039111058295203,1.525495844533724,17.02310708940514,3411.9313245336207,3454.0065000000004,3496.08167546638,-84.15035093275947,960.1863697958637,0.6587496937021452
2019-02-02 00:00:00,3462.2,3470.45,3460.43,3460.88,794.084066,2019-02-02 00:59:59.999,2751566.04476921,5415,424.307665,1470215.58111265,0,52.96671271760053,-0.17652148831842776,3456.2585000000004,3459.2561141534716,3450.4682052487155,3480.1529418904893,8.492301153865355,8.129749077409235,0.36255207645612053,16.52288515444763,3418.1501915952167,3456.2585000000004,3494.366808404784,-76.21661680956731,944.3671027676862,0.8408637527427131
2019-02-02 01:00:00,3461.72,3463.92,3455.36,3459.43,492.77059,2019-02-02 01:59:59.999,1705219.07943919,5065,273.996921,948183.9003247,0,52.079405411939945,-0.10366674174564817,3458.2395000000006,3459.272674710284,3450.8196481801383,3479.9467434637186,7.439727690672953,7.991744800061979,-0.552017109389026,15.95410764341565,3424.207833338052,3458.2395000000006,3492.2711666619493,-68.0633333238975,901.3579110755256,0.546698025218431
2019-02-02 02:00:00,3459.3,3469.38,3457.17,3465.43,483.980305,2019-02-02 02:59:59.999,1677107.67268495,6184,275.504322,954691.82231176,0,55.40824975268421,0.23486467803002598,3460.1585000000005,3459.8590866426375,3451.3926031534666,3479.8022982551247,7.008911129018998,7.795178065853383,-0.7862669368343855,15.686671383171678,3429.3569270565604,3460.1585000000005,3490.9600729434405,-61.60314588688016,861.6076628778566,0.5617177351736368
2019-02-02 03:00:00,3465.75,3471.0,3461.99,3465.0,545.547534,2019-02-02 03:59:59.999,1890569.69701944,6623,318.745789,1104654.64364287,0,55.112771562693275,0.14479810635291485,3462.407,3460.348697438577,3451.9262265592133,3479.6550117053225,6.5572011604404,7.547582684770786,-0.9903815243303864,15.209766284373718,3438.0477206916594,3462.407,3486.766279308341,-48.71855861668155,831.5066982228226,0.6560951765824588
2019-02-02 04:00:00,3465.64,3469.0,3458.27,3459.22,487.332118,2019-02-02 04:59:59.999,1687320.67877166,6301,285.47007,988331.33641675,0,51.16317655724315,-0.3683745150503719,3463.469,3460.2412024444266,3452.2122568902246,3479.4516782555183,5.667488778672123,7.171563903551053,-1.5040751248789306,14.889782978347025,3441.901721763582,3463.469,3485.036278236418,-43.134556472836266,798.72816677303,0.6101351351723174
2019-02-02 05:00:00,3459.21,3460.25,3442.11,3452.0,829.1935,2019-02-02 05:59:59.999,2860869.61356711,8549,436.375529,1505654.79869165,0,46.66453587412045,-0.6481470821868914,3464.337,3459.4563260211476,3452.203933090608,3479.1785272281004,4.329879490634994,6.603227020967842,-2.273347530332848,15.121941337036514,3446.5973102145217,3464.337,3482.0766897854783,-35.47937957095655,801.6296270803605,1.0343847981517733
2019-02-02 06:00:00,3452.0,3453.28,3440.29,3447.89,936.495013,2019-02-02 06:59:59.999,3227833.64340095,7909,425.407334,1466377.56869089,0,44.27782718392137,-0.8129683701796591,3464.4889999999996,3458.3547711619904,3452.0347592439175,3478.8671985989654,2.9046884018234778,5.86351929713897,-2.958830895315492,14.969659812962496,3447.412655142712,3464.4889999999996,3481.565344857287,-34.15268971457499,814.4739495488975,1.1498157964643125
2019-02-02 07:00:00,3447.86,3456.52,3446.84,3453.55,662.180172,2019-02-02 07:59:59.999,2286011.50959369,7216,346.485067,1196210.36339634,0,48.206509707389806,-0.8293059731279496,3464.2074999999995,3457.8971739084673,3452.0941804500385,3478.615286175095,2.2064938062953843,5.132114198970252,-2.925620392674868,14.591826969179449,3446.5857504303476,3464.2074999999995,3481.8292495696514,-35.24349913930382,799.9697802585263,0.8277564832336581
2019-02-02 08:00:00,3453.09,3455.5,3443.4,3452.5,657.036084,2019-02-02 08:59:59.999,2267541.38499365,6771,360.158782,1243014.11074921,0,47.5369219557045,-0.6560584697723989,3463.7765,3457.383157345756,3452.110094942194,3478.3554325813134,1.5505693362229067,4.415805226420783,-2.8652358901978765,14.41383932852377,3445.4300306422324,3463.7765,3482.1229693577675,-36.69293871553509,786.3570472815237,0.8355442178224346
2019-02-02 09:00:00,3452.6,3466.49,3445.43,3464.74,804.087756,2019-02-02 09:59:59.999,2778002.01816593,6402,520.10526,1796928.38403271,0,55.326723916692295,0.07712149089994189,3463.522,3458.0838090271127,3452.605385336618,3478.2199556402056,1.9954083487164098,3.931725850879909,-1.936317502163499,14.888565090772069,3445.38913063027,3463.522,3481.65486936973,-36.265738739460176,788.0456862070929,1.0203567763566075
2019-02-02 10:00:00,3465.3,3469.99,3459.3,3465.12,679.994684,2019-02-02 10:59:59.999,2356317.60402386,5411,380.528845,1318704.05378681,0,55.54740071393734,0.12251219343056625,3463.4279999999994,3458.753922453102,3453.0961545391037,3478.0896078228902,2.351502636582154,3.615681208020358,-1.2641785714382041,14.588667584288322,3445.3516419597095,3463.4279999999994,3481.5043580402894,-36.15271608057992,777.7551145683221,0.8743043552692261
2019-02-02 11:00:00,3465.75,3481.59,3462.5,3477.67,1280.694555,2019-02-02 11:59:59.999,4450388.88190736,9120,555.105441,1928698.95528968,0,62.190290189267124,0.5272544899015225,3464.1604999999995,3460.5554536480445,3454.059834753257,3478.0854326206727,3.6048357380545895,3.6135121140272046,-0.008676375972615169,14.910191328267738,3444.9990150833414,3464.1604999999995,3483.3219849166576,-38.322969833316165,825.6541088951486,1.5511272107805107
2019-02-02 12:00:00,3477.83,3479.74,3468.17,3468.84,940.876467,2019-02-02 12:59:59.999,3266720.33318912,7794,521.153808,1809432.33550087,0,55.864726875727605,0.09840048709684827,3464.7369999999996,3461.3444580625164,3454.639449076659,3477.993438266238,3.8413236581477577,3.6590744228513152,0.18224923529644244,14.67160623339145,3445.750338643287,3464.7369999999996,3483.7236613567125,-37.97332271342566,836.6276668098964,1.1246059678944273
2019-02-02 13:00:00,3469.36,3474.88,3464.18,3465.55,506.093066,2019-02-02 13:59:59.999,1756139.99573579,5856,275.904384,957459.93855097,0,53.67413459792683,0.01587301587302112,3465.015,3461.7449858660866,3455.067313818751,3477.8696229601064,3.7203803059901475,3.671335599479082,0.04904470651106552,14.38792007386351,3446.1586203731363,3465.015,3483.8713796268635,-37.7127592537272,805.1481810184777,0.6285713337386096
2019-02-02 14:00:00,3465.06,3469.85,3456.49,3465.66,796.432823,2019-02-02 14:59:59.999,2758037.45924372,6931,424.570265,1470284.67903283,0,53.73945007964803,0.18616913639491142,3464.6975,3462.1178443550307,3455.482713276839,3477.748134174434,3.5920015508136203,3.6554687897459894,-0.06346723893236916,14.314497211444698,3446.12533987847,3464.6975,3483.2696601215303,-37.144320243060065,804.3181469214798,0.9901962625713957
2019-02-02 15:00:00,3466.93,3467.96,3453.39,3457.56,709.353782,2019-02-02 15:59:59.999,2454560.08341426,5774,291.694154,1009594.3273082,0,48.33522582472095,0.1610660486674376,3463.8495,3461.683763940266,3455.5641755012766,3477.547257217475,2.804331568258476,3.485241345448487,-0.6809097771900108,14.332747410627231,3445.620115421632,3463.8495,3482.0788845783677,-36.4587691567358,795.2739216908627,0.8919615778319695
2019-02-02 16:00:00,3457.56,3460.0,3444.01,3459.88,886.216331,2019-02-02 16:59:59.999,3059516.22815912,5912,506.023697,1746856.03258627,0,49.88960031594998,0.34774891310338313,3463.036,3461.5119768983363,3455.7334235208345,3477.3714636133213,2.3403242421168216,3.256257924782154,-0.9159336826653326,14.451122595582413,3445.6869901389555,3463.036,3480.3850098610446,-34.69801972208916,803.9351035298282,1.1023480963934782
2019-02-02 17:00:00,3459.87,3467.39,3454.02,3464.39,500.487499,2019-02-02 17:59:59.999,1731125.81998558,4427,261.418051,904267.68660359,0,52.85877165674,0.3138799206613395,3462.134,3461.78607433659,3456.072897108253,3477.2422948211492,2.309887456768138,3.066983831179351,-0.7570963744112134,14.373899553040806,3447.3433366576764,3462.134,3476.9246633423236,-29.581326684647138,775.0353316698446,0.645760881535142
2019-02-02 18:00:00,3465.61,3467.5,3458.01,3466.89,393.002971,2019-02-02 18:59:59.999,1360724.7553129,4011,205.114723,710198.67030307,0,54.4692695504899,0.416799420709627,3461.7135000000007,3462.27216249501,3456.497097221655,3477.139286912481,2.4591476681694076,2.9454165985773626,-0.48626893040795505,14.025049584966446,3448.06476954041,3461.7135000000007,3475.3622304595915,-27.297460919181503,738.6512973203356,0.5320548037020016
2019-02-02 19:00:00,3467.19,3479.0,3463.01,3468.19,611.181971,2019-02-02 19:59:59.999,2121007.95695427,5036,313.363794,1087643.58690171,0,55.32398532343818,0.0995745712521076,3462.019500000001,3462.8357660669135,3456.9556424286493,3477.0502392815115,2.6517686580914415,2.8866870104801787,-0.23491835238873726,14.165403186040257,3448.0661001501753,3462.019500000001,3475.9728998498263,-27.906799699650946,726.5113614803037,0.8412559023917888
2019-02-02 20:00:00,3468.9,3472.98,3457.56,3460.0,440.254639,2019-02-02 20:59:59.999,1525818.41190529,4192,233.536818,809495.02099242,0,49.073811138598195,-0.14775823059518547,3461.975500000001,3462.56569310816,3457.0750290000747,3476.8805851593074,2.11912961990447,2.733175532365037,-0.6140459124605671,14.255017244180243,3448.0014360919627,3461.975500000001,3475.949563908039,-27.94812781607652,699.2488164821794,0.629610846128933
2019-02-02 21:00:00,3460.32,3469.38,3457.58,3466.3,332.849845,2019-02-02 21:59:59.999,1153081.51429894,3751,178.876583,619653.77759467,0,53.43201407906471,-0.32694303944882325,3462.3190000000013,3462.9213413835732,3457.4367925686993,3476.775305704986,2.180234309417301,2.62258728777549,-0.44235297835818876,14.079658869595953,3448.270845373085,3462.3190000000013,3476.3671546269175,-28.09630925383226,664.3536763410195,0.5010130249194931
2019-02-02 22:00:00,3466.3,3474.0,3462.58,3467.14,471.424953,2019-02-02 22:59:59.999,1635291.29210098,4275,266.770932,925591.66445889,0,53.99730623132685,-0.04900773745690988,3462.404500000001,3463.3231183946614,3457.817310507182,3476.6794320163795,2.270270925879231,2.5521240153962386,-0.2818530895170075,13.88968323605339,3448.2561648180176,3462.404500000001,3476.5528351819844,-28.29667036396677,645.9795122133033,0.729783134119484
2019-02-02 23:00:00,3466.83,3526.4,3462.55,3504.77,2679.231276,2019-02-02 23:59:59.999,9373266.29676184,14309,1556.800996,5445820.45796603,0,70.98779455711315,1.1317106952720288,3464.393000000001,3467.270440452313,3459.658592448077,3476.9589401555204,5.316763762983555,3.1050519649137023,2.211711798069853,17.458277290620998,3440.729350684053,3464.393000000001,3488.056649315949,-47.327298631896156,839.6225373358459,3.1909949493510528
2019-02-03 00:00:00,3504.06,3511.09,3482.0,3494.7,1432.44861,2019-02-03 00:59:59.999,5008082.59098069,8895,758.956856,2653245.55647247,0,64.15877158551466,0.8379356313083212,3466.1670000000004,3469.882779456854,3461.0327652932506,3477.135468114172,6.839722381649608,3.851986048260884,2.987736333388724,18.289114627005223,3439.0661659867933,3466.1670000000004,3493.2678340132074,-54.201668026414154,896.0821633038606,1.5985683776123305
2019-02-03 01:00:00,3493.23,3495.19,3482.05,3487.84,617.349036,2019-02-03 01:59:59.999,2153401.98104644,5086,291.743683,1017709.10405436,0,59.92923348672263,0.8757620981270087,3467.9590000000003,3471.592990937154,3462.084029399398,3477.241980869255,7.407741557166901,4.563137150042087,2.8446044071248133,17.921320725076267,3440.0740786643446,3467.9590000000003,3495.843921335656,-55.76984267131138,869.5361511796834,0.7099751231302506
2019-02-03 02:00:00,3488.25,3494.96,3481.0,3481.63,628.755643,2019-02-03 02:59:59.999,2193280.83059998,4657,289.785451,1010880.08412318,0,56.31032889956334,0.6286345191162699,3469.6459999999997,3472.548896562187,3462.850538050402,3477.285642751153,7.272967503146447,5.10510322066296,2.167864282483487,17.63836924471368,3442.810579259552,3469.6459999999997,3496.4814207404474,-53.67084148089543,846.6046742101898,0.7426791537461986
2019-02-03 03:00:00,3481.41,3484.14,3470.0,3482.58,632.25344,2019-02-03 03:59:59.999,2200123.63536992,4577,346.108481,1204688.13880475,0,56.74069164566956,0.5250563591281598,3471.0975,3473.504239746741,3463.6242424405823,3477.3383229227834,7.160275950814139,5.516137766693196,1.6441381841209433,17.388485727234123,3444.79267084558,3471.0975,3497.40232915442,-52.60965830884015,826.1902709520765,0.765263719786255
2019-02-03 04:00:00,3483.06,3486.86,3470.36,3476.87,453.662153,2019-02-03 04:59:59.999,1579484.39358067,4061,233.130085,811799.04381488,0,53.33971409989893,0.287866070166634,3472.316,3473.8247883422896,3464.143683913501,3477.3336629932032,6.534887686727416,5.71988775070004,0.8149999360273759,17.325022461003112,3447.4183396575604,3472.316,3497.213660342439,-49.79532068487879,790.7114025756882,0.5737392321929677
2019-02-03 05:00:00,3476.04,3484.1,3473.17,3481.08,401.654326,2019-02-03 05:59:59.999,1397270.89066788,4143,199.747389,694980.55876755,0,55.45951350772843,0.37166360551180505,3473.133,3474.515760881119,3464.807853171795,3477.3709399783456,6.3062799278363855,5.837166186127309,0.4691137417090765,16.86823514236002,3448.209723118187,3473.133,3498.0562768818127,-49.84655376362571,753.6583476637179,0.5329395305513395
2019-02-03 06:00:00,3482.13,3484.71,3464.2,3470.93,639.548881,2019-02-03 06:59:59.999,2222951.18850317,5474,304.087111,1057181.62099658,0,49.60800593904286,0.3158959537572207,3473.4235000000003,3474.174259844822,3465.0479373611365,3477.306851023337,5.245618237219787,5.718856596345805,-0.4732383591260181,17.128361203620035,3448.759383917998,3473.4235000000003,3498.0876160820026,-49.328232164004476,742.7907794100305,0.8610081044731984
2019-02-03 07:00:00,3470.95,3472.0,3457.38,3462.54,863.747578,2019-02-03 07:59:59.999,2990713.35008389,5955,396.867426,1374262.92063684,0,45.3487150318013,-0.10847301156853757,3472.6669999999995,3473.066235097696,3464.9495868763865,3477.159917182309,3.6855486136628315,5.312194999809211,-1.6266463861463798,16.949192546218597,3447.6260423085205,3472.6669999999995,3497.7079576914784,-50.08191538295796,754.3104745138371,1.1450823065352453
2019-02-03 08:00:00,3462.99,3463.83,3447.44,3458.76,1340.848524,2019-02-03 08:59:59.999,4631295.70222274,7722,660.744291,2282438.6031885,0,43.53512206986264,-0.24169776818933342,3472.1629999999996,3471.7037365169626,3464.7068579792735,3476.9768334292517,2.1197328275297878,4.673702565353326,-2.5539697378235386,16.90925022148869,3446.4023044389196,3472.1629999999996,3497.9236955610795,-51.52139112215991,810.1712411315668,1.6550186626314158
2019-02-03 09:00:00,3458.78,3461.21,3453.13,3456.01,802.464211,2019-02-03 09:59:59.999,2774690.43473526,4824,381.856065,1320341.09179883,0,42.21248310391632,-1.3912467865223614,3471.686,3470.2090949439184,3464.3658047251843,3476.768208221001,0.6494243588781501,3.8688469240582912,-3.219422565180141,16.278589491382352,3445.0706072237754,3471.686,3498.301392776225,-53.23078555244956,809.4372382618938,0.9913853391810007
2019-02-03 10:00:00,3456.95,3474.94,3454.0,3466.7,698.941435,2019-02-03 10:59:59.999,2422237.85183124,5118,409.877546,1420399.47612411,0,48.73282845894237,-0.801213265802501,3471.738,3469.87489542545,3464.457341794785,3476.6680270446727,0.3428359648191872,3.1636447322104706,-2.8208087673912834,16.611547384855047,3445.1681543296068,3471.738,3498.307845670393,-53.13969134078616,798.9138284274277,0.8748646100866571
2019-02-03 11:00:00,3466.68,3471.0,3457.4,3463.7,519.718941,2019-02-03 11:59:59.999,1800616.81930121,4721,233.859371,810230.60004054,0,47.125800119694915,-0.6921189045369147,3472.0449999999996,3469.2868101468357,3464.427642116558,3476.538991949701,-0.14059181929906117,2.5027974219085647,-2.643389241207626,16.396436857365394,3446.0287981654524,3472.0449999999996,3498.061201834547,-52.03240366909449,772.323839148625,0.6729287827926104
2019-02-03 12:00:00,3462.69,3467.17,3455.29,3465.85,643.03954,2019-02-03 12:59:59.999,2226161.67980413,4761,326.345151,1129750.05550633,0,48.43809890506562,-0.4532359842947183,3472.3435,3468.959494894756,3464.4834208570855,3476.4326338208484,-0.34623362372985866,1.93299121278088,-2.2792248365107386,16.073834224696448,3446.781966996777,3472.3435,3497.905033003223,-51.1230660064457,760.0110487535179,0.8460923575448528
2019-02-03 13:00:00,3465.85,3473.44,3463.73,3469.36,1023.171833,2019-02-03 13:59:59.999,3549604.249261,6631,467.292855,1621101.1570093,0,50.59396727143553,-0.3796036271959237,3472.5919999999996,3468.997638238113,3464.674659254847,3476.3622593549694,-0.22340331525037982,1.5017123071746281,-1.725115622425008,15.619274637218133,3447.2604306800445,3472.5919999999996,3497.923569319955,-50.66313863991036,785.0739805865162,1.3032807841059828
2019-02-03 14:00:00,3468.46,3469.35,3457.42,3460.46,627.808205,2019-02-03 14:59:59.999,2174775.33110325,4896,329.517772,1141533.29288399,0,45.40946276879103,-0.4719762314955651,3472.2705,3468.1845298344833,3464.509378499755,3476.2040279186017,-0.8345943463250478,1.034450976474693,-1.8690453227997408,15.356469305988272,3446.475252396061,3472.2705,3498.065747603939,-51.59049520787812,770.0962876735147,0.8152333871088102
2019-02-03 15:00:00,3460.41,3466.01,3448.15,3463.5,1022.689031,2019-02-03 15:59:59.999,3537137.56000443,6650,556.284712,1924401.41284236,0,47.39247173572,-0.5050156847874777,3472.036,3467.738384135961,3464.4697950291766,3476.077619680606,-1.061429549060449,0.6152748713676646,-1.6767044204281136,15.535292926989118,3446.000410269158,3472.036,3498.0715897308423,-52.07117946168455,794.1527394188943,1.2877737244202327
2019-02-03 16:00:00,3462.8,3468.98,3459.07,3467.91,945.499758,2019-02-03 16:59:59.999,3276218.18177765,5799,519.068493,1798714.78735718,0,50.21756712183082,-0.087008381039087,3472.4315,3467.7547285039645,3464.6047050280326,3475.996349833038,-0.8752585022111816,0.31716819665189533,-1.192426698863077,15.13348628934703,3446.9309247536276,3472.4315,3497.9320752463727,-51.00115049274518,808.5667411885233,1.169352769333793
2019-02-03 17:00:00,3467.9,3467.9,3459.05,3460.0,459.889627,2019-02-03 17:59:59.999,1593171.65420091,4055,268.002214,928469.82876636,0,45.49802032755239,-0.0733565532816939,3472.1165,3467.0161829321587,3464.4241283602664,3475.837182173008,-1.350420690552255,-0.016349580788934726,-1.3340711097633204,14.685380125822219,3446.1457097074,3472.1165,3498.0872902926003,-51.94158058520043,775.3593969800926,0.5931309129562374
2019-02-03 18:00:00,3460.0,3467.95,3459.03,3466.88,567.366037,2019-02-03 18:59:59.999,1964961.80087913,4393,335.880041,1163284.23725583,0,49.90774849104418,0.23476621679445495,3472.1035000000006,3467.003213129096,3464.520437052021,3475.748055982232,-1.158477439930266,-0.244775152617201,-0.9137022873130649,14.273567259692033,3446.1219630129076,3472.1035000000006,3498.0850369870936,-51.963073974186045,755.5505055534171,0.7509306562959972
2019-02-03 19:00:00,3466.88,3468.99,3431.4,3445.6,1356.669961,2019-02-03 19:59:59.999,4682665.74542757,8314,602.628467,2081002.01879439,0,39.31275124788601,-0.3012144062083243,3469.145000000001,3464.964811878706,3463.778459128412,3475.4480753256926,-2.692442386708535,-0.7343085994354679,-1.9581337872730673,15.93902674114258,3445.4507986218487,3469.145000000001,3492.839201378153,-47.38840275630446,812.7999775007107,1.6691313958590923
2019-02-03 20:00:00,3445.6,3445.98,3431.23,3443.0,1290.387676,2019-02-03 20:59:59.999,4438122.83953848,9424,688.178145,2367075.4511961,0,38.244464449122106,-0.6836472726223735,3466.560000000001,3462.872925033115,3462.9636175939645,3475.1252089045415,-4.070991078495354,-1.4016450952474453,-2.6693459832479083,15.854096259632398,3443.328530417808,3466.560000000001,3489.7914695821937,-46.462939164385716,858.2845202149288,1.5034497833851943
2019-02-03 21:00:00,3443.0,3443.92,3426.0,3434.85,1151.481824,2019-02-03 21:59:59.999,3953636.42602007,6569,602.755048,2069864.50414454,0,35.03098371522733,-0.8329243294742591,3463.910500000001,3460.204075029961,3461.861122786358,3474.7244605572328,-5.754799984271358,-2.272276073052228,-3.48252391121913,16.001660812515805,3438.8805419707064,3463.910500000001,3488.9404580292953,-50.0599160585889,886.208072956364,1.2993357419535692
2019-02-03 22:00:00,3435.21,3452.0,3431.05,3450.86,728.43848,2019-02-03 22:59:59.999,2506866.53575516,5506,398.669736,1371797.92728479,0,44.83663172861159,-0.43250573452399216,3462.3720000000008,3459.3141631223457,3461.429706206501,3474.4870032382555,-5.731290722594167,-2.964079002960616,-2.767211719633551,16.355113611621807,3438.158630400351,3462.3720000000008,3486.5853695996507,-48.426739199299845,871.1823974367103,0.8361492175958706
2019-02-03 23:00:00,3451.73,3466.55,3445.3,3458.11,1019.50164,2019-02-03 23:59:59.999,3524148.38972119,6361,525.329754,1815732.99019242,0,48.61851417542057,-0.3242673000207531,3461.1485000000007,3459.1994809202174,3461.299521649383,3474.3240479821534,-5.069210352646223,-3.3851052728977375,-1.6841050797484858,16.70474835364882,3438.8362335836914,3461.1485000000007,3483.46076641631,-44.62453283261857,885.308039585595,1.1515784274106668
2019-02-04 00:00:00,3458.11,3471.84,3455.0,3462.51,849.644064,2019-02-04 00:59:59.999,2944212.62432703,5531,506.705395,1756147.37190637,0,50.82208354670721,0.0592406789848801,3460.4305,3459.5147684516255,3461.3469913886233,3474.206495265913,-4.141720486133181,-3.5364283155448266,-0.6052921705883545,16.714409185531057,3439.3586704888226,3460.4305,3481.5023295111773,-42.14365902235477,881.911470482205,0.9634119664363112
2019-02-04 01:00:00,3461.98,3471.27,3457.4,3468.79,637.542257,2019-02-04 01:59:59.999,2208082.57571837,4992,337.052389,1167407.45174451,0,53.86337171019061,0.15273567200808325,3459.8160000000003,3460.398123837185,3461.6388740792654,3474.1525997906306,-2.8668868814734196,-3.4025200287305455,0.5356331472571259,16.51123710085026,3440.6489686563873,3459.8160000000003,3478.983031343613,-38.334062687225924,858.6382120553283,0.7425039417636802
2019-02-04 02:00:00,3469.62,3471.29,3452.27,3456.3,715.265873,2019-02-04 02:59:59.999,2476224.33052529,5348,343.144332,1188080.44681392,0,47.56328192595741,-0.3347837746654231,3459.0845000000004,3460.0078263288815,3461.429506468314,3473.974961981769,-2.8317678250418794,-3.2883695879928125,0.45660176295093313,16.690434450789525,3440.598823638909,3459.0845000000004,3477.570176361092,-36.97135272218293,844.9837035738684,0.8464848138192189
2019-02-04 03:00:00,3457.71,3462.18,3452.49,3458.28,988.896218,2019-02-04 03:59:59.999,3419516.68806293,5516,571.732305,1977043.08133549,0,48.58985406870262,-0.04971098265895375,3458.8715000000007,3459.8432714404166,3461.305996410733,3473.818793205831,-2.6140333184357587,-3.153502334081402,0.5394690156456434,16.19040341859028,3440.4554289006173,3458.8715000000007,3477.287571099384,-36.83214219876663,858.6896573287381,1.151634015339507
2019-02-04 04:00:00,3458.28,3467.78,3456.9,3462.02,746.927303,2019-02-04 04:59:59.999,2586449.1094845,5619,315.97996,1094169.84550289,0,50.558801225236216,-0.14018368100424955,3459.0345000000007,3460.050578922282,3461.333996551489,3473.70139227841,-2.1153064734489817,-2.945863161954918,0.8305566885059363,15.811088888690982,3440.5649535432926,3459.0345000000007,3477.5040464567087,-36.93909291341606,848.045623583144,0.8807631125364447
2019-02-04 05:00:00,3461.06,3462.52,3453.18,3457.63,511.764886,2019-02-04 05:59:59.999,1769638.5894144,4331,284.607505,984208.9991507,0,48.22412232926,0.3491409333642965,3459.115500000001,3459.8200475963504,3461.188741784764,3473.5414779273815,-2.050659441354128,-2.76682241783476,0.7161629764806321,15.348868253784493,3440.6876406846036,3459.115500000001,3477.543359315398,-36.8557186307944,816.0188866704636,0.6271483348726317
2019-02-04 06:00:00,3457.87,3466.73,3456.02,3460.12,548.438838,2019-02-04 06:59:59.999,1898173.74458788,4446,272.249502,942445.91059981,0,49.64447765831763,0.49724077839093495,3458.7865000000006,3459.848614491936,3461.146830342224,3473.407930883328,-1.77800824023916,-2.56905958231564,0.79105134207648,15.017520521371319,3440.696938863645,3458.7865000000006,3476.8760611363564,-36.17912227271154,790.5350725113719,0.6937564911038285
2019-02-04 07:00:00,3460.3,3467.07,3457.59,3463.02,505.654708,2019-02-04 07:59:59.999,1750463.75409396,4536,283.408706,981075.57484529,0,51.3194526322006,0.8201231494825123,3458.7525,3460.15065120699,3461.2202879758624,3473.3045683869764,-1.3127913933230957,-2.317805944517131,1.0050145511940354,14.621983341273369,3440.699303898634,3458.7525,3476.8056961013663,-36.10639220273242,763.4036092245747,0.6623687678312361
2019-02-04 08:00:00,3463.02,3484.88,3459.0,3461.48,1483.342576,2019-02-04 08:59:59.999,5146802.4872675,9334,827.652428,2872684.75461855,0,50.36144968183921,0.3077493726201553,3458.534,3460.277255853943,3461.2304727611227,3473.186910990091,-1.056193676869043,-2.0654834909875137,1.0092898141184707,15.426127388325279,3440.738554811009,3458.534,3476.329445188991,-35.59089037798185,831.9692251079484,1.7829296219551096
2019-02-04 09:00:00,3462.78,3467.87,3445.49,3448.96,1933.850842,2019-02-04 09:59:59.999,6686119.97277577,10763,1012.507888,3501060.10735604,0,43.286748693157364,-0.26459540037766555,3457.5140000000006,3459.1994219630915,3460.7492777508824,3472.9458471991447,-1.8418656235003255,-2.0207599174900763,0.17889429398975087,15.92283257487348,3439.9948611122277,3457.5140000000006,3475.0331388877735,-35.038277775545794,936.91033147862,2.0640724912788837
2019-02-04 10:00:00,3448.98,3455.79,3444.13,3450.13,859.550618,2019-02-04 10:59:59.999,2965378.04447417,5611,515.147364,1777404.01218902,0,44.07736130460054,-0.35754409373547247,3456.9975,3458.335667490416,3460.3328354861424,3472.71882384393,-2.343097312473674,-2.085227396486796,-0.2578699159868778,15.61834453381108,3439.2366312741924,3456.9975,3474.7583687258075,-35.52173745161508,929.5427397187515,0.9247026320275185
2019-02-04 11:00:00,3451.15,3453.37,3434.1,3436.04,1405.470672,2019-02-04 11:59:59.999,4842513.52624915,7777,720.883891,2483703.00425085,0,37.32851260200408,-0.9441332568417229,3455.6245,3456.212270586567,3459.3801752709996,3472.3538604225973,-3.8330868430084593,-2.434799285791129,-1.3982875572173303,15.879177067110287,3435.848853653505,3455.6245,3475.4001463464947,-39.55129269298959,974.8692094598227,1.4417017773889633
2019-02-04 12:00:00,3436.39,3452.23,3433.31,3451.83,1298.63441,2019-02-04 12:59:59.999,4472853.16109595,6940,714.72172,2461609.25313636,0,47.10313251928438,-0.12932905129763778,3454.8205,3455.7949114830844,3459.084089966255,3472.149642905955,-3.6971745168693815,-2.68727433200678,-1.0099001848626017,16.096378705173844,3435.8571098134066,3454.8205,3473.783890186593,-37.926780373186375,1005.7039904636491,1.2912690238022264
2019-02-04 13:00:00,3451.09,3454.76,3445.0,3451.79,804.582165,2019-02-04 13:59:59.999,2776371.40613314,5360,407.885215,1407546.85269252,0,47.083098990154745,-0.18766554472166036,3454.41,3455.4134913418384,3458.7980472224804,3471.947059394453,-3.5517483409271335,-2.860169133790851,-0.6915792071362827,15.643780226232872,3435.5636137765155,3454.41,3473.2563862234842,-37.692772446968775,986.5495308956826,0.8155517181884671
2019-02-04 14:00:00,3451.79,3461.0,3444.55,3450.35,1054.473791,2019-02-04 14:59:59.999,3643112.04329022,6373,546.4992,1888389.54275083,0,46.31933847225179,-0.33708644086400635,3453.5834999999997,3454.931254071187,3458.466751252972,3471.732163281076,-3.5122064840961684,-2.990576603851914,-0.5216298802442543,15.701367352930511,3435.6100959349733,3453.5834999999997,3471.556904065026,-35.94680813005289,993.0185080484747,1.0618873489803327
2019-02-04 15:00:00,3450.38,3460.0,3448.21,3459.65,709.073569,2019-02-04 15:59:59.999,2448193.16669767,4878,412.573202,1424514.40863968,0,51.76172150729793,0.0584215199428505,3454.2860000000005,3455.38065844536,3458.51315316462,3471.611942750916,-2.6993209098368425,-2.9323254650489,0.23300455521205743,15.42198397057833,3436.5294505485563,3454.2860000000005,3472.0425494514448,-35.51309890288849,965.9761329010009,0.7340487459773193
2019-02-04 16:00:00,3459.16,3467.0,3457.52,3458.74,1546.904808,2019-02-04 16:59:59.999,5356583.04598245,8967,775.558692,2685834.35868645,0,51.2145696224307,-0.03988300983781225,3455.0730000000003,3455.700595736278,3458.5220491189484,3471.483863718569,-2.1042758484099977,-2.7667155417211196,0.6624396933111218,14.99755654410845,3438.042201767926,3455.0730000000003,3472.1037982320745,-34.06159646414835,1021.30267338662,1.514638949167237
2019-02-04 17:00:00,3457.94,3467.06,3457.51,3465.9,885.616097,2019-02-04 17:59:59.999,3065812.88607091,6001,491.394397,1701126.25948629,0,55.22500097028923,0.08316440563439163,3456.6255,3456.6719675709182,3458.8113805260487,3471.4283028855484,-1.0429240099888375,-2.4219572353746632,1.3790332253858257,14.608445362386398,3441.8444488657874,3456.6255,3471.406551134213,-29.562102268425406,1008.3801423021799,0.8782561851903352
2019-02-04 18:00:00,3465.58,3475.0,3460.71,3467.52,946.803252,2019-02-04 18:59:59.999,3284170.66776951,6462,531.612718,1844151.63284985,0,56.104246422078305,0.17449183586211572,3457.458500000001,3457.7051135165448,3459.1528950152233,3471.389414299623,-0.07026460370434506,-1.9516187090405996,1.8813541053362546,14.585699265073082,3442.176251233243,3457.458500000001,3472.740748766759,-30.56449753351626,1002.5156765591151,0.9444273781829187
2019-02-04 19:00:00,3467.99,3473.0,3461.47,3469.03,514.659641,2019-02-04 19:59:59.999,1784143.25894469,4856,269.089708,932928.30155185,0,56.9527747089296,0.5819145481536511,3458.004500000001,3458.783674134017,3459.5402324656066,3471.3659375404227,0.8130470633700497,-1.3986855545584698,2.2117326179285195,14.36743503185359,3441.8678356671794,3458.004500000001,3474.1411643328224,-32.27332866564302,956.0531969820565,0.5383169499611633
2019-02-04 20:00:00,3469.03,3475.0,3460.01,3462.0,879.910643,2019-02-04 20:59:59.999,3051172.97947595,8795,456.654485,1583454.70796856,0,51.920696456981354,0.34404500699973306,3457.9790000000007,3459.0899908831584,3459.636693937544,3471.2727441320603,0.9350371493869716,-0.9319410137693815,1.8669781631563531,14.411903958149749,3441.870727002933,3457.9790000000007,3474.0872729970683,-32.21654599413523,948.8015251742416,0.9273916827214309
2019-02-04 21:00:00,3462.0,3475.79,3461.0,3468.51,978.419528,2019-02-04 21:59:59.999,3394585.32669745,7486,562.212615,1950679.99146787,0,55.81407636275555,0.9449831783099223,3457.965,3459.987134608572,3459.984666724307,3471.245254140697,1.5392739729118148,-0.4376980164331423,1.976971989344957,14.438910818281908,3441.8958500863287,3457.965,3474.0341499136716,-32.13829982734296,951.6222873481233,1.0281595345213617
2019-02-04 22:00:00,3468.52,3474.0,3453.82,3460.25,1423.758037,2019-02-04 22:59:59.999,4926726.25743687,9487,723.0467,2502254.92078599,0,50.25351311485416,0.24392858280970015,3458.1625,3460.012169407755,3459.9950719508047,3471.1358486268596,1.3362199289731507,-0.0829144273518837,1.4191343563250345,14.848988616976046,3442.082421609229,3458.1625,3474.2425783907706,-32.160156781541446,996.5875968387783,1.4286331091378481
2019-02-04 23:00:00,3460.25,3468.78,3455.41,3463.22,902.796312,2019-02-04 23:59:59.999,3126958.58109037,6277,504.789464,1748630.87841104,0,52.101332668191255,0.3311325428256017,3458.4095,3460.317677083207,3460.12153971744,3471.057083963906,1.3988275021956724,0.21343395855762753,1.185393543638045,14.743346572906354,3442.1708411559534,3458.4095,3474.648158844047,-32.477317688093535,987.6550935207994,0.9140805509155081
2019-02-05 00:00:00,3463.22,3465.0,3455.69,3463.77,700.019542,2019-02-05 00:59:59.999,2422244.43416135,5658,358.7415,1241471.64745165,0,52.453546328564265,0.38894604895155777,3458.4970000000003,3460.646469741949,3460.264616591266,3470.984575665758,1.4758126093961437,0.4659096887253308,1.0099029206708128,14.355250389127326,3442.1578779466463,3458.4970000000003,3474.8361220533543,-32.67824410670801,960.2612314711994,0.7289886533558294
2019-02-05 01:00:00,3463.29,3468.12,3452.01,3455.0,936.893093,2019-02-05 01:59:59.999,3241482.6089087,6110,491.985552,1702344.3476994,0,46.57274883724156,-0.1344066596332025,3458.3655000000003,3460.108710718907,3460.0581610386675,3470.825525161621,0.8197090596595444,0.5366695629121736,0.28303949674737083,14.480589647046779,3441.954821223806,3458.3655000000003,3474.7761787761947,-32.82135755238869,958.0356944739423,0.9779313008942202
2019-02-05 02:00:00,3455.24,3468.75,3448.43,3460.45,963.957479,2019-02-05 02:59:59.999,3335771.82457985,6940,560.841592,1941377.35284072,0,50.30168241950479,0.049439969468651486,3458.382,3460.1412144599635,3460.073527272445,3470.722286105287,0.7310842379606584,0.5755524979218706,0.15553174003878778,14.897690386543449,3441.9632320482524,3458.382,3474.8007679517477,-32.837535903495336,958.5996739526145,1.0055891997389208
2019-02-05 03:00:00,3459.84,3471.86,3451.38,3463.91,1669.687766,2019-02-05 03:59:59.999,5781837.34467473,8191,737.492371,2553693.13959394,0,52.565196515183715,-0.05741654404340103,3458.4264999999996,3460.5001464161573,3460.2239771833297,3470.654502163941,0.9293287880495882,0.6463077559474142,0.283021032102174,15.296426787504632,3441.9500807735103,3458.4264999999996,3474.902919226489,-32.95283845297854,1026.3223493856988,1.6268648607324834
2019-02-05 04:00:00,3463.47,3471.89,3461.07,3467.63,1444.433355,2019-02-05 04:59:59.999,5007909.83836429,7987,757.914528,2627836.77892825,0,54.9413329874233,0.003172296050206699,3458.734,3461.179180090809,3460.5144094506504,3470.624407615046,1.37081008754285,0.7912082222665013,0.5796018652763486,14.976682016968567,3441.7945829964024,3458.734,3475.6734170035975,-33.87883400719511,1066.1424451584894,1.3548221080207297
2019-02-05 05:00:00,3468.28,3471.67,3456.95,3465.99,1339.991058,2019-02-05 05:59:59.999,4642933.46567921,8552,765.70154,2653400.49969666,0,53.66503729960769,-0.0876325658757756,3459.5854999999997,3461.6373534154936,3460.7291384918017,3470.5782941064385,1.5702520163481495,0.947016981082831,0.6232350352653184,14.958347587185116,3443.0064980936336,3459.5854999999997,3476.164501906366,-33.158003812732204,1092.2232654291095,1.2268472027773079
2019-02-05 06:00:00,3465.97,3470.0,3462.11,3465.14,1062.457244,2019-02-05 06:59:59.999,3683723.67077086,6497,602.805023,2090241.56805551,0,52.97811381727679,0.0906990179087196,3460.3360000000002,3461.9709388044944,3460.9021134529075,3470.5241817272704,1.6408090600971263,1.08577539688569,0.5550336632114363,14.453465616671885,3444.2063823910385,3460.3360000000002,3476.465617608962,-32.25923521792356,1089.3884062453847,0.9752786406657256
2019-02-05 07:00:00,3465.65,3468.23,3457.16,3464.42,1084.384406,2019-02-05 07:59:59.999,3755963.29407415,6546,530.700751,1838330.41170307,0,52.36665109900589,-0.1179180685654689,3461.755,3462.204182727876,3461.0400697880877,3470.463443600631,1.6199542190447573,1.1926111613175037,0.4273430577272537,14.211789501195334,3450.3127523370704,3461.755,3473.19724766293,-22.88449532585946,1088.9118347934432,0.9958422448459272
2019-02-05 08:00:00,3464.42,3470.3,3462.21,3466.34,759.105387,2019-02-05 08:59:59.999,2631194.16000491,5341,417.825459,1448323.08535267,0,53.89483795177459,0.17599884401416505,3462.4805,3462.598070087126,3461.247910188555,3470.4224143110728,1.7383163325330315,1.3017521955606093,0.43656413697242225,13.774518822538536,3451.8787772501796,3462.4805,3473.0822227498206,-21.20344549964102,1057.5016969083533,0.7178290013333062
2019-02-05 09:00:00,3466.32,3477.78,3461.21,3476.41,1247.235374,2019-02-05 09:59:59.999,4326718.04591339,7344,679.174802,2356603.53507895,0,60.96779959912403,0.3808594313962167,3463.7115,3463.91349198359,3461.842501945867,3470.4819922781267,2.614545152701794,1.5643107869888464,1.0502343657129476,13.974196049500081,3452.6297895581615,3463.7115,3474.7932104418383,-22.163420883676736,1075.5715709170815,1.1596023990635511
2019-02-05 10:00:00,3476.78,3478.97,3469.4,3470.88,863.605897,2019-02-05 10:59:59.999,2999309.5203094,6094,454.851303,1579750.54127964,0,55.89652739323347,0.2052676707749108,3464.738,3464.576968937534,3462.196913634264,3470.4859525539664,2.8301142265918315,1.8174714749094436,1.012642751682388,13.659610617392913,3455.1671657955308,3464.738,3474.308834204469,-19.14166840893813,1055.3843638773594,0.8182856659228989
2019-02-05 11:00:00,3471.0,3473.0,3461.21,3469.91,898.929579,2019-02-05 11:59:59.999,3116463.30383436,5748,523.91414,1816528.24554411,0,55.03183491479219,0.43154848046309274,3465.2509999999997,3465.0848766577687,3462.499387609391,3470.480221682783,2.8893764442941574,2.0318524687863864,0.857523975507771,13.526067001864845,3455.728698420578,3465.2509999999997,3474.7733015794215,-19.04460315884353,1040.4839081747539,0.8639533700976957
2019-02-05 12:00:00,3469.89,3471.68,3460.0,3462.86,992.249785,2019-02-05 12:59:59.999,3438231.25804322,6062,590.621107,2046692.56320254,0,49.088152370399364,0.06964412142930282,3465.4570000000003,3464.8729836427433,3462.5135292717678,3470.404398581462,2.340486427459382,2.0935792605209858,0.2469071669383962,13.394205073160203,3456.358965278671,3465.4570000000003,3474.55503472133,-18.19606944265888,1035.8901821581105,0.9578715988337753
2019-02-05 13:00:00,3462.89,3466.24,3457.96,3465.64,854.815718,2019-02-05 13:59:59.999,2958963.60652983,5852,531.415443,1839543.85525911,0,51.32082566382956,0.0499435608892846,3465.444,3464.9460328196246,3462.6361359669927,3470.3569916304027,2.1055385632444086,2.0959711210656704,0.009567442178738172,13.028904710791599,3456.347887701418,3465.444,3474.540112298582,-18.19222459716366,1018.6449950954333,0.8391694084943845
2019-02-05 14:00:00,3465.64,3468.17,3454.0,3455.31,1210.612665,2019-02-05 14:59:59.999,4188646.1948964,7641,658.908461,2279973.37670273,0,43.65917939906802,-0.3552858869025866,3464.8335,3464.0283154082317,3462.3488365173066,3470.2072703206472,1.0734222757455427,1.891461352001645,-0.8180390762561023,13.110411517163634,3454.7397765202713,3464.8335,3474.927223479729,-20.187446959457702,1036.9276303244396,1.1674996688256989
2019-02-05 15:00:00,3455.3,3463.81,3449.05,3460.44,1806.109308,2019-02-05 15:59:59.999,6243085.96438237,8764,1052.71146,3638969.06259178,0,47.824929678606246,-0.1601274094847281,3464.404,3463.6865710836382,3462.2739801832945,3470.1100835512875,0.6617821955028376,1.6455255207018837,-0.9837433251990462,13.228239265937644,3454.3311257433406,3464.404,3474.4768742566594,-20.145748513318722,1110.1830281983025,1.6268572497735843
2019-02-05 16:00:00,3461.18,3461.6,3453.09,3459.94,1043.170382,2019-02-05 16:59:59.999,3606449.54340468,7255,542.552267,1875879.76352069,0,47.45662752472713,-0.15006608679591066,3464.3009999999995,3463.3297547899583,3462.1824515486555,3470.0088886900808,0.2918444437968901,1.374789305320885,-1.082944861523995,12.89122217551351,3454.0835311610613,3464.3009999999995,3474.5184688389377,-20.434937677876405,1103.8008714175119,0.9450711709081643
2019-02-05 17:00:00,3460.1,3464.63,3454.0,3456.67,807.331632,2019-02-05 17:59:59.999,2792714.80988749,5983,438.960352,1518534.3376765,0,45.015052300489316,-0.22370266884500148,3463.709,3462.69549242901,3461.9662769781203,3469.8761634294833,-0.2621733895198304,1.047396766352742,-1.3095701558725723,12.729706305833982,3453.1519731058847,3463.709,3474.266026894115,-21.114053788230194,1075.5657057587014,0.7506111692455928
2019-02-05 18:00:00,3456.82,3468.16,3455.67,3456.0,1077.363021,2019-02-05 18:59:59.999,3728311.24269803,6618,659.068765,2280648.7788456,0,44.509762827112326,-0.2982973395570009,3463.4965000000007,3462.0578264833903,3461.7323053319196,3469.7380921515783,-0.7466925080502733,0.6885789114721389,-1.435271419522412,12.712584426845826,3452.485001177554,3463.4965000000007,3474.5079988224475,-22.02299764489362,1075.7368786388251,1.0015116543770743
2019-02-05 19:00:00,3455.95,3468.17,3449.49,3463.81,1473.695317,2019-02-05 19:59:59.999,5098644.47332153,8444,798.978574,2764450.43091128,0,51.363199497834636,-0.36244286490948735,3463.5260000000007,3462.224700151639,3461.8137835541975,3469.6791061600206,-0.4947722446986518,0.4519086802379808,-0.9466809249366326,13.13882839635686,3452.514458877356,3463.5260000000007,3474.5375411226455,-22.023082245289515,1113.6376822922703,1.3233166768985407
2019-02-05 20:00:00,3463.81,3466.99,3455.42,3462.44,789.172498,2019-02-05 20:59:59.999,2732283.3751917,6119,374.121446,1295398.67158229,0,50.19213264419109,-0.24316599824828442,3463.4595000000004,3462.245204899102,3461.8383410618762,3469.607075252956,-0.401048138144688,0.2813173165614471,-0.6823654547061351,13.026769225188493,3452.438103632221,3463.4595000000004,3474.4808963677797,-22.042792735558578,1082.736236169197,0.7288686492955591
2019-02-05 21:00:00,3461.74,3468.17,3458.69,3460.69,618.600196,2019-02-05 21:59:59.999,2142358.23152307,5567,333.022639,1153393.65053716,0,48.66577798977342,-0.265712943563372,3463.7440000000006,3462.0970901468067,3461.7933080790576,3469.5183481360114,-0.4626483607803493,0.13252418109308783,-0.5951725418734372,12.773428566246459,3453.3671403188123,3463.7440000000006,3474.120859681189,-20.753719362376614,1038.5328037721306,0.5956482007627849
2019-02-05 22:00:00,3460.69,3470.39,3460.0,3462.37,864.287056,2019-02-05 22:59:59.999,2995447.64754576,6143,390.168859,1352165.67271615,0,50.23050631817336,-0.014150153341464466,3463.8400000000006,3462.1230815613967,3461.8159234485065,3469.447220293862,-0.37162120346329175,0.03169510418181193,-0.4033163076451037,12.603183668657417,3453.5563451100447,3463.8400000000006,3474.1236548899565,-20.56730977991174,1021.9379706509753,0.8457333818895568
2019-02-05 23:00:00,3461.86,3472.0,3458.29,3471.59,756.307272,2019-02-05 23:59:59.999,2620659.20511558,6610,390.34515,1352853.92679999,0,57.827883395731824,0.17168546069413654,3464.2240000000006,3463.024692841264,3462.1992205681727,3469.468541484968,0.43942994490180354,0.11324207232581025,0.3261878725759933,12.682241978039034,3453.371516607225,3464.2240000000006,3475.076483392776,-21.704966785550823,996.639808874692,0.7588571771520426
2019-02-06 00:00:00,3471.57,3482.72,3451.1,3458.95,1510.6903,2019-02-06 00:59:59.999,5230777.45544827,9021,775.971702,2687593.34844488,0,47.1920777130736,0.10534510651721185,3463.79,3462.6366268563816,3462.0718001537343,3469.36387938064,0.061542041827124194,0.10290206622607305,-0.041360024398948855,14.034938979607666,3452.817450519308,3463.79,3474.762549480692,-21.945098961384247,1045.5969985056736,1.4448112438721799
2019-02-06 01:00:00,3459.26,3463.51,3380.0,3417.02,6908.063203,2019-02-06 01:59:59.999,23591837.81255376,28654,3567.191854,12184174.76289904,0,28.479647883284176,-1.2547537307394456,3461.341500000001,3458.2921862033927,3460.3050628928036,3468.843044759937,-3.580068617753568,-0.6336920705698552,-2.946376547183713,18.997443338207134,3437.7905480469353,3461.341500000001,3484.8924519530665,-47.101903906131156,1603.927113219419,4.306968281828009
2019-02-06 02:00:00,3418.18,3425.01,3408.31,3420.84,1537.156001,2019-02-06 02:59:59.999,5254757.78368238,10066,806.890224,2758221.52265165,0,31.157822378435366,-1.1300774001861278,3459.1265000000003,3454.725311326879,3458.7574133675957,3468.36540252352,-6.0876545348864965,-1.7244845634331836,-4.363169971453313,18.833340242620928,3429.5242481119617,3459.1265000000003,3488.728751888039,-59.20450377607722,1597.5679596747125,0.9621850461453839
2019-02-06 03:00:00,3419.78,3432.73,3416.0,3423.35,1753.241604,2019-02-06 03:59:59.999,6004256.54180985,9285,657.074645,2249979.43669536,0,32.93487786215094,-0.9639334966890146,3457.073,3451.7371864386046,3457.36888735318,3467.9174880705496,-7.782684475262613,-2.9361245457990695,-4.8465599294635435,18.68310165386229,3423.575182883363,3457.073,3490.5708171166366,-66.99563423327345,1612.3940210390256,1.087353079410585
2019-02-06 04:00:00,3423.96,3423.97,3402.46,3413.05,1622.152828,2019-02-06 04:59:59.999,5533592.94183109,9024,1115.405442,3804413.25911407,0,29.562503463320542,-1.2427662037036984,3454.4085,3448.052692492071,3455.630891770703,3467.371542915619,-9.843660246494437,-4.317631685938143,-5.526028560556294,18.885022964300685,3415.9099727417633,3454.4085,3492.9070272582367,-76.99705451647333,1613.323431225785,1.005472800185829
2019-02-06 05:00:00,3412.26,3419.95,3412.26,3418.0,629.539649,2019-02-06 05:59:59.999,2151203.37800017,5767,330.901436,1130852.22870031,0,33.107453459716396,-1.322532125029951,3451.4880000000003,3445.19053130235,3454.155170524793,3466.8802837821304,-10.951334594366017,-5.6443722676237185,-5.3069623267422985,18.085378466850607,3411.196756808766,3451.4880000000003,3491.7792431912344,-80.58248638246823,1519.629737680472,0.4142717356669493
2019-02-06 06:00:00,3418.0,3421.24,3415.0,3416.74,543.873201,2019-02-06 06:59:59.999,1859206.53643354,5319,313.648315,1072231.25304627,0,32.656915494257476,-1.3198784672081039,3448.7810000000004,3442.480956892602,3452.6879089355857,3466.381375485791,-11.794881908574553,-6.874474195813885,-4.920407712760667,17.23928000493269,3406.7386850254256,3448.7810000000004,3490.823314974575,-84.08462994914953,1426.7005437109033,0.38121048134275237
2019-02-06 07:00:00,3416.09,3426.83,3415.39,3424.77,819.965628,2019-02-06 07:59:59.999,2806248.71040473,6062,412.380784,1411090.87054883,0,38.4093306731203,-1.0379433003245038,3446.5240000000003,3440.7941990933064,3451.5930889773276,3465.967331948619,-11.680796392258344,-7.835738635102777,-3.8450577571555673,16.825045718866075,3404.4111074122734,3446.5240000000003,3488.6368925877273,-84.2257851754539,1368.9162660241507,0.5989888851138351
2019-02-06 08:00:00,3424.79,3424.79,3400.0,3409.76,1587.035122,2019-02-06 08:59:59.999,5415329.35631747,7780,812.521503,2773681.33395974,0,32.77381073240857,-1.5194794317187266,3443.869,3437.8385610844202,3449.952575684099,3465.4080550138074,-12.655677581557029,-8.799726424393628,-3.8559511571634015,17.393971024661354,3399.4597762544286,3443.869,3488.2782237455717,-88.81844749114316,1389.689490402803,1.1420069972177715
2019-02-06 09:00:00,3409.99,3414.44,3403.92,3410.32,984.518093,2019-02-06 09:59:59.999,3357572.74132583,6654,503.790296,1718222.42340359,0,33.16779155468179,-1.7648973525099445,3441.103,3435.2177457430466,3448.3983570298205,3464.8599151629237,-13.230576774522888,-9.685896494419481,-3.5446802801034067,16.9029730943284,3395.527395214338,3441.103,3486.678604785662,-91.15120957132422,1351.1017382692028,0.7286779856128331
2019-02-06 10:00:00,3410.67,3413.6,3396.17,3408.93,1034.007372,2019-02-06 10:59:59.999,3522745.96954746,7136,490.331853,1670795.32230102,0,32.65621122033039,-1.446103586348458,3438.784,3432.7141509103753,3446.850578322769,3464.3033985941383,-13.641103757336623,-10.47693794700291,-3.1641658103337136,16.94061787330493,3391.5620098504523,3438.784,3486.005990149548,-94.44398029909553,1320.902274814993,0.7828038392505791
2019-02-06 11:00:00,3408.58,3409.56,3396.67,3399.82,874.190231,2019-02-06 11:59:59.999,2975154.7077041,6904,465.490945,1584270.53550445,0,29.450141703305736,-0.5033625790893766,3435.753,3429.581374633197,3445.0062419179544,3463.6617727374805,-14.534011179685422,-11.288352593539411,-3.2456585861460105,16.651288025211713,3386.6396522162668,3435.753,3484.8663477837335,-98.22669556746678,1278.3582706421366,0.6838382095817962
2019-02-06 12:00:00,3399.79,3410.0,3392.11,3407.93,1432.598018,2019-02-06 12:59:59.999,4874342.99071164,7069,810.625393,2758502.02624334,0,35.51924351553799,-0.3773926871762581,3433.1525,3427.519338953845,3443.552271646662,3463.1072277351177,-14.421001197996247,-11.91488231443078,-2.506118883565467,16.739767451982296,3383.923858839332,3433.1525,3482.3811411606684,-98.4572823213366,1293.0477703905044,1.107923505074643
2019-02-06 13:00:00,3408.0,3409.32,3400.08,3404.31,826.036991,2019-02-06 13:59:59.999,2812198.57634634,5333,389.731293,1326893.02669831,0,34.10876438715529,-0.5561803496574982,3430.5344999999998,3425.308925720145,3442.0133590330674,3462.522180692977,-14.456893648832647,-12.423284581311155,-2.0336090675214926,16.204069776840722,3381.003713624789,3430.5344999999998,3480.0652863752107,-99.06157275042187,1248.5705533056944,0.6615861545132539
2019-02-06 14:00:00,3404.56,3406.1,3392.84,3400.98,1251.225978,2019-02-06 14:59:59.999,4254481.80362509,6617,667.149643,2268627.47570094,0,32.81774707420969,-0.35364263635165505,3427.7834999999995,3422.991885175369,3440.4042076984374,3461.9098206860817,-14.585904615740219,-12.855808588196968,-1.7300960275432509,15.993779078494939,3378.0965091048993,3427.7834999999995,3477.4704908951,-99.37398179020056,1248.8234508956282,1.0019238324701931
2019-02-06 15:00:00,3400.64,3422.02,3382.26,3422.02,1959.536483,2019-02-06 15:59:59.999,6673774.80474642,11249,1039.918769,3542020.45318861,0,46.57663931161148,0.11761263897015746,3425.694,3422.899324682477,3439.68325837693,3461.5129070474145,-12.842355890489216,-12.853118048655418,0.01076215816620163,17.691366287173857,3378.9589684419066,3425.694,3472.4290315580934,-93.4700631161868,1316.5104063341398,1.488432201957586
2019-02-06 16:00:00,3421.07,3434.59,3405.01,3411.7,2791.130696,2019-02-06 16:59:59.999,9537733.47247712,15126,1170.499734,3999589.86380834,0,42.02984470570069,-0.14750902907449687,3423.1569999999997,3421.8327223317647,3438.585875695482,3461.0172562310227,-12.153223916112893,-12.713139222146914,0.5599153060340214,18.540554409518577,3379.407446691013,3423.1569999999997,3466.9065533089865,-87.49910661797367,1456.9504339213645,1.9157348328506314
2019-02-06 17:00:00,3411.1,3411.95,3395.77,3402.44,1242.556419,2019-02-06 17:59:59.999,4231090.46275413,8062,602.28672,2051160.33107461,0,38.406894599322506,-0.6520145878409331,3420.2445,3419.9857963954064,3437.168390374091,3460.434397960067,-12.21349688301325,-12.613210754320182,0.3997138713069326,18.37194338026724,3379.353306520114,3420.2445,3461.1356934798855,-81.78238695977143,1436.531956309806,0.8649695633586221
2019-02-06 18:00:00,3402.09,3408.0,3385.26,3406.04,1871.458414,2019-02-06 18:59:59.999,6361388.25570619,10254,964.048367,3277587.42478932,0,40.55233076459459,-0.10909858758388433,3417.4280000000003,3418.65762531013,3435.94766918295,3459.89316016942,-11.834354656134565,-12.45743953468306,0.6230848785484948,18.683947424533848,3381.267589196575,3417.4280000000003,3453.5884108034256,-72.32082160685059,1477.9535237088721,1.266249840728172
2019-02-06 19:00:00,3406.37,3406.96,3392.29,3398.39,1109.796311,2019-02-06 19:59:59.999,3771247.75579276,6223,720.340064,2446936.01714444,0,37.55844824341599,-0.34982054469962615,3413.7680000000005,3416.727375280593,3434.47481941107,3459.281188426441,-12.012697872612534,-12.368491202268956,0.3557933296564215,18.397236894210007,3387.1241741328186,3413.7680000000005,3440.4118258671824,-53.28765173436386,1442.8909320223129,0.7691477480176153
2019-02-06 20:00:00,3398.41,3405.85,3393.54,3402.0,871.298629,2019-02-06 20:59:59.999,2962045.31070776,6358,378.610027,1287048.06719163,0,39.81646458507744,-0.2032895952688919,3410.9205,3415.324768111013,3433.2012970812243,3458.7112263525464,-11.727551414040136,-12.240303244623192,0.5127518305830563,17.96243425890929,3394.3332411293914,3410.9205,3427.507758870609,-33.17451774121764,1388.4535698297118,0.6275316999666479
2019-02-06 21:00:00,3402.0,3407.23,3398.87,3405.98,684.808194,2019-02-06 21:59:59.999,2330026.32797787,6251,392.848846,1336755.4384171,0,42.29408230735426,0.18118606279155527,3410.3685000000005,3414.434790195678,3432.1337952349018,3458.1865375331186,-11.053005881949957,-12.002843772088545,0.9498378901385873,17.276546097558636,3393.9015502936936,3410.3685000000005,3426.8354497063074,-32.933899412613755,1321.4397245125965,0.5182288539513874
2019-02-06 22:00:00,3405.98,3408.52,3399.43,3405.88,763.009042,2019-02-06 22:59:59.999,2597404.98781398,7355,361.122149,1229317.39306511,0,42.247022048117294,-0.060153817713383996,3409.6205,3413.62004827228,3431.1042346374547,3457.6660744730875,-10.406532819692075,-11.683581581609252,1.277048761917177,16.691792804875888,3393.810334749074,3409.6205,3425.430665250926,-31.62033050185164,1268.2558499875872,0.6016207549978719
2019-02-06 23:00:00,3405.43,3409.26,3402.16,3405.37,702.356439,2019-02-06 23:59:59.999,2392284.32143935,5455,305.228343,1039710.68535196,0,41.990408449115456,0.031136999861938117,3408.7215,3412.834329389206,3430.095048965398,3457.145715523107,-9.82212762482095,-11.311290790251592,1.4891631654306412,16.00666474738478,3394.2067535602955,3408.7215,3423.2362464397047,-29.02949287940919,1214.3606679887694,0.5783754839188315
2019-02-07 00:00:00,3407.0,3407.01,3398.02,3402.95,826.480439,2019-02-07 00:59:59.999,2811984.43538939,6368,395.824728,1346869.49255396,0,40.72628853386997,0.05792448059088263,3408.2165,3411.892964685472,3429.030537241265,3456.606454672131,-9.445375661604885,-10.93810776452225,1.4927321029173655,15.505474408285883,3393.6332099590177,3408.2165,3422.7997900409823,-29.16658008196464,1177.4196937993627,0.7019420885793641
2019-02-07 01:00:00,3403.83,3409.54,3402.94,3407.03,619.871059,2019-02-07 01:59:59.999,2111808.27130649,5765,296.06856,1008703.17293608,0,43.798261601261125,-0.43804536501831615,3407.668,3411.429825191618,3428.167771074941,3456.113156615692,-8.717089927898996,-10.493904197197601,1.7768142692986046,14.869369093408313,3393.827802861215,3407.668,3421.5081971387854,-27.680394277570485,1124.319823818471,0.5513298314840371
2019-02-07 02:00:00,3407.03,3408.99,3402.39,3407.25,642.515244,2019-02-07 02:59:59.999,2188332.77384167,5954,350.606239,1194228.81256736,0,43.96689638554822,-0.13043350822170233,3407.1935000000003,3411.03174660194,3427.347466326904,3455.626956052352,-8.02960577838121,-10.001044513434323,1.9714387350531126,14.27869987245057,3394.0286500299035,3407.1935000000003,3420.358349970097,-26.329699940193677,1078.433673359569,0.5957855915222094
2019-02-07 03:00:00,3406.71,3414.0,3404.77,3413.12,572.36451,2019-02-07 03:59:59.999,1951681.62928434,5283,302.588182,1031897.19522352,0,48.41449138243465,0.3138923831132904,3406.6110000000003,3411.230627877946,3426.7895264709473,3455.2040012657617,-6.9312110084924825,-9.387077812445956,2.455866803953473,13.918078452989818,3395.9226691274835,3406.6110000000003,3417.299330872517,-21.376661745033744,1030.236610182467,0.555566075154937
2019-02-07 04:00:00,3413.49,3415.82,3410.18,3411.0,512.300807,2019-02-07 04:59:59.999,1748416.1881498,4954,261.050107,891003.29763618,0,46.96460596855069,0.14562365679792477,3406.6730000000007,3411.2086633181416,3426.1703293544397,3454.764160457147,-6.160773955064087,-8.741817040969583,2.5810430859054954,13.32678713491914,3395.8937585464437,3406.6730000000007,3417.4522414535577,-21.558482907114012,980.9093908317559,0.5222712839619139
2019-02-07 05:00:00,3411.0,3416.2,3410.7,3414.69,740.670935,2019-02-07 05:59:59.999,2528183.77629152,5287,405.311354,1383514.94296111,0,49.78350728561068,0.4796388878262996,3406.8915000000006,3411.540219192604,3425.720120360148,3454.365412591902,-5.192587956451462,-8.031971224065959,2.8393832676144974,12.767730910996345,3395.6344175043405,3406.8915000000006,3418.148582495661,-22.514164991320285,958.0295378953982,0.7731191009278355
2019-02-07 06:00:00,3415.51,3420.0,3406.0,3411.25,971.894503,2019-02-07 06:59:59.999,3319616.41054385,6455,507.195016,1732480.51980431,0,47.261544120108034,0.2718988830099941,3407.0075000000006,3411.512579269499,3425.1526646597504,3453.936403511386,-4.649278835527639,-7.355432746358295,2.706153910830656,12.855750131639464,3395.6149726708395,3407.0075000000006,3418.4000273291617,-22.785054658322224,959.3500107625032,1.0130760328313608
2019-02-07 07:00:00,3411.25,3414.99,3408.02,3412.15,592.510026,2019-02-07 07:59:59.999,2021401.36515792,5564,305.196771,1041239.02500757,0,48.003698833992026,0.18115197388123455,3407.6240000000007,3411.5732860057374,3424.642756241721,3453.5206184018202,-4.098831189954581,-6.704112435077552,2.6052812451229714,12.435339407950917,3396.5388303909463,3407.6240000000007,3418.709169609055,-22.170339218108893,924.4128693565505,0.640958218606827
2019-02-07 08:00:00,3412.17,3417.59,3409.66,3417.26,817.066746,2019-02-07 08:59:59.999,2788953.33892328,10558,454.833076,1552541.78517815,0,52.123292576420184,0.3341280373941568,3408.0905000000007,3412.114877814715,3424.3532363891045,3453.159816228668,-3.2132231349901303,-6.005934575060069,2.7927114400699384,12.113529450240158,3396.1954227785773,3408.0905000000007,3419.985577221424,-23.79015444284687,914.189429036879,0.893760877174876
2019-02-07 09:00:00,3417.26,3419.88,3412.05,3419.5,1002.83541,2019-02-07 09:59:59.999,3425976.72181066,9593,551.166867,1882895.33801873,0,53.84941253607263,0.4149328854133357,3408.85,3412.818222784742,3424.1629133934534,3452.8248926841047,-2.30406328412073,-5.265560316872201,2.9614970327514714,11.807563060937284,3396.064821080704,3408.85,3421.635178919296,-25.570357838591917,922.6319034143191,1.0869290410280388
2019-02-07 10:00:00,3419.5,3425.0,3416.08,3421.05,1040.597712,2019-02-07 10:59:59.999,3559272.91248853,8351,540.791068,1849855.15077397,0,55.05688769847127,0.5318914471267684,3409.8535,3413.6022015671474,3424.040838358416,3452.5087245976956,-1.441854702566161,-4.500819194010993,3.058964491444832,11.601308556584627,3396.529981774952,3409.8535,3423.1770182250484,-26.647036450096493,933.8667423272411,1.1142892929314305
2019-02-07 11:00:00,3421.36,3426.45,3407.05,3408.05,1648.143194,2019-02-07 11:59:59.999,5628184.9553091,7667,988.425921,3374764.19143237,0,44.53294006899965,0.029938098578526803,3409.1549999999997,3413.073420465514,3423.413746658086,3452.066349228565,-1.7869408030283012,-3.9580435158144547,2.1711027127861535,12.158357945399985,3397.114082916615,3409.1549999999997,3421.1959170833843,-24.081834166769113,1001.89307105798,1.645029037140253
2019-02-07 12:00:00,3407.81,3413.16,3400.0,3404.97,1061.193457,2019-02-07 12:59:59.999,3616002.56384965,6673,517.245347,1762855.93533033,0,42.46203645027511,-0.06691613471275075,3408.8185,3412.3016661354654,3422.690462475416,3451.597728838231,-2.2826414138971813,-3.6229630954310004,1.340321681533819,12.229903806442833,3396.701134861772,3408.8185,3420.9358651382277,-24.234730276455593,1007.540726861982,1.053251177553012
2019-02-07 13:00:00,3405.0,3413.0,3399.0,3407.04,1095.676838,2019-02-07 13:59:59.999,3732041.52509971,6350,661.336921,2252372.62325539,0,44.335566339318376,-0.17813613350834215,3409.0484999999994,3411.800555074945,3422.076718848929,3451.1543683522787,-2.4798696256739277,-3.394344401479586,0.9144747758056582,12.356339248839774,3397.271047366907,3409.0484999999994,3420.8259526330917,-23.554905266184505,1015.9346422084599,1.078491462421436
2019-02-07 14:00:00,3407.03,3410.82,3400.0,3409.7,946.034179,2019-02-07 14:59:59.999,3221742.05103293,6198,507.264589,1727415.7680884,0,46.73571538796815,-0.03811199061859226,3409.2315,3411.600502210664,3421.5913573254415,3450.7418870751417,-2.3939387987102236,-3.1942632809257137,0.80032448221549,12.246600731065516,3397.5374308329974,3409.2315,3420.9255691670023,-23.388138334004907,1009.2774552362256,0.9373380670418093
2019-02-07 15:00:00,3409.71,3413.16,3401.0,3407.03,644.62805,2019-02-07 15:59:59.999,2195968.57205775,6057,315.796583,1075727.77374851,0,44.65439501541698,-0.22432490211409686,3409.6635,3411.165216285839,3421.020323704836,3450.3069429251404,-2.5123241758901713,-3.0578754599186055,0.5455512840284342,12.240414964560827,3399.0691176256855,3409.6635,3420.2578823743147,-21.188764748629183,974.5489404518231,0.6614629837893372
2019-02-07 16:00:00,3407.03,3412.24,3401.11,3403.12,808.681079,2019-02-07 16:59:59.999,2754844.91305016,6276,464.543154,1582502.07781727,0,41.724000065633874,-0.23832905826310324,3409.7195000000006,3410.399005210997,3420.318350226215,3449.83742110499,-2.88835460899827,-3.023971289734539,0.13561668073626887,12.161099609949314,3399.2850439705744,3409.7195000000006,3420.153956029427,-20.868912058852402,958.7520012659352,0.8434726372745176
2019-02-07 17:00:00,3402.47,3404.4,3392.0,3397.82,866.818263,2019-02-07 17:59:59.999,2946166.13948935,6826,473.676367,1610175.22327694,0,38.07644285603098,-0.41996981375378944,3409.3115000000007,3409.2010047147114,3419.43606198205,3449.3198348253386,-3.5728416479405496,-3.1337453613757416,-0.43909628656480804,12.17816392352437,3397.6906942032047,3409.3115000000007,3420.9323057967968,-23.241611593592097,949.9964071453699,0.912443727660707
2019-02-07 18:00:00,3397.87,3404.05,3394.0,3398.98,673.752607,2019-02-07 18:59:59.999,2290176.76211634,5746,376.917716,1281255.48673765,0,39.32664711231916,-0.5349314948233438,3408.9665000000005,3408.2275756942627,3418.6338634729505,3448.81894094648,-3.9758689103828146,-3.302170071177156,-0.6736988392056587,12.026152214701213,3396.535307865167,3408.9665000000005,3421.397692134834,-24.862384269667018,923.6874737981917,0.729416199864157
2019-02-07 19:00:00,3398.54,3400.0,3390.0,3399.55,658.000583,2019-02-07 19:59:59.999,2235110.57105725,4790,298.7439,1014954.89922875,0,39.968018096355465,-0.5834186284544471,3408.6755000000007,3407.401139913857,3417.8854766700897,3448.328702728107,-4.20085187770519,-3.481906432482763,-0.7189454452224275,11.881427056508269,3395.632404669985,3408.6755000000007,3421.7185953300163,-26.086190660031207,898.3839603888401,0.7324269043218481
2019-02-07 20:00:00,3399.43,3402.09,3390.11,3401.22,581.975824,2019-02-07 20:59:59.999,1977116.36746384,5205,335.857144,1141140.54974065,0,41.90565100225211,-0.5796465997281648,3408.589000000001,3406.812459922061,3417.2319285653807,3447.85995941738,-4.196028255206329,-3.6247307970274765,-0.5712974581788526,11.888467981043394,3395.3643453532923,3408.589000000001,3421.8136546467094,-26.449309293417173,868.2498521613315,0.6702861193138006
2019-02-07 21:00:00,3401.8,3403.31,3394.12,3395.0,631.124517,2019-02-07 21:59:59.999,2145241.87947192,4152,284.123839,965657.36920357,0,37.10226155682235,-0.3829169172987539,3407.9875000000006,3405.687463739008,3416.3600882294836,3447.333989671934,-4.640613414157542,-3.8279073204534897,-0.8127060937040524,11.695720268111728,3393.43647200237,3407.9875000000006,3422.5385279976313,-29.102055995261253,845.6664869078714,0.7463042780702694
2019-02-07 22:00:00,3395.19,3401.8,3393.55,3401.01,347.646804,2019-02-07 22:59:59.999,1181236.22578806,3861,191.396845,650336.63342057,0,43.80485358199407,-0.11630058414610354,3407.6755000000003,3405.2419910019594,3415.75812398519,3446.873054451318,-4.456620437106267,-3.953649943784045,-0.5029704933222217,11.449597391818033,3392.7940477859743,3407.6755000000003,3422.5569522140263,-29.762904428052025,798.2360409166456,0.43551880168274987
2019-02-07 23:00:00,3400.57,3401.21,3391.18,3398.4,362.755852,2019-02-07 23:59:59.999,1232045.43759872,4276,185.930666,631522.71634288,0,41.725355520969394,-0.25359256128486524,3406.9395000000004,3404.5903728112967,3415.077413240673,3446.3907355015535,-4.469883826172463,-4.056896720261729,-0.41298710591073373,11.348197578116759,3391.739208486231,3406.9395000000004,3422.13979151377,-30.40058302753914,756.7617372102984,0.47935279251465757
2019-02-08 00:00:00,3398.4,3398.71,3390.37,3393.78,644.753349,2019-02-08 00:59:59.999,2188816.54616634,5183,304.129199,1032520.76760229,0,38.26278215979144,-0.46690324661992605,3406.0785,3403.5608134959352,3414.2422205645685,3445.867245596066,-4.797883531838579,-4.2050940825771,-0.5927894492614794,11.133326322537,3389.925674241073,3406.0785,3422.231325758927,-32.30565151785413,746.0942716664605,0.8641714237530499
2019-02-08 01:00:00,3393.35,3396.0,3387.0,3389.51,643.571717,2019-02-08 01:59:59.999,2183120.32578683,4992,342.293134,1161267.27640178,0,35.34348136033414,-0.5142308697017631,3404.8195,3402.2226407820367,3413.2723295620367,3445.30647698317,-5.3408134034361865,-4.432237946748917,-0.9085754566872692,10.980945870927215,3387.602641095876,3404.8195,3422.036358904124,-34.43371780824782,736.3302188410834,0.8740259472345482
2019-02-08 02:00:00,3389.98,3398.45,3373.1,3394.32,1323.272424,2019-02-08 02:59:59.999,4483341.8096741,7581,702.987842,2382691.95812784,0,40.82086082559158,-0.25858623851053525,3403.9730000000004,3401.4700083266043,3412.529100951761,3444.799148853984,-5.321618135845256,-4.610113984568185,-0.7115041512770706,12.007306880146693,3386.425752382624,3403.9730000000004,3421.5202476173768,-35.094495234752685,792.2294764752659,1.670314553161307
2019-02-08 03:00:00,3394.0,3407.78,3393.47,3404.08,689.623435,2019-02-08 03:59:59.999,2345252.11447792,4375,389.360014,1324112.56473286,0,50.064793744076425,0.18423577470259647,3403.5695,3401.7185789621662,3412.197763659535,3444.3939831937455,-4.467358389033507,-4.581562865461249,0.11420447642774256,12.171784960136243,3386.4479844805624,3403.5695,3420.6910155194378,-34.243031038875415,782.4574725252405,0.8813558042641788
2019-02-08 04:00:00,3403.77,3404.33,3397.14,3399.84,556.358418,2019-02-08 04:59:59.999,1891952.04872014,3987,278.164902,945965.31488159,0,46.6553003484406,0.02530170815951042,3402.6985,3401.5396666800552,3411.7131454768087,3443.9506599778874,-4.085390115730661,-4.482328315515132,0.3969381997844712,11.815943177269373,3386.779286484708,3402.6985,3418.617713515292,-31.83842703058417,760.9242292371224,0.7311613911384931
2019-02-08 05:00:00,3400.47,3411.0,3399.47,3408.29,723.237605,2019-02-08 05:59:59.999,2464534.4691143,5079,404.502071,1378259.69882573,0,53.45795494355343,0.2570928505243277,3402.138,3402.182555567669,3411.578904477718,3443.595827540297,-3.065495997152084,-4.1989618518425225,1.1334658546904386,11.79551866460729,3388.0223668599165,3402.138,3416.2536331400834,-28.231266280166892,757.3350269288251,0.9549770963755655
2019-02-08 06:00:00,3408.92,3409.94,3400.5,3407.65,658.798687,2019-02-08 06:59:59.999,2244662.83421177,4246,343.957882,1171955.59274174,0,52.90763726838719,0.18904981153822134,3401.4680000000003,3402.7032645612244,3411.4248297923173,3443.2381576145226,-2.2825533572722634,-3.8156801529284707,1.5331267956562074,11.62726733142106,3390.133997873278,3401.4680000000003,3412.8020021267225,-22.66800425344445,747.9506136022703,0.8808050625523282
2019-02-08 07:00:00,3408.66,3408.66,3392.97,3394.78,627.670249,2019-02-08 07:59:59.999,2134026.4613187,5079,285.190648,969680.00692176,0,43.26272560259607,-0.0064801178203181126,3400.8045000000006,3401.948667936346,3410.772091369089,3442.7559868919902,-2.669791421671107,-3.586502406676998,0.9167109850058912,11.917462522033844,3389.5394156567236,3400.8045000000006,3412.0695843432777,-22.530168686554134,736.4953407830066,0.8522392664869964
2019-02-08 08:00:00,3395.24,3429.6,3394.89,3413.8,1305.026695,2019-02-08 08:59:59.999,4453354.87946147,9357,665.745508,2271863.19463097,0,56.022137402895616,0.37606475723387944,3401.2460000000005,3403.0773662281226,3410.890832884027,3442.4678676194335,-1.4254931368359394,-3.154300552708787,1.7288074158728475,13.553358056174265,3388.6768792754838,3401.2460000000005,3413.8151207245173,-25.138241449033558,790.6411840417679,1.6505928622750041
2019-02-08 09:00:00,3413.78,3450.5,3413.78,3426.58,2625.117788,2019-02-08 09:59:59.999,9010482.57164231,14393,1484.347492,5095257.3251412,0,62.1770587564147,0.8292137476459462,3402.223000000001,3405.315712301635,3411.5060943395556,3442.3097793844145,0.5851165522722113,-2.4064171317125873,2.9915336839847986,15.208118195018946,3385.4297129953934,3402.223000000001,3419.0162870046083,-33.58657400921493,965.3532415615996,2.719333892486329
2019-02-08 10:00:00,3426.56,3439.38,3424.71,3432.85,1470.41411,2019-02-08 10:59:59.999,5044717.2553155,8186,704.876756,2418450.2904949,0,64.78131043509958,1.1512237092563369,3403.3805000000007,3407.938025415765,3412.3431102478085,3442.215652226361,2.653883498983305,-1.394357005573409,4.048240504556714,15.169681181089025,3381.8844524073993,3403.3805000000007,3424.876547592602,-42.99209518520274,1013.454276650971,1.4508933889539486
2019-02-08 11:00:00,3433.51,3441.79,3427.96,3430.0,1675.042054,2019-02-08 11:59:59.999,5751335.82636846,7440,1043.377957,3581301.93654845,0,62.66907209388095,1.1945679463993255,3404.5290000000005,3410.0391658523586,3413.0355372969143,3442.0941034479893,4.0171181894379515,-0.31206196657113683,4.329180156009088,15.07398966815409,3379.9749642935863,3404.5290000000005,3429.0830357064146,-49.108071412828394,1076.4626363984976,1.556061490070997
2019-02-08 12:00:00,3430.0,3447.99,3429.0,3439.25,2338.927563,2019-02-08 12:59:59.999,8036348.15060186,9991,1157.994533,3978863.88513811,0,66.48826552835268,1.3236819156708806,3406.3355000000006,3412.821150056896,3414.0635554421337,3442.065803911193,5.777292169829707,0.905808860709032,4.871483309120675,15.353704691857352,3377.3089354155163,3406.3355000000006,3435.362064584485,-58.05312916896855,1196.6973913129264,1.9544853861792952
2019-02-08 13:00:00,3439.1,3449.97,3436.66,3447.0,1101.90546,2019-02-08 13:59:59.999,3793314.64968666,7131,610.123875,2100371.59701524,0,69.32030057607412,1.260839933256565,3408.7945000000004,3416.0762786229056,3415.355180718913,3442.114900389689,7.708741388998533,2.2663953663669325,5.4423460226316,15.207725785296109,3374.883700307456,3408.7945000000004,3442.705299692545,-67.82159938508903,1187.669588330743,0.9277878888426506
2019-02-08 14:00:00,3447.53,3469.89,3445.6,3457.0,1660.792103,2019-02-08 14:59:59.999,5736037.32195065,9159,853.644342,2948734.74658388,0,72.54444790895718,1.6812555884982778,3411.6955000000003,3419.973775896915,3416.9883108867984,3442.263010833573,9.931856972233618,3.7994876875402697,6.132369284693349,15.856459657774957,3371.902996355289,3411.6955000000003,3451.4880036447116,-79.58500728942272,1232.7288754421008,1.3472484794390658
2019-02-08 15:00:00,3456.21,3512.8,3452.97,3507.34,3483.529041,2019-02-08 15:59:59.999,12134001.14846744,20509,1914.054348,6669286.00758525,0,82.5092708767301,2.906149418036616,3417.0850000000005,3428.2943686686376,3420.5315143814337,3442.910543064085,15.576157136053098,6.154821577242836,9.421335558810263,18.997426825076772,3359.1544083179674,3417.0850000000005,3475.0155916820336,-115.86118336406616,1447.0907959714245,2.407263628998155
2019-02-08 16:00:00,3506.42,3733.58,3485.24,3687.0,9099.779952,2019-02-08 16:59:59.999,32811992.3414803,43655,4737.67387,17089220.62183943,0,92.69686469068161,8.197731574545505,3431.3740000000003,3452.933000224006,3430.9812589154953,3445.3392938793677,34.152675416698,11.75439234513387,22.398283071564133,35.37903919471415,3298.0286411282673,3431.3740000000003,3564.719358871733,-266.69071774346594,2175.9183346408126,4.1820411212731186
2019-02-08 17:00:00,3687.15,3692.08,3632.25,3662.59,7484.714692,2019-02-08 17:59:59.999,27408971.68409384,37351,3880.269462,14211811.78499035,0,85.41721961856376,7.888876451493172,3444.7535000000003,3472.9003335360053,3440.0639546442994,3447.500992447732,46.370486885388345,18.677611253184764,27.69287563220358,37.12553639509171,3277.4106575571795,3444.7535000000003,3612.096342442821,-334.6856848856414,2681.51798772264,2.7912230036378083
2019-02-08 18:00:00,3662.6,3677.65,3647.45,3654.03,2807.957403,2019-02-08 18:59:59.999,10273347.13851038,16142,1509.423495,5522686.41826383,0,82.95691753072323,7.037026187825883,3457.4045,3490.1507779611475,3448.4547799523666,3449.5560074482523,54.73155869834682,25.888400742217176,28.84315795612964,36.63085522401375,3267.280201879558,3457.4045,3647.5287981204424,-380.2485962408846,2693.5598367966745,1.0424707721879953
2019-02-08 19:00:00,3654.76,3669.61,3648.23,3668.3,1641.706069,2019-02-08 19:59:59.999,6009405.89039261,9931,941.477044,3446804.75528852,0,83.79489023665101,7.054264018350667,3470.8995,3507.1173705362767,3457.0761611307053,3451.732564588071,61.796882099401046,33.07009701365395,28.726785085747096,35.54150842229849,3261.111380375004,3470.8995,3680.687619624996,-419.5762392499919,2593.3832874827053,0.6330364188447977
2019-02-08 20:00:00,3668.28,3669.99,3657.13,3660.53,1389.670673,2019-02-08 20:59:59.999,5093349.06589114,9761,763.10656,2797126.0968488,0,81.44668070561652,6.632389996650023,3484.237,3521.7280971518694,3465.0547430471483,3453.8101510100805,66.00832485408091,39.65774258173934,26.35058227234157,33.921400677848574,3261.570365522635,3484.237,3706.9036344773654,-445.33326895473056,2478.7439908653046,0.5606350143948832
2019-02-08 21:00:00,3660.53,3664.2,3612.0,3630.93,2070.370072,2019-02-08 21:59:59.999,7537133.79667014,15000,1028.739938,3745946.91461435,0,73.0484865954716,5.858017492711366,3496.308,3532.128278375501,3471.5596550845153,3455.572537567194,66.19440308234425,44.96507468186033,21.229328400483922,35.22701491514509,3269.1338289700134,3496.308,3723.4821710299866,-454.3483420599732,2439.8512366876566,0.8485640603280123
2019-02-08 22:00:00,3630.94,3645.0,3625.36,3633.64,846.12221,2019-02-08 22:59:59.999,3075894.56033143,9125,498.595546,1812613.65856929,0,73.31973359551394,5.652104383223082,3508.2740000000003,3541.7960613873583,3477.9157470419855,3457.344353113789,65.80202103232432,49.13246395195313,16.66955708037119,34.11365670692044,3278.5220436461414,3508.2740000000003,3738.0259563538593,-459.503912707718,2288.0675198602607,0.3697977453268841
2019-02-08 23:00:00,3633.64,3665.0,3630.6,3659.04,1099.696244,2019-02-08 23:59:59.999,4012819.57164457,9589,656.933927,2396958.53687619,0,75.78011775864722,6.151436031331592,3521.022000000001,3552.9621507790384,3485.018658922692,3459.3512749733536,66.77092944290916,52.660157050144335,14.11077239276483,34.13410979928327,3287.3523799130407,3521.022000000001,3754.691620086961,-467.3392401739202,2174.8893031116645,0.505633202768821
2019-02-09 00:00:00,3660.27,3667.89,3641.34,3654.84,1314.917659,2019-02-09 00:59:59.999,4804343.24449204,11299,709.863427,2594089.48161166,0,74.5557991567571,5.722881110789706,3533.772000000001,3562.664803085797,3491.6783193570964,3461.296436416405,66.43408071111162,55.41494178233779,11.019138928773828,33.592387670763024,3300.1154756922365,3533.772000000001,3767.428524307765,-467.3130486155287,2092.9872417676966,0.6282492471810033
2019-02-09 01:00:00,3654.39,3656.74,3641.45,3644.3,876.969058,2019-02-09 01:59:59.999,3198378.42523391,8423,462.80426,1688014.10286712,0,71.4366492204868,3.904953611568882,3545.572500000001,3570.439583744292,3497.663483303877,3463.1173673973367,64.5722866253891,57.24641075094806,7.325875874441039,32.28507426570852,3314.778135216551,3545.572500000001,3776.366864783451,-461.58872956689993,1977.175986170773,0.4435462822398725
2019-02-09 02:00:00,3644.28,3647.51,3635.0,3645.62,867.02469,2019-02-09 02:59:59.999,3158615.40377623,8505,549.636496,2002507.52893575,0,71.59691409686612,-1.1223216707350179,3557.4710000000005,3577.5996233876926,3503.4656996449016,3464.9333139903983,62.48304867645629,58.29373833604971,4.1893103404065855,30.872568961015073,3332.1435962982873,3557.4710000000005,3782.7984037017136,-450.6548074034263,1871.447291297366,0.4632910015856989
2019-02-09 03:00:00,3645.61,3649.67,3640.0,3646.45,842.748098,2019-02-09 03:59:59.999,3072761.19307064,7169,527.825851,1924642.22546133,0,71.70442106844055,-0.44067176506243744,3570.054500000001,3584.1568021126745,3509.0729271098076,3466.7394501695985,60.20033462898573,58.67505759463692,1.525277034348811,29.358099749514,3355.11211060961,3570.054500000001,3784.996889390392,-429.88477878078174,1773.4759395547599,0.47519567601891244
2019-02-09 04:00:00,3647.19,3656.61,3642.19,3652.72,846.416655,2019-02-09 04:59:59.999,3089532.66663878,7653,399.287462,1457652.71287257,0,72.54968542981524,-0.03585082771625849,3582.0005000000006,3590.686630482896,3514.7061456545207,3468.5900029042296,58.226010692887485,58.585248214287034,-0.35923752139954956,28.29109262454872,3377.3107096007398,3582.0005000000006,3786.6902903992614,-409.3795807985216,1685.1845791209732,0.5022694044835778
2019-02-09 05:00:00,3652.72,3653.36,3643.78,3648.32,616.661062,2019-02-09 05:59:59.999,2250229.80141397,6144,363.497685,1326492.70856179,0,70.9479757428916,-0.5446664667557184,3593.087500000001,3596.175522817858,3519.9459046484612,3470.378361084287,55.664634267820475,58.001125424993724,-2.336491157173249,26.954586008509523,3400.1602506763534,3593.087500000001,3786.0147493236486,-385.85449864729526,1583.4204346332615,0.3894487203222345
2019-02-09 06:00:00,3647.31,3653.79,3646.24,3647.14,636.10581,2019-02-09 06:59:59.999,2321458.71994484,6399,347.985443,1269999.48361063,0,70.49846307862673,-0.3657940243626012,3603.802000000001,3601.0292825494907,3524.933908387737,3472.1371833620556,52.92937200581309,56.9867747411576,-4.05740273534451,25.568544150758857,3425.064325168361,3603.802000000001,3782.539674831641,-357.4753496632802,1493.1999941919985,0.4260017495809127
2019-02-09 07:00:00,3647.14,3666.46,3646.3,3660.86,1168.242348,2019-02-09 07:59:59.999,4272816.46221185,9046,675.459228,2470430.75122832,0,72.66690373459099,0.8243067203168415,3615.3450000000003,3606.727446116206,3530.264343352924,3474.0150223335777,51.277649469986045,55.8449496869233,-4.567300216937255,25.182219568561788,3454.994951274323,3615.3450000000003,3775.6950487256777,-320.70009745135485,1462.2516469356176,0.7989338568694648
2019-02-09 08:00:00,3661.95,3677.32,3651.69,3660.54,2100.396701,2019-02-09 08:59:59.999,7701809.31133929,13590,1167.452019,4281059.28550799,0,72.53299187479067,0.7403044880615607,3626.4095000000007,3611.852451247996,3535.373192633201,3475.8709922606067,49.37367711889601,54.55069517331785,-5.177018054421836,25.2142038850931,3488.2125909820443,3626.4095000000007,3764.606409017957,-276.3938180359128,1523.0273663703208,1.379093210915616
2019-02-09 09:00:00,3660.56,3670.23,3653.04,3657.54,1176.311169,2019-02-09 09:59:59.999,4305477.41752098,7549,673.594849,2465548.22501829,0,71.20813801454803,-0.04099435917617736,3636.9365000000003,3616.2036463672343,3540.164047824056,3477.678644078909,47.07998166298421,53.05655247125112,-5.976570808266914,24.64104646472931,3527.121040772823,3636.9365000000003,3746.7519592271774,-219.6309184543543,1490.006776144576,0.7894669929245087
2019-02-09 10:00:00,3657.53,3669.0,3655.02,3661.01,988.815613,2019-02-09 10:59:59.999,3620295.97498503,7779,563.528931,2063338.34465723,0,71.84864603822685,0.1688172396055661,3647.1369999999997,3620.4709181417834,3544.9031047721323,3479.5028366751394,45.023211927862576,51.44988436257342,-6.426672434710845,23.879543145820076,3576.943729937133,3647.1369999999997,3717.3302700628665,-140.38654012573352,1442.2742844165211,0.6855947053094897
2019-02-09 11:00:00,3660.6,3665.32,3656.39,3662.02,871.256995,2019-02-09 11:59:59.999,3189536.36392085,7253,523.499791,1916535.52086514,0,72.04359134546847,0.48623878385423264,3654.8710000000005,3624.4279735568516,3549.495924192833,3481.3189278525015,42.97926741256333,49.75576097257141,-6.776493560008078,22.81171863540438,3630.223124549481,3654.8710000000005,3679.51887545052,-49.295750901039355,1387.8916854244715,0.6277557565549761
2019-02-09 12:00:00,3662.32,3666.89,3645.0,3654.36,1109.547376,2019-02-09 12:59:59.999,4057153.28980446,9843,583.496473,2133863.80268615,0,68.18697026327902,0.23973974248550964,3653.2390000000005,3627.2786427419132,3553.608240891154,3483.040729565412,40.27704002977816,47.860016784012764,-7.5829767542346005,22.745881590018342,3633.770107781278,3653.2390000000005,3672.707892218723,-38.93778443744486,1361.3827035745219,0.8150150380834947
2019-02-09 13:00:00,3655.3,3669.25,3653.69,3664.0,1267.818672,2019-02-09 13:59:59.999,4640685.50031622,10894,643.936957,2357195.01401505,0,70.3389172350158,0.4812900218020316,3653.3094999999994,3630.775914861731,3557.937329483658,3484.8413193209803,38.469915555746866,45.98199653835958,-7.512080982612716,22.23260433358846,3633.6884163072755,3653.3094999999994,3672.9305836927233,-39.24216738544783,1352.4718434245674,0.9374085517298322
2019-02-09 14:00:00,3664.0,3680.02,3651.05,3660.29,1595.553269,2019-02-09 14:59:59.999,5843641.89370666,9533,850.091617,3114481.66284886,0,68.42070937819643,0.20724282178760386,3653.6224999999995,3633.586780112995,3561.951159699985,3486.5870773376873,36.31971928058556,44.04954108680478,-7.7298218062192205,22.71384688118927,3633.754849620735,3653.6224999999995,3673.490150379264,-39.735300758528865,1375.6224553841325,1.159877307000236
2019-02-09 15:00:00,3660.45,3662.39,3640.0,3645.02,1298.536612,2019-02-09 15:59:59.999,4738630.01693201,8952,599.25345,2187025.28772049,0,61.04202809011631,-0.09045259187791042,3652.4584999999997,3634.6756581974714,3565.208761280378,3488.163524329352,33.00307297633617,41.840247464711055,-8.837174488374885,22.690714961104312,3633.5047454486557,3652.4584999999997,3671.4122545513437,-37.90750910268798,1368.2809464904058,0.9490277675288123
2019-02-09 16:00:00,3645.02,3652.84,3625.13,3646.22,1353.6396,2019-02-09 16:59:59.999,4931414.25718696,9918,735.513961,2680084.65523413,0,61.394373546843624,-0.025225244986484555,3651.743,3635.7751193215217,3568.385672602716,3489.7362255798066,30.124184014586717,39.497034774686185,-9.372850760099467,23.049235321025435,3632.992876800042,3651.743,3670.493123199958,-37.50024639991625,1366.8865325389386,0.9903086816472374
2019-02-09 17:00:00,3645.95,3647.85,3636.31,3642.66,967.540567,2019-02-09 17:59:59.999,3523539.26757065,7516,485.140222,1766879.99389535,0,59.67019117561842,-0.4971509426746795,3652.3294999999994,3636.4308222432815,3571.2983913241783,3491.2578551760275,27.241360081425682,37.04589983603409,-9.804539754608406,22.22714708380933,3635.7074848263,3652.3294999999994,3668.9515151736987,-33.24403034739862,1328.853583439992,0.7281017104196957
2019-02-09 18:00:00,3642.66,3645.0,3637.39,3640.37,668.174077,2019-02-09 18:59:59.999,2433646.11300865,6433,404.789448,1474442.35190553,0,58.5314781520925,-0.551011599381514,3652.6659999999997,3636.8059820296353,3574.0070818604854,3492.7415581095997,24.489616429161288,34.53464315465953,-10.04502672549824,21.18306514925153,3637.421662448565,3652.6659999999997,3667.9103375514346,-30.48867510286982,1265.9317256838021,0.5278120955844448
2019-02-09 19:00:00,3640.06,3655.0,3640.05,3652.19,996.994913,2019-02-09 19:59:59.999,3639156.28115052,6513,535.672632,1955218.21981787,0,62.50848655228267,-0.14627317814705812,3652.3234999999995,3638.2711265982416,3577.0730786502704,3494.328109770201,22.99751395027397,32.22721731378242,-9.229703363508449,20.737846210019264,3637.3772506548517,3652.3234999999995,3667.2697493451474,-29.892498690295724,1240.3186959043926,0.8038215631935063
2019-02-09 20:00:00,3653.56,3658.41,3650.0,3656.62,1005.92485,2019-02-09 20:59:59.999,3675775.02051724,6371,406.904502,1486836.42931351,0,63.9056527760088,-0.11991226464828905,3652.4125000000004,3640.0186383507903,3580.1925657620245,3495.942954449105,21.919798173934396,30.165733485812815,-8.24593531187842,19.85728576644645,3637.382193948105,3652.4125000000004,3667.442806051896,-30.060612103790845,1217.9954724849265,0.8258855412226904
2019-02-09 21:00:00,3657.42,3669.73,3655.0,3665.78,1045.751386,2019-02-09 21:59:59.999,3828759.47706226,6179,467.372019,1711323.6034176,0,66.67137719930275,0.10267557249824463,3653.4865000000004,3642.4721013650005,3583.548935732141,3497.6328753003577,21.556347942626417,28.44385637717554,-6.887508434549122,19.49105106884313,3637.8398702632494,3653.4865000000004,3669.1331297367515,-31.293259473502076,1201.5912737720764,0.8703054098563328
2019-02-09 22:00:00,3665.78,3667.32,3656.0,3660.37,713.021311,2019-02-09 22:59:59.999,2610316.0858965,4663,285.620309,1045788.89665676,0,63.57303669432409,0.16446108210465754,3654.2240000000006,3644.1766631397622,3586.561526487744,3499.252150172991,20.594370149520728,26.87395913164458,-6.279588982123851,18.907404563925777,3638.749039035401,3654.2240000000006,3669.6989609646002,-30.949921929199263,1155.0608011271167,0.6173019725924631
2019-02-09 23:00:00,3660.83,3673.0,3657.2,3665.18,431.465228,2019-02-09 23:59:59.999,1580527.87996186,4585,245.915718,900927.97546295,0,65.12484598360582,0.03220524017466802,3655.160500000001,3646.1769809359753,3589.644603880381,3500.903173554355,19.989693871166764,25.49710607954902,-5.507412208382256,18.685447095073947,3639.4020490003445,3655.160500000001,3670.918950999657,-31.516901999312722,1086.1469370197724,0.3972438841321757
